,Time,Returns_BBAS3
0,2012-10-02,0.003992021269537904
1,2012-10-03,-0.010815246617663199
2,2012-10-04,-0.012563488452064675
3,2012-10-05,-0.042488689917897116
4,2012-10-08,-0.030239929049368452
5,2012-10-09,-0.0013166120250969193
6,2012-10-10,-0.01459875485787343
7,2012-10-11,0.029420342339824934
8,2012-10-15,-0.00043285002985182786
9,2012-10-16,-0.013072125427002756
10,2012-10-17,0.010471387129722398
11,2012-10-18,-0.006094968670273371
12,2012-10-19,-0.008771942019974777
13,2012-10-22,0.0
14,2012-10-23,-0.03132251518190321
15,2012-10-24,-0.010050289939820267
16,2012-10-25,0.019100170504782188
17,2012-10-26,-0.019100170504782188
18,2012-10-29,0.005037702433314362
19,2012-10-30,0.0009132877555648733
20,2012-10-31,-0.011014338059107232
21,2012-11-01,0.06347080781813608
22,2012-11-05,-0.028554498148629204
23,2012-11-06,0.024649090711375
24,2012-11-07,-0.02420355719745748
25,2012-11-08,-0.04556596673762048
26,2012-11-09,-0.023585997893229127
27,2012-11-12,-0.008629056212821506
28,2012-11-13,0.020019781584257323
29,2012-11-14,-0.001416812482179619
30,2012-11-16,-0.011885093549556469
31,2012-11-19,0.0014337397573394028
32,2012-11-21,0.0028611845255412938
33,2012-11-22,-0.004294924282880697
34,2012-11-23,0.02782542169307467
35,2012-11-26,0.017519996716323316
36,2012-11-27,0.0009137049725147506
37,2012-11-28,0.0
38,2012-11-29,0.017651555438488842
39,2012-11-30,-0.01719503865356886
40,2012-12-03,0.006822814887064599
41,2012-12-04,-0.00045341195305947934
42,2012-12-05,0.01797810219031204
43,2012-12-06,-0.0040169657220756605
44,2012-12-07,0.02123969177819296
45,2012-12-10,0.0069808311413401825
46,2012-12-11,0.0
47,2012-12-12,0.008658105846561792
48,2012-12-13,-0.027973939472095477
49,2012-12-14,-0.008010724102590405
50,2012-12-17,-0.004478198258639932
51,2012-12-18,0.03093481247822405
52,2012-12-19,0.05172840206434426
53,2012-12-20,0.0325231503832466
54,2012-12-21,0.007968209331715936
55,2012-12-26,-0.007968209331715936
56,2012-12-27,0.0023970846954908254
57,2012-12-28,0.021319441921825444
58,2013-01-02,0.00778210168236404
59,2013-01-03,0.019574603875957663
60,2013-01-04,-0.012237208390439847
61,2013-01-07,0.0061373418575332295
62,2013-01-08,0.011407005600559295
63,2013-01-09,0.009407406747895308
64,2013-01-10,-0.015094701698481927
65,2013-01-11,-0.01224188991845132
66,2013-01-14,0.03479927536533989
67,2013-01-15,-0.00746268374840664
68,2013-01-16,0.005974625465786421
69,2013-01-17,-0.0018633133768211074
70,2013-01-18,-0.023015466013362573
71,2013-01-21,-0.010358849384416224
72,2013-01-22,0.0
73,2013-01-23,-0.01672214738619271
74,2013-01-24,-0.003929278139889636
75,2013-01-28,-0.02754119449341852
76,2013-01-29,0.012467525507692923
77,2013-01-30,-0.008831892190410251
78,2013-01-31,-0.016260480549198597
79,2013-02-01,-0.004106823104917723
80,2013-02-04,-0.018692091859888293
81,2013-02-05,0.008766451649421914
82,2013-02-06,-0.005417767063490064
83,2013-02-07,-0.011769786982340324
84,2013-02-08,0.007162448989212145
85,2013-02-13,0.0016778946537634454
86,2013-02-14,-0.002517919920296041
87,2013-02-15,0.024897593638534943
88,2013-02-18,-0.01320151185853602
89,2013-02-19,0.018515278596185514
90,2013-02-20,-0.009420589842567217
91,2013-02-21,0.039932791028955084
92,2013-02-22,0.016859760265975243
93,2013-02-25,-0.0121260631570963
94,2013-02-26,-0.0007874410010710875
95,2013-02-27,0.029493834179930456
96,2013-02-28,0.0072395058042031835
97,2013-03-01,0.007941013708028688
98,2013-03-04,-0.0011305447055018902
99,2013-03-05,-0.005293055935999824
100,2013-03-06,0.01055820536890062
101,2013-03-07,0.00449106285376244
102,2013-03-08,0.018131819253171866
103,2013-03-11,-0.01366091024970384
104,2013-03-12,-0.011591081352864574
105,2013-03-13,-0.010206098797812313
106,2013-03-14,0.0037921926370629855
107,2013-03-15,-0.0026530241068076776
108,2013-03-18,-0.015682057548573436
109,2013-03-19,0.016440820848277582
110,2013-03-20,0.016920839566456625
111,2013-03-21,-0.0007460276501549679
112,2013-03-22,-0.007490634415723729
113,2013-03-25,-0.006033162982685969
114,2013-03-26,0.007911097806885703
115,2013-03-27,0.009337135995939772
116,2013-03-28,0.0
117,2013-04-01,0.02423912325319355
118,2013-04-02,0.0003628151747188113
119,2013-04-03,-0.019041256711792354
120,2013-04-04,-0.022808915518945483
121,2013-04-05,0.005281000480131581
122,2013-04-08,0.016418279246953382
123,2013-04-09,0.020876055697141904
124,2013-04-10,0.02115911824133976
125,2013-04-11,0.0049557623549847385
126,2013-04-12,0.001058761348242232
127,2013-04-15,-0.01779406380046833
128,2013-04-16,0.010714388212406334
129,2013-04-17,-0.019731581862594716
130,2013-04-18,-0.028295108285572024
131,2013-04-19,-0.008609448649878892
132,2013-04-22,0.0003759067818007722
133,2013-04-23,0.006368255034870707
134,2013-04-24,-0.021895928669335873
135,2013-04-25,-0.021605855884080594
136,2013-04-26,
137,2013-04-29,
138,2013-04-30,0.011151091477745734
139,2013-05-02,-0.01155165228424515
140,2013-05-03,-0.006834117051178978
141,2013-05-06,-0.01708747771477226
142,2013-05-07,0.041789888660900054
143,2013-05-08,0.0019657565198896165
144,2013-05-09,-0.007094945016344223
145,2013-05-10,0.005522656925690317
146,2013-05-13,-0.0114739539988844
147,2013-05-14,0.005159805159921316
148,2013-05-15,-0.02322891788515813
149,2013-05-16,0.019659610110037473
150,2013-05-17,0.03398104659560097
151,2013-05-20,0.020148904028896464
152,2013-05-21,-0.012116770734089233
153,2013-05-22,0.016248232009790087
154,2013-05-23,-0.0011250704355694197
155,2013-05-24,0.0014998502717951112
156,2013-05-27,0.004858876969883852
157,2013-05-28,-0.0011191569696547
158,2013-05-29,-0.034944686031128214
159,2013-05-31,-0.018334860828258748
160,2013-06-03,0.0051050963985055375
161,2013-06-04,-0.01937968425499692
162,2013-06-05,-0.023844329347323612
163,2013-06-06,-0.0036877729280773153
164,2013-06-07,-0.027467393557421005
165,2013-06-10,0.010075651565743193
166,2013-06-11,-0.024953757786014386
167,2013-06-12,-0.04421819047385167
168,2013-06-13,0.020820198814820223
169,2013-06-14,0.004810899390664147
170,2013-06-17,0.002614380574070818
171,2013-06-18,-0.01667436614236939
172,2013-06-19,-0.03192004042643015
173,2013-06-20,-0.034389960359523464
174,2013-06-21,-0.0014193993057420862
175,2013-06-24,-0.002370278370447121
176,2013-06-25,0.008506667554328384
177,2013-06-26,0.0023501303965955955
178,2013-06-27,0.010275709526561982
179,2013-06-28,0.02478323320085618
180,2013-07-01,0.004071527996704738
181,2013-07-02,-0.05808833752037934
182,2013-07-03,-0.029128322184108324
183,2013-07-04,0.015155606635845587
184,2013-07-05,-0.008282629163320454
185,2013-07-08,-0.0014688374374283164
186,2013-07-10,0.006349276364149059
187,2013-07-11,0.030210831960871154
188,2013-07-12,-0.008062647423350722
189,2013-07-15,0.02770780680329299
190,2013-07-16,0.027862089396561984
191,2013-07-17,0.008968624937716108
192,2013-07-18,0.008446371618917592
193,2013-07-19,-0.012024192966801461
194,2013-07-22,0.019521471745020058
195,2013-07-23,0.01222726997233714
196,2013-07-24,-0.00784317711927196
197,2013-07-25,-0.011881371631283777
198,2013-07-26,
199,2013-07-29,
200,2013-07-30,0.010957812429174485
201,2013-07-31,-0.01183969077376501
202,2013-08-01,0.02095231601280556
203,2013-08-02,-0.014795788076368499
204,2013-08-05,-0.026656399574303435
205,2013-08-06,-0.036217527861968524
206,2013-08-07,-0.004679465721959097
207,2013-08-08,0.036384440800113715
208,2013-08-09,0.021919866180482916
209,2013-08-12,0.015368073801297566
210,2013-08-13,0.016850646778872047
211,2013-08-14,0.005554340396936919
212,2013-08-15,-0.011570645479635377
213,2013-08-16,-0.0021575412434682306
214,2013-08-19,-0.027590977260753657
215,2013-08-20,-0.009817169648466795
216,2013-08-21,-0.014453684647547593
217,2013-08-22,-0.0013657638962092378
218,2013-08-23,0.01312528430311577
219,2013-08-26,-0.019982545458899104
220,2013-08-27,0.0
221,2013-08-28,0.013667684600224383
222,2013-08-29,0.02325690637293132
223,2013-08-30,0.018831211162070094
224,2013-09-02,0.008639405974657066
225,2013-09-03,-0.009507374779148314
226,2013-09-04,0.00778541994725046
227,2013-09-05,0.015391539746572036
228,2013-09-06,0.009710821712581641
229,2013-09-09,0.018318622540492324
230,2013-09-10,0.01677273928758538
231,2013-09-11,-0.01883753452736725
232,2013-09-12,-0.017094432646552082
233,2013-09-13,0.009208897033166075
234,2013-09-16,0.0058163438964182745
235,2013-09-17,0.016026724792441716
236,2013-09-18,0.03288183100038644
237,2013-09-19,0.00981362144832465
238,2013-09-20,-0.003129893008927631
239,2013-09-23,0.023621582785743556
240,2013-09-24,-0.0072978238235346105
241,2013-09-25,-0.0073515903290530815
242,2013-09-26,-0.0019435962980658417
243,2013-09-27,0.026115078569982852
244,2013-09-30,-0.02029550842722383
245,2013-10-01,0.009241498194198616
246,2013-10-02,0.001914570791891279
247,2013-10-03,0.00038252057040377707
248,2013-10-04,0.0038167985267008042
249,2013-10-07,0.0026631174194835516
250,2013-10-08,-0.011079349033431996
251,2013-10-09,0.017139973645122986
252,2013-10-10,0.01201211913457012
253,2013-10-11,-0.0044876291559545756
254,2013-10-14,0.014142364740303393
255,2013-10-15,-0.0003696174638130323
256,2013-10-16,0.021938759644430483
257,2013-10-17,0.004690645354973544
258,2013-10-18,0.020310656850444087
259,2013-10-21,-0.008857453834061335
260,2013-10-22,0.0017777782459993396
261,2013-10-23,-0.005342844410495484
262,2013-10-24,0.012069724087330425
263,2013-10-25,0.011577045632744198
264,2013-10-28,-0.0038441774379012195
265,2013-10-29,0.0031463407033713864
266,2013-10-30,0.02106795243122983
267,2013-10-31,0.0166077363996604
268,2013-11-01,-0.0016820525129519481
269,2013-11-04,0.006376863361153617
270,2013-11-05,-0.014490565749688322
271,2013-11-06,-0.025091504098953887
272,2013-11-07,-0.004884866656977849
273,2013-11-08,-0.02658317086800155
274,2013-11-11,0.008939805649933241
275,2013-11-12,-0.05450242532849847
276,2013-11-13,-0.0064114871714560095
277,2013-11-14,0.016882749836369282
278,2013-11-18,0.004824689351957456
279,2013-11-19,-0.03427185347587658
280,2013-11-21,-0.023256862164267478
281,2013-11-22,-0.03390155167568132
282,2013-11-25,-0.026723070140753258
283,2013-11-26,0.030771658666753687
284,2013-11-27,0.025923685009791253
285,2013-11-28,0.00275207570499747
286,2013-11-29,0.00976761075968069
287,2013-12-02,-0.03199953121507981
288,2013-12-03,-0.021096158046670865
289,2013-12-04,-0.021550688983090094
290,2013-12-05,0.038221130604026765
291,2013-12-06,0.0012089866717204245
292,2013-12-09,0.00922031004361612
293,2013-12-10,-0.018526466625374383
294,2013-12-11,-0.027613541018034926
295,2013-12-12,-0.005027283420671491
296,2013-12-13,0.007948211848335163
297,2013-12-16,0.0016653209163979277
298,2013-12-17,0.0008315177194284651
299,2013-12-18,0.005802005501181817
300,2013-12-19,0.008230457814202286
301,2013-12-20,0.004089985251525263
302,2013-12-23,0.0008159935173290833
303,2013-12-26,-0.0028588542473348966
304,2013-12-27,-0.006977249443217648
305,2013-12-30,0.004930124921698198
306,2014-01-02,-0.016529301951210496
307,2014-01-03,0.010362787035546273
308,2014-01-06,-0.01495669790429277
309,2014-01-07,-0.017310924519303494
310,2014-01-08,-0.020220090912621114
311,2014-01-09,-0.038091407556130275
312,2014-01-10,0.03548048358839351
313,2014-01-13,-0.010953011539318602
314,2014-01-14,0.03122538962935195
315,2014-01-15,-0.010732019725286257
316,2014-01-16,-0.007364122515135296
317,2014-01-17,-0.02643325706815558
318,2014-01-20,-0.0044743252379713105
319,2014-01-21,0.0044743252379713105
320,2014-01-22,0.0026749459257047192
321,2014-01-23,-0.04321796150706003
322,2014-01-24,-0.015932858132865046
323,2014-01-27,0.01220672433871206
324,2014-01-28,-0.01126239001320739
325,2014-01-29,-0.04537462591973007
326,2014-01-30,-0.0074349784875180625
327,2014-01-31,0.03855071263364884
328,2014-02-03,-0.03755613276535241
329,2014-02-04,0.032276638860949
330,2014-02-05,-0.006760141630527183
331,2014-02-06,0.045462422526370894
332,2014-02-07,-0.005105604035700484
333,2014-02-10,0.026631509614226
334,2014-02-11,-0.010018298727045849
335,2014-02-12,0.002285715280855971
336,2014-02-13,-0.05731958718222652
337,2014-02-14,-0.010206698819010374
338,2014-02-17,0.0004884493500889597
339,2014-02-18,-0.02973464924469127
340,2014-02-19,-0.011636812611345526
341,2014-02-20,0.039905593073294554
342,2014-02-21,-0.0108162802089109
343,2014-02-24,-0.025533352715105373
344,2014-02-25,0.0035435116804953815
345,2014-02-26,-0.01476234457534309
346,2014-02-27,0.03971373755338359
347,2014-02-28,0.020005545457416396
348,2014-03-05,0.0
349,2014-03-06,-0.02197895502795255
350,2014-03-07,-0.01844064262593248
351,2014-03-10,-0.009095464421252863
352,2014-03-11,0.02258560188732872
353,2014-03-12,-0.04569322765889838
354,2014-03-13,-0.006253329555548692
355,2014-03-14,-0.015275462030027498
356,2014-03-17,-0.007458691811741858
357,2014-03-18,0.013280406962407287
358,2014-03-19,0.044887544602959295
359,2014-03-20,0.05305763006892317
360,2014-03-21,-0.011065785277088125
361,2014-03-24,0.005788776276291596
362,2014-03-25,0.0024020669151978424
363,2014-03-26,0.012872692345975878
364,2014-03-27,0.0642127456874988
365,2014-03-28,-0.012966915711658533
366,2014-03-31,0.02576775289376254
367,2014-04-01,-0.00087749018355332
368,2014-04-02,0.04085706853048032
369,2014-04-03,-0.01571486967942759
370,2014-04-04,0.008949516179795225
371,2014-04-07,0.05489308652262226
372,2014-04-08,-0.028928437509330163
373,2014-04-09,-0.03277608445851232
374,2014-04-10,0.001707256033391058
375,2014-04-11,0.016074753574440326
376,2014-04-14,-0.015222323855303976
377,2014-04-15,-0.012864628811061873
378,2014-04-16,-0.002592870886685361
379,2014-04-17,0.04236126611204494
380,2014-04-22,0.006202169846259764
381,2014-04-23,-0.01704468618155408
382,2014-04-24,-0.007153407318545302
383,2014-04-25,-0.015319448533513302
384,2014-04-28,0.005559176053918868
385,2014-04-29,0.019007921401254624
386,2014-04-30,-0.02156992109469158
387,2014-05-02,0.019475679491576692
388,2014-05-05,0.01951483976361601
389,2014-05-06,0.015504227021794215
390,2014-05-07,0.01247246076976749
391,2014-05-08,-0.043725002988607375
392,2014-05-09,-0.015151846791695789
393,2014-05-12,0.008025386262877632
394,2014-05-13,0.005872500098131006
395,2014-05-14,0.004173628762928594
396,2014-05-15,-0.0008333333815588873
397,2014-05-16,0.002497878120124586
398,2014-05-19,-0.010449416311106408
399,2014-05-20,-0.002945468212949276
400,2014-05-21,-0.07524317490930166
401,2014-05-22,0.03482499159811603
402,2014-05-23,-0.017260928275492304
403,2014-05-26,0.001784166356780581
404,2014-05-27,0.006219433503741101
405,2014-05-28,0.03310406813689415
406,2014-05-29,-0.006016305082698459
407,2014-05-30,-0.013452231498436884
408,2014-06-02,-0.0017489729370607776
409,2014-06-03,0.013043663192029431
410,2014-06-04,-0.002595157165839357
411,2014-06-05,0.0034587150778810916
412,2014-06-06,0.051724793854871276
413,2014-06-09,0.0286830806951075
414,2014-06-10,0.0294311990192071
415,2014-06-11,0.010003930679598039
416,2014-06-13,0.009146404877503844
417,2014-06-16,0.00831130571452654
418,2014-06-17,-0.016692383344571127
419,2014-06-18,-0.010382635087778702
420,2014-06-20,-0.00971069935215585
421,2014-06-23,-0.00823053816852104
422,2014-06-24,0.014844061335899106
423,2014-06-25,-0.01287830481600949
424,2014-06-26,-0.005909018805005495
425,2014-06-27,-0.005149506430755402
426,2014-06-30,-0.013192276073563658
427,2014-07-01,0.0036152278054828457
428,2014-07-02,-0.016983869280109865
429,2014-07-03,0.005287789420688416
430,2014-07-04,-0.0016239954518466604
431,2014-07-07,0.009704847505785263
432,2014-07-08,0.016364364379707563
433,2014-07-10,0.03882475195230484
434,2014-07-11,-0.005345526181581128
435,2014-07-14,0.032023757380333695
436,2014-07-15,0.006651946306541756
437,2014-07-16,0.007339482488045945
438,2014-07-17,0.005469475804535495
439,2014-07-18,0.026199237592872127
440,2014-07-21,0.022764037133188086
441,2014-07-22,0.00690137326673268
442,2014-07-23,0.007878067939433464
443,2014-07-24,0.0101834552811213
444,2014-07-25,-0.010865980904886552
445,2014-07-28,-0.006164402870999286
446,2014-07-29,-0.015579369709961988
447,2014-07-30,-0.006651556234772649
448,2014-07-31,-0.02669672791858746
449,2014-08-01,-0.0171006171374124
450,2014-08-04,0.012399867119941455
451,2014-08-05,0.0093795781440984
452,2014-08-06,0.012134374226299816
453,2014-08-07,-0.008192458999363161
454,2014-08-08,-0.029397835220285273
455,2014-08-11,0.020777091866721165
456,2014-08-12,-0.00506326588150996
457,2014-08-13,0.002534855603188113
458,2014-08-14,0.035876694431681955
459,2014-08-15,0.018666321120785145
460,2014-08-18,0.0010268356023437342
461,2014-08-19,0.019983730213438022
462,2014-08-20,0.014977813697034659
463,2014-08-21,0.003298188951260439
464,2014-08-22,-0.0046205031935206975
465,2014-08-25,0.03286451618011821
466,2014-08-26,0.0060635258379910795
467,2014-08-27,0.04570986775212171
468,2014-08-28,0.01088269507089068
469,2014-08-29,0.056690697380653354
470,2014-09-01,0.006512807864238468
471,2014-09-02,0.055714751443419974
472,2014-09-03,-0.015062065073778275
473,2014-09-04,-0.05945665922725185
474,2014-09-05,-0.01652927271144522
475,2014-09-08,-0.0512932620699158
476,2014-09-09,-0.004318452115303906
477,2014-09-10,-0.015890598146923285
478,2014-09-11,0.0071976527288812875
479,2014-09-12,-0.03522499728327899
480,2014-09-15,0.026770241917805304
481,2014-09-16,0.043083647703334726
482,2014-09-17,0.0
483,2014-09-18,-0.015786636051122294
484,2014-09-19,-0.018842256286738746
485,2014-09-22,-0.0485563608206836
486,2014-09-23,-0.013511492864531238
487,2014-09-24,-0.004655778357693041
488,2014-09-25,-0.026344009562737636
489,2014-09-26,0.02066122642723922
490,2014-09-29,-0.08936072889450486
491,2014-09-30,-0.07534951342437024
492,2014-10-01,0.015686674603897277
493,2014-10-02,-0.00977524852241718
494,2014-10-03,0.021765297171298048
495,2014-10-06,0.1126007126494275
496,2014-10-07,0.03808375920134477
497,2014-10-08,0.006263412597547369
498,2014-10-09,0.03772815668398666
499,2014-10-10,-0.048631948838036454
500,2014-10-13,0.10642307386644445
501,2014-10-14,-0.005991659716344078
502,2014-10-15,-0.03922068310520377
503,2014-10-16,-0.026600681797178893
504,2014-10-17,0.026288132958879107
505,2014-10-20,-0.06689620085515013
506,2014-10-21,-0.06275757676657667
507,2014-10-22,-0.02340337195428832
508,2014-10-23,-0.0954923421077245
509,2014-10-24,0.03156076483205794
510,2014-10-27,-0.05303215842718645
511,2014-10-28,0.0684467218283733
512,2014-10-29,-0.026740636658969752
513,2014-10-30,0.06794496725729093
514,2014-10-31,0.017461338518433678
515,2014-11-03,-0.013067300038745788
516,2014-11-04,0.049190207654418394
517,2014-11-05,-0.08262578878296756
518,2014-11-06,-0.043233248423199644
519,2014-11-07,0.024933118616206507
520,2014-11-10,-0.038836023785198126
521,2014-11-11,-0.014504726787297972
522,2014-11-12,0.026433258126879355
523,2014-11-13,-0.015535026933692908
524,2014-11-14,-0.017412871629963522
525,2014-11-17,0.024214258120594412
526,2014-11-18,0.03602582225676221
527,2014-11-19,0.05754299158984644
528,2014-11-21,0.07987506891532847
529,2014-11-24,-0.035486459168290185
530,2014-11-25,0.014482942806431254
531,2014-11-26,-0.012747769748049809
532,2014-11-27,0.010348454033219934
533,2014-11-28,0.019035313028718637
534,2014-12-01,-0.07587072400016126
535,2014-12-02,-0.020922106526408246
536,2014-12-03,0.0014826170522117543
537,2014-12-04,-0.01342305786967879
538,2014-12-05,0.021905498551018088
539,2014-12-08,-0.053557331699819244
540,2014-12-09,-0.02550654315360923
541,2014-12-10,-0.05012252991195787
542,2014-12-11,0.041740960357405044
543,2014-12-12,-0.07142931549536913
544,2014-12-15,-0.0494145066845606
545,2014-12-16,-0.028442329443338465
546,2014-12-17,0.07570212725718672
547,2014-12-18,0.005163479741593147
548,2014-12-19,0.04407853187540001
549,2014-12-22,0.00899433700448915
550,2014-12-23,-0.0036697288889624424
551,2014-12-26,0.002855355863205844
552,2014-12-29,-0.010235504313092836
553,2014-12-30,-0.02205202782213611
554,2015-01-02,-0.04826442944305942
555,2015-01-05,-0.020968870006822016
556,2015-01-06,0.013879784049003252
557,2015-01-07,0.04307822898867153
558,2015-01-08,0.0034013213786674434
559,2015-01-09,-0.04425876336136181
560,2015-01-12,-0.017454056486057024
561,2015-01-13,-0.005886365196610566
562,2015-01-14,0.007239850627687172
563,2015-01-15,-0.006331952265457463
564,2015-01-16,0.01172760396625927
565,2015-01-19,-0.004494299699744797
566,2015-01-20,-0.004514725399570985
567,2015-01-21,0.02502364707615312
568,2015-01-22,0.008349861740353681
569,2015-01-23,-0.0026292302037274062
570,2015-01-26,-0.011474088307070307
571,2015-01-27,0.020646417099733583
572,2015-01-28,-0.043997320390779304
573,2015-01-29,-0.021121125392327134
574,2015-01-30,-0.042176306454550616
575,2015-02-02,-0.022516809779384417
576,2015-02-03,0.03167129433270244
577,2015-02-04,0.06723268537821214
578,2015-02-05,0.021735253513463615
579,2015-02-06,-0.039835250314031345
580,2015-02-09,0.02524926796424376
581,2015-02-10,-0.03396296695822221
582,2015-02-11,0.010994247250789346
583,2015-02-12,0.05149828247833366
584,2015-02-13,0.062480975380717396
585,2015-02-18,-0.026778077327739958
586,2015-02-19,0.01656348391802176
587,2015-02-20,-0.015728842801121967
588,2015-02-23,-0.003761760079123544
589,2015-02-24,-0.009678131710411542
590,2015-02-25,-0.02136833440569852
591,2015-02-26,-0.006065876484968591
592,2015-02-27,0.03038962792373301
593,2015-03-02,-0.0021101084451151664
594,2015-03-03,-0.0016913746461630907
595,2015-03-04,-0.05167192366195472
596,2015-03-05,0.004446427759426719
597,2015-03-06,-0.024249099618885328
598,2015-03-09,-0.03987552021991547
599,2015-03-10,0.006130696073745057
600,2015-03-11,0.015858587581520478
601,2015-03-12,0.013330420028788925
602,2015-03-13,-0.024498520696827786
603,2015-03-16,0.0
604,2015-03-17,0.049302542606064925
605,2015-03-18,0.06842849253265149
606,2015-03-19,-0.045530178098383445
607,2015-03-20,0.041361768734960336
608,2015-03-23,0.0008349896101003118
609,2015-03-24,-0.018109486272813058
610,2015-03-25,-0.02321690646311758
611,2015-03-26,-0.039934321343064294
612,2015-03-27,0.0031638444470569738
613,2015-03-30,0.029348482554846456
614,2015-03-31,0.003936152031474904
615,2015-04-01,0.03685078490669813
616,2015-04-02,0.03432216156621459
617,2015-04-06,0.03514738776564563
618,2015-04-07,-0.03190063166677559
619,2015-04-08,-0.013461349508588238
620,2015-04-09,-0.0372350489290163
621,2015-04-10,0.03517950859465602
622,2015-04-13,-0.0020596918107465
623,2015-04-14,-0.007450365588511421
624,2015-04-15,0.039108893600758865
625,2015-04-16,0.029911713272232188
626,2015-04-17,-0.049275045160640296
627,2015-04-20,-0.004899928237682261
628,2015-04-22,0.03972438049165916
629,2015-04-23,0.03365241101775718
630,2015-04-24,0.03366061864354064
631,2015-04-27,-0.02948528527033556
632,2015-04-28,0.0037807228399060477
633,2015-04-29,-0.019048194970694432
634,2015-04-30,0.023566312511222876
635,2015-05-04,-0.006784797727737324
636,2015-05-05,0.027235370633288625
637,2015-05-06,-0.0022107230409251777
638,2015-05-07,0.02728930384808237
639,2015-05-08,0.005012505929790301
640,2015-05-11,0.0021405288611915374
641,2015-05-12,-0.019795464099912063
642,2015-05-13,-0.018712708932154154
643,2015-05-14,-0.03928001268924186
644,2015-05-15,0.009965586881640398
645,2015-05-18,-0.006888584453902169
646,2015-05-19,-0.030015934342722872
647,2015-05-20,-0.009542776004363152
648,2015-05-21,-0.01610997386418722
649,2015-05-22,-0.05336818741664606
650,2015-05-25,0.03575569037004778
651,2015-05-26,-0.027226896485373242
652,2015-05-27,0.01642496390133985
653,2015-05-28,-0.02281471953726477
654,2015-05-29,-0.0286105340412659
655,2015-06-01,0.006137634482912713
656,2015-06-02,0.024607414730907884
657,2015-06-03,-0.03692063125797018
658,2015-06-05,-0.012018840426173849
659,2015-06-08,-0.004488337875961257
660,2015-06-09,0.012961075295384372
661,2015-06-10,0.03017937392997805
662,2015-06-11,-0.006050105015805496
663,2015-06-12,-0.025017762975287905
664,2015-06-15,-0.0017794044236754125
665,2015-06-16,0.03284727241476881
666,2015-06-17,-0.02884815559867926
667,2015-06-18,0.03185964421577436
668,2015-06-19,-0.006896578761791616
669,2015-06-22,0.018852229281792088
670,2015-06-23,-0.0059599581689919745
671,2015-06-24,0.01945088847878207
672,2015-06-25,-0.012642351539128516
673,2015-06-26,0.03827422244145673
674,2015-06-29,-0.028987578890060206
675,2015-06-30,0.019967468716836745
676,2015-07-01,-0.012850000649981208
677,2015-07-02,-0.0029245477900117223
678,2015-07-03,-0.00967003541157263
679,2015-07-06,0.0075757938084577425
680,2015-07-07,-0.018193859164779003
681,2015-07-08,-0.01116370546477663
682,2015-07-10,0.025576841789649585
683,2015-07-13,0.005874964443020936
684,2015-07-14,0.0012544429828169612
685,2015-07-15,0.0
686,2015-07-16,-0.033138121388038844
687,2015-07-17,-0.024044874254002924
688,2015-07-20,-0.02554470007134313
689,2015-07-21,-0.001362752848581117
690,2015-07-22,-0.049381200160434346
691,2015-07-23,-0.015884809775379427
692,2015-07-24,-0.00975146660074877
693,2015-07-27,0.02992506044397114
694,2015-07-28,-0.0014275995423016496
695,2015-07-29,0.04333312470637374
696,2015-07-30,-0.017479792283753515
697,2015-07-31,0.022936786395336917
698,2015-08-03,0.008579912841001569
699,2015-08-04,-0.03616777738831001
700,2015-08-05,0.011587614635290233
701,2015-08-06,-0.028039266147341202
702,2015-08-07,-0.029824240310713623
703,2015-08-10,0.026025565277497886
704,2015-08-11,0.012293346017118623
705,2015-08-12,-0.045178320845509656
706,2015-08-13,
707,2015-08-14,
708,2015-08-17,-0.01671925091558535
709,2015-08-18,0.033163711923833716
710,2015-08-19,-0.06365550986062907
711,2015-08-20,0.010267585474169394
712,2015-08-21,-0.002152907240413171
713,2015-08-24,-0.03453338586170096
714,2015-08-25,-0.01291059154008467
715,2015-08-26,0.047982679287657426
716,2015-08-27,0.03492418423607413
717,2015-08-28,-0.023679032572436753
718,2015-08-31,-0.051910095153202995
719,2015-09-01,-0.02613779405151284
720,2015-09-02,0.0017255683969472635
721,2015-09-03,0.024412225654565578
722,2015-09-04,-0.045318851788434866
723,2015-09-08,0.0035148834220004588
724,2015-09-09,0.00291971010333425
725,2015-09-10,-0.0176475168135779
726,2015-09-11,-0.027069321968217874
727,2015-09-14,0.04062685353027096
728,2015-09-15,0.03565650771653317
729,2015-09-16,0.0095586890540873
730,2015-09-17,-0.0022409532559954926
731,2015-09-18,-0.05771942367233418
732,2015-09-21,-0.03261152420140867
733,2015-09-22,-0.0006140620018522114
734,2015-09-23,-0.036276709645191474
735,2015-09-24,0.0019090047159240342
736,2015-09-25,
737,2015-09-28,
738,2015-09-29,-0.011103514492510236
739,2015-09-30,0.0589401860121499
740,2015-10-01,
741,2015-10-02,
742,2015-10-05,
743,2015-10-06,
744,2015-10-07,0.08129831528804266
745,2015-10-08,
746,2015-10-09,
747,2015-10-13,0.0
748,2015-10-14,
749,2015-10-15,
750,2015-10-16,
751,2015-10-19,
752,2015-10-20,-0.03288780605456365
753,2015-10-21,
754,2015-10-22,
755,2015-10-23,-0.013702925166324764
756,2015-10-26,-0.019994607330846126
757,2015-10-27,0.013373999138781567
758,2015-10-28,-0.017052666571184538
759,2015-10-29,-0.04909739807425284
760,2015-10-30,0.029871938301720302
761,2015-11-03,0.08460810007292352
762,2015-11-04,0.004019643655180261
763,2015-11-05,0.047561299247540045
764,2015-11-06,-0.050430798982081804
765,2015-11-09,-0.013889112160666794
766,2015-11-10,-0.0017498401009059528
767,2015-11-11,0.007560431696371328
768,2015-11-12,-0.0029011335375876968
769,2015-11-13,-0.008168015311345034
770,2015-11-16,0.013383906893914332
771,2015-11-17,0.017760535593767113
772,2015-11-18,0.007354997587402767
773,2015-11-19,0.054304539574563826
774,2015-11-23,-0.008579141091382692
775,2015-11-24,0.001614205354541376
776,2015-11-25,-0.06669137449867257
777,2015-11-26,0.025533302005165126
778,2015-11-27,-0.03187515069355085
779,2015-11-30,-0.05957687353079155
780,2015-12-01,0.0
781,2015-12-02,0.00794862002297636
782,2015-12-03,0.08069829709398046
783,2015-12-04,-0.02733649798397364
784,2015-12-07,-0.0040497596569202265
785,2015-12-08,-0.009903955116945085
786,2015-12-09,0.09594862828398876
787,2015-12-10,-0.04348505874824804
788,2015-12-11,-0.019635974516858834
789,2015-12-14,-0.05892640808239902
790,2015-12-15,0.007185719757030196
791,2015-12-16,-0.01563471414740203
792,2015-12-17,-0.006689049163611127
793,2015-12-18,-0.02721250251207019
794,2015-12-21,-0.0674267004542064
795,2015-12-22,0.006018072325562951
796,2015-12-23,-0.010050335853501569
797,2015-12-28,0.008716112840364776
798,2015-12-29,-0.01208879731900403
799,2015-12-30,-0.004062294008878808
800,2016-01-04,-0.03450998077736056
801,2016-01-05,0.0035050859579461857
802,2016-01-06,0.0
803,2016-01-07,-0.02408048367440152
804,2016-01-08,0.0
805,2016-01-11,-0.02909296094166436
806,2016-01-12,-0.03530220129665773
807,2016-01-13,-0.01851904776723723
808,2016-01-14,0.05455898425043415
809,2016-01-15,-0.03910272601374265
810,2016-01-18,-0.006153865574377804
811,2016-01-19,-0.009302392662313697
812,2016-01-20,-0.009389740349839304
813,2016-01-21,-0.0007864727106130509
814,2016-01-22,0.022560272260173875
815,2016-01-26,-0.008497540510440604
816,2016-01-27,-0.014849823486550395
817,2016-01-28,0.02180771781139823
818,2016-01-29,0.06487552135740371
819,2016-02-01,0.022135855632225976
820,2016-02-02,-0.07780885805846793
821,2016-02-03,0.01289361813701051
822,2016-02-04,0.039162743819042944
823,2016-02-05,-0.008002952862801838
824,2016-02-10,0.0
825,2016-02-11,-0.04711151545207226
826,2016-02-12,-0.004604766386748338
827,2016-02-15,0.010711655594927816
828,2016-02-16,0.01959369390040111
829,2016-02-17,-0.002989538848365836
830,2016-02-18,-0.03736614650046466
831,2016-02-19,0.010819270916378798
832,2016-02-22,0.04508652413896064
833,2016-02-23,-0.006634746048556739
834,2016-02-24,-0.03385054297868706
835,2016-02-25,0.0038182558798123267
836,2016-02-26,0.006079046076381989
837,2016-02-29,0.02543143789180391
838,2016-03-01,0.05600889404837073
839,2016-03-02,0.03094093501078854
840,2016-03-03,0.11740688728660942
841,2016-03-04,0.09416009619860288
842,2016-03-07,0.0005477951383219271
843,2016-03-08,0.1034419183857258
844,2016-03-09,0.0024660432341083727
845,2016-03-10,0.05743209834696028
846,2016-03-11,0.06089818220659682
847,2016-03-14,-0.028858783416935818
848,2016-03-15,-0.23789145299380943
849,2016-03-16,0.033158418477735374
850,2016-03-17,0.13429124068277432
851,2016-03-18,-0.01607829929174409
852,2016-03-21,0.016561507782266727
853,2016-03-22,-0.014598847730330267
854,2016-03-23,-0.03796664884034895
855,2016-03-24,-0.03365572718562726
856,2016-03-28,0.05680729024083586
857,2016-03-29,0.029413933515470614
858,2016-03-30,-0.020991788116592414
859,2016-03-31,-0.024976323281383106
860,2016-04-01,0.0
861,2016-04-04,-0.05831949109270074
862,2016-04-05,-0.016216571589245277
863,2016-04-06,-0.009307485751246514
864,2016-04-07,0.03033818806094324
865,2016-04-08,0.10908888216048895
866,2016-04-11,0.03016255918273192
867,2016-04-12,0.025665890370210054
868,2016-04-13,0.010353457328359461
869,2016-04-14,-0.018075503422269712
870,2016-04-15,0.034509406110422525
871,2016-04-18,-0.027692747131324857
872,2016-04-19,-0.004539272433419228
873,2016-04-20,-0.00684777841362294
874,2016-04-22,-0.0259875413497066
875,2016-04-25,-0.022344690581797444
876,2016-04-26,0.0446608189043447
877,2016-04-27,0.024972876088329876
878,2016-04-28,-0.024972876088329876
879,2016-04-29,0.016416282563064488
880,2016-05-02,-0.02565426995171416
881,2016-05-03,-0.0528819558868614
882,2016-05-04,0.02129790086253447
883,2016-05-05,-0.017391694819147485
884,2016-05-06,0.008250519787409427
885,2016-05-09,-0.021495746537429916
886,2016-05-10,0.05756989844152338
887,2016-05-11,-0.04627589182276459
888,2016-05-12,-0.028729068440860317
889,2016-05-13,-0.027510598229124383
890,2016-05-16,-0.015617287741164887
891,2016-05-17,-0.04947245619996021
892,2016-05-18,0.0011019836129499971
893,2016-05-19,-0.023963253087030623
894,2016-05-20,-0.023973808668075858
895,2016-05-23,-0.018070967361824675
896,2016-05-24,-0.06187540371808753
897,2016-05-25,0.02898759766352388
898,2016-05-27,-0.019644707860817512
899,2016-05-30,0.017210074961164334
900,2016-05-31,0.003649578371093476
901,2016-06-01,0.006053347965378819
902,2016-06-02,0.019719790490555944
903,2016-06-03,0.023392821771235806
904,2016-06-06,-0.010459014575454173
905,2016-06-07,-0.011751074946731777
906,2016-06-08,0.030843351776947525
907,2016-06-09,-0.0028694997345417583
908,2016-06-10,-0.05008416482037381
909,2016-06-13,0.008423756189749998
910,2016-06-14,-0.03536953832773193
911,2016-06-15,-0.0006209872717102272
912,2016-06-16,0.0055745574656471675
913,2016-06-17,-0.01180510721628325
914,2016-06-20,0.03621138196257201
915,2016-06-21,-0.0456306038790637
916,2016-06-22,-0.003159560290368457
917,2016-06-23,0.026235047002062917
918,2016-06-24,-0.02055500648635933
919,2016-06-27,-0.015858245431459306
920,2016-06-28,
921,2016-06-29,
922,2016-06-30,0.040991779984601795
923,2016-07-01,-0.007595771477611812
924,2016-07-04,0.004681108880412843
925,2016-07-05,-0.0076179099026942865
926,2016-07-06,-0.0023557726547251967
927,2016-07-07,-0.012459313130415595
928,2016-07-08,0.0282537922687629
929,2016-07-11,0.04483020164035345
930,2016-07-12,-0.012845694291094834
931,2016-07-13,0.014509071488129521
932,2016-07-14,0.05181952712311144
933,2016-07-15,0.013065249869641526
934,2016-07-18,0.035699814413137076
935,2016-07-19,0.04745331567479205
936,2016-07-20,0.019868203216725
937,2016-07-21,-0.01891304557379092
938,2016-07-22,-0.016362250678340295
939,2016-07-25,0.03293058234451918
940,2016-07-26,0.006551357077369868
941,2016-07-27,0.0018638867962725847
942,2016-07-28,-0.03843889594698702
943,2016-07-29,0.01821713892877419
944,2016-08-01,-0.017249972532472846
945,2016-08-02,-0.023967886177870046
946,2016-08-03,0.01571736639046062
947,2016-08-04,0.026450207513528667
948,2016-08-05,0.007093858244385132
949,2016-08-08,-0.0023590009137088863
950,2016-08-09,0.010805836881031983
951,2016-08-10,-0.02507815302302907
952,2016-08-11,0.054999787536603506
953,2016-08-12,0.027729907978057522
954,2016-08-15,0.02224737339216798
955,2016-08-16,-0.023571628746235973
956,2016-08-17,0.005286400092760601
957,2016-08-18,-0.0013189713936783143
958,2016-08-19,0.020466683911259498
959,2016-08-22,-0.03911735815422057
960,2016-08-23,0.012029595100024881
961,2016-08-24,-0.010238237661937877
962,2016-08-25,0.004018804158196776
963,2016-08-26,0.020291785342419377
964,2016-08-29,0.03938865336695985
965,2016-08-30,-0.0037854934794818718
966,2016-08-31,-0.0221568932462044
967,2016-09-01,-0.015194475090272164
968,2016-09-02,0.03692982985981219
969,2016-09-05,-0.009743733300186186
970,2016-09-06,0.02231201798101612
971,2016-09-08,0.00456902154291372
972,2016-09-09,-0.054942453406941816
973,2016-09-12,0.004804595291728386
974,2016-09-13,-0.04182108454116751
975,2016-09-14,-0.003641333108573619
976,2016-09-15,0.017179401191694144
977,2016-09-16,-0.017179401191694144
978,2016-09-19,0.003641333108573619
979,2016-09-20,0.026895434979724797
980,2016-09-21,0.03177629634031476
981,2016-09-22,0.004701910677800569
982,2016-09-23,-0.021552557456672616
983,2016-09-26,-0.011393637215509678
984,2016-09-27,0.00833877994127441
985,2016-09-28,0.018619287342319435
986,2016-09-29,-0.02960599469130676
987,2016-09-30,0.007484076644429738
988,2016-10-03,0.0234081347576649
989,2016-10-04,0.002567395505245873
990,2016-10-05,0.02239687955662628
991,2016-10-06,0.030860297116904967
992,2016-10-07,0.024020409798430897
993,2016-10-10,0.0067021734536441
994,2016-10-11,-0.023053484264862423
995,2016-10-13,0.017142058183382325
996,2016-10-14,0.025752497107305317
997,2016-10-17,0.056901614039061243
998,2016-10-18,0.02053012896393236
999,2016-10-19,-0.01871224083955525
1000,2016-10-20,0.020493220861174333
1001,2016-10-21,0.012378619382024336
1002,2016-10-24,-0.008117284732918062
1003,2016-10-25,-0.02402841168752401
1004,2016-10-26,-0.007651668005478562
1005,2016-10-27,0.049939049355075316
1006,2016-10-28,-0.01578145998922409
1007,2016-10-31,0.034737774319332004
1008,2016-11-01,-0.04718680536119102
1009,2016-11-03,-0.048772267050341434
1010,2016-11-04,0.0100953558831125
1011,2016-11-07,0.052538835389858374
1012,2016-11-08,-0.0017664374533747917
1013,2016-11-09,-0.036001006756898324
1014,2016-11-10,-0.06629959920915596
1015,2016-11-11,-0.07185077592855205
1016,2016-11-14,0.027398974188114433
1017,2016-11-16,0.06269406933892352
1018,2016-11-17,-0.018634079544892934
1019,2016-11-18,0.028965145220859245
1020,2016-11-21,0.07549371014497686
1021,2016-11-22,0.008785858659296153
1022,2016-11-23,-0.00455897677999717
1023,2016-11-24,-0.02707682242473375
1024,2016-11-25,-0.0021692705542104562
1025,2016-11-28,0.04493949237560635
1026,2016-11-29,-0.037008628745093475
1027,2016-11-30,0.023071120901311915
1028,2016-12-01,-0.06824123674189986
1029,2016-12-02,0.0204505729055513
1030,2016-12-05,-0.019324272826402922
1031,2016-12-06,0.0011250704355694197
1032,2016-12-07,0.011922644956906314
1033,2016-12-08,-0.007435015800951739
1034,2016-12-09,0.008915437953633809
1035,2016-12-12,-0.04888266104726613
1036,2016-12-13,0.006194367464273487
1037,2016-12-14,-0.024615385738400608
1038,2016-12-15,0.03765238020201478
1039,2016-12-16,0.006455310056546537
1040,2016-12-19,-0.022584691986430094
1041,2016-12-20,0.016129381929883557
1042,2016-12-21,0.0
1043,2016-12-22,-0.009569451016150587
1044,2016-12-23,0.0280640336523148
1045,2016-12-26,0.015584731016698328
1046,2016-12-27,0.006971226177495016
1047,2016-12-28,0.012354844429000256
1048,2016-12-29,0.014342267819161592
1049,2017-01-02,-0.019774111504823555
1050,2017-01-03,0.04473582280834876
1051,2017-01-04,-0.005221909258928736
1052,2017-01-05,-0.002446270659027139
1053,2017-01-06,0.010788307362368688
1054,2017-01-09,-0.03845949513872249
1055,2017-01-10,0.013576521745166659
1056,2017-01-11,0.010589580073240512
1057,2017-01-12,0.024966656977035928
1058,2017-01-13,-0.02637210342402696
1059,2017-01-16,0.0007029174278874173
1060,2017-01-17,0.016033839765892566
1061,2017-01-18,-0.008333381559144204
1062,2017-01-19,0.0010454435704829734
1063,2017-01-20,0.022047086972202923
1064,2017-01-23,0.04431843022494997
1065,2017-01-24,-0.0190858047442255
1066,2017-01-26,0.061210731044896605
1067,2017-01-27,-0.01924656380314449
1068,2017-01-30,-0.02810713258032571
1069,2017-01-31,0.01914713663729417
1070,2017-02-01,0.004809981939779995
1071,2017-02-02,-0.00932036329753183
1072,2017-02-03,-0.0025864871382452748
1073,2017-02-06,-0.02524303842532971
1074,2017-02-07,0.00925317227995226
1075,2017-02-08,0.010471267315211641
1076,2017-02-09,-0.003260452839457084
1077,2017-02-10,0.018123440741700136
1078,2017-02-13,0.006393851807823925
1079,2017-02-14,0.003181708111748005
1080,2017-02-15,0.011998912320018817
1081,2017-02-16,0.03181729392736532
1082,2017-02-17,0.0006079331586619219
1083,2017-02-20,0.0159761953569455
1084,2017-02-21,0.01660776630396743
1085,2017-02-22,0.002643561533650196
1086,2017-02-23,-0.021946373758195747
1087,2017-02-24,-0.007524490431561226
1088,2017-03-01,0.01499278548529226
1089,2017-03-02,-0.010170593812858453
1090,2017-03-03,0.04755821407801486
1091,2017-03-06,0.007995445106472765
1092,2017-03-07,-0.012305206060993612
1093,2017-03-08,-0.023893910618435488
1094,2017-03-09,-0.010375044741164352
1095,2017-03-10,0.003866116339680037
1096,2017-03-13,0.010628975490882375
1097,2017-03-14,-0.00412004708939806
1098,2017-03-15,0.008223218265344112
1099,2017-03-16,-0.01354552532933262
1100,2017-03-17,-0.027654271622036042
1101,2017-03-20,-0.0018304153702617398
1102,2017-03-21,-0.024105030288835483
1103,2017-03-22,0.03322360424808357
1104,2017-03-23,0.0
1105,2017-03-24,0.0045283700024154605
1106,2017-03-27,0.0033077761836781683
1107,2017-03-28,-0.00632446026654776
1108,2017-03-29,
1109,2017-03-30,
1110,2017-03-31,-0.008844397275398652
1111,2017-04-03,0.0029568029075504043
1112,2017-04-04,0.0038308873111345676
1113,2017-04-05,-0.017206061293320474
1114,2017-04-06,-0.02361596386419018
1115,2017-04-07,-0.004298410122959062
1116,2017-04-10,0.008883532017967433
1117,2017-04-11,0.0009144643082854564
1118,2017-04-12,-0.016590273239131648
1119,2017-04-13,-0.05344780346447786
1120,2017-04-17,0.045360698610233285
1121,2017-04-18,0.009634946030818714
1122,2017-04-19,-0.037181408365924984
1123,2017-04-20,0.007993647680745397
1124,2017-04-24,0.02825930635465035
1125,2017-04-25,0.006172890066833858
1126,2017-04-26,-0.012072550091323464
1127,2017-04-27,0.013917032602501322
1128,2017-04-28,0.008867112200947158
1129,2017-05-02,0.03116827206391326
1130,2017-05-03,-0.003251074335392179
1131,2017-05-04,-0.04294575868369899
1132,2017-05-05,0.022912258668871477
1133,2017-05-08,-0.025387569338697347
1134,2017-05-09,0.003710672103863999
1135,2017-05-10,0.028899227864938926
1136,2017-05-11,0.030708082974337803
1137,2017-05-12,0.028663470734847873
1138,2017-05-15,-0.018249694090000546
1139,2017-05-16,0.0
1140,2017-05-17,-0.02742292571395888
1141,2017-05-18,-0.22196119825276828
1142,2017-05-19,0.03269452119326122
1143,2017-05-22,-0.04757574818991239
1144,2017-05-23,0.016357278897927596
1145,2017-05-24,0.017544272777754166
1146,2017-05-25,0.003977550063726909
1147,2017-05-26,0.0406632652089276
1148,2017-05-29,0.0
1149,2017-05-30,0.00483924199071506
1150,2017-05-31,-0.023021595723939914
1151,2017-06-01,-0.010642136432807536
1152,2017-06-02,0.0014254813278835599
1153,2017-06-05,-0.01724180643450568
1154,2017-06-06,0.03594056929172762
1155,2017-06-07,0.004185530976366092
1156,2017-06-08,-0.015080103677695966
1157,2017-06-09,-0.01638793384728343
1158,2017-06-12,-0.02399242674322144
1159,2017-06-13,0.008061604671027123
1160,2017-06-14,-0.0003650666287136062
1161,2017-06-15,0.0
1162,2017-06-16,0.0036443554118434918
1163,2017-06-19,-0.01318221236588002
1164,2017-06-20,-0.0425435517897923
1165,2017-06-21,-0.00539912600801129
1166,2017-06-22,0.00539912600801129
1167,2017-06-23,-0.020202707317519497
1168,2017-06-26,0.05683126936943994
1169,2017-06-27,-0.032789785744754774
1170,2017-06-28,0.01104979829344277
1171,2017-06-29,0.006421174335539348
1172,2017-06-30,0.008995563245747462
1173,2017-07-03,0.013711573234878927
1174,2017-07-04,0.005139475430732787
1175,2017-07-05,-0.005139475430732787
1176,2017-07-06,-0.006646996408342876
1177,2017-07-07,-0.013428064755706792
1178,2017-07-10,0.010459602464607975
1179,2017-07-11,0.04113413309091207
1180,2017-07-12,0.028131214587021613
1181,2017-07-13,0.008974861760698616
1182,2017-07-14,0.010596578388456734
1183,2017-07-17,-0.005113356973925232
1184,2017-07-18,0.0006833276541371447
1185,2017-07-19,0.003409413462855504
1186,2017-07-20,0.008810629980722684
1187,2017-07-21,-0.007790014123790101
1188,2017-07-24,-0.011284099900584987
1189,2017-07-25,0.016371409585182572
1190,2017-07-26,-0.024658749833752935
1191,2017-07-27,-0.00870630608252787
1192,2017-07-28,-0.0010499038768432278
1193,2017-07-31,0.004890055151403061
1194,2017-08-01,0.020690324284547756
1195,2017-08-02,0.039483248925117564
1196,2017-08-03,0.006540245680609846
1197,2017-08-04,0.0061738944089220205
1198,2017-08-07,0.015429396170952181
1199,2017-08-08,0.0
1200,2017-08-09,-0.0186740777449792
1201,2017-08-10,0.004863034385270915
1202,2017-08-11,-0.0006470398155218327
1203,2017-08-14,0.006130040166962836
1204,2017-08-15,-0.004836346605121999
1205,2017-08-16,-0.00811297624999252
1206,2017-08-17,-0.0177519780423534
1207,2017-08-18,0.008915363657952202
1208,2017-08-21,0.013063543060823246
1209,2017-08-22,0.03725952406945687
1210,2017-08-23,0.0006249375398681423
1211,2017-08-24,0.0034305664440150707
1212,2017-08-25,-0.0037429551455834265
1213,2017-08-28,-0.009419190370750563
1214,2017-08-29,-0.006646677316042737
1215,2017-08-30,-0.010213941333687693
1216,2017-08-31,-0.015193406612804772
1217,2017-09-01,0.03802976249773238
1218,2017-09-04,-0.0015690886879911048
1219,2017-09-05,0.005012541823544492
1220,2017-09-06,0.02347229513507898
1221,2017-09-07,0.0
1222,2017-09-08,-0.003057110392486795
1223,2017-09-11,0.03519695436942172
1224,2017-09-12,-0.01339109371999303
1225,2017-09-13,0.006271455432453887
1226,2017-09-14,0.000892694612067757
1227,2017-09-15,0.014469527511201008
1228,2017-09-18,0.013684912344572808
1229,2017-09-19,-0.0011574364215709565
1230,2017-09-20,0.006349141189318175
1231,2017-09-21,0.021628675264179442
1232,2017-09-22,-0.0062129825133308
1233,2017-09-25,-0.01426557756584268
1234,2017-09-26,0.005730703444617458
1235,2017-09-27,-0.005156127149370526
1236,2017-09-28,-0.008363451898466767
1237,2017-09-29,0.01065840407339369
1238,2017-10-02,0.001431610777152148
1239,2017-10-03,0.03982573421158708
1240,2017-10-04,-0.004685085047674953
1241,2017-10-05,0.016166949841947886
1242,2017-10-06,0.005691816346242273
1243,2017-10-09,-0.01114293361310903
1244,2017-10-10,0.021093237706844015
1245,2017-10-11,0.0008025411584613451
1246,2017-10-12,0.0
1247,2017-10-13,0.0005345095021671575
1248,2017-10-16,0.002135665577777335
1249,2017-10-17,0.0015987479877646038
1250,2017-10-18,-0.0034671590477923786
1251,2017-10-19,-0.006701539623039654
1252,2017-10-20,0.008836528481381833
1253,2017-10-23,-0.03554836431864539
1254,2017-10-24,0.009074666976395918
1255,2017-10-25,0.00899316593892685
1256,2017-10-26,-0.005440736959798187
1257,2017-10-27,-0.004373981823112771
1258,2017-10-30,-0.035982155822507966
1259,2017-10-31,-0.02211145424241323
1260,,
