,Time,Returns_BBDC3
0,2012-10-02,0.0033228533912925684
1,2012-10-03,-0.026167308716426252
2,2012-10-04,0.005663530553289942
3,2012-10-05,-0.00377410351059293
4,2012-10-08,0.0
5,2012-10-09,-0.030322684777519537
6,2012-10-10,-0.0023363106331126815
7,2012-10-11,0.01164588232371111
8,2012-10-15,0.006160734237545373
9,2012-10-16,0.020511102949196225
10,2012-10-17,0.009352912289615212
11,2012-10-18,0.0
12,2012-10-19,-0.003359777873066516
13,2012-10-22,-0.011269559583200195
14,2012-10-23,-0.010643613958429832
15,2012-10-24,0.0072341172209999804
16,2012-10-25,0.020272411395381162
17,2012-10-26,-0.009711257126714834
18,2012-10-29,0.0067299699201996965
19,2012-10-30,0.007801866576430783
20,2012-10-31,-0.011530447831546553
21,2012-11-01,0.03708609242950933
22,2012-11-05,0.0003587960426503223
23,2012-11-06,0.01324638756767138
24,2012-11-07,-0.022294598538368682
25,2012-11-08,-0.014654140957222506
26,2012-11-09,-0.0007348235133535219
27,2012-11-12,-0.010392551234048142
28,2012-11-13,0.023964416934531663
29,2012-11-14,-0.009885416677994918
30,2012-11-16,0.0537142726202946
31,2012-11-19,0.04600033322498209
32,2012-11-21,0.01879978314636288
33,2012-11-22,0.008140449054808485
34,2012-11-23,0.01925971192161846
35,2012-11-26,-0.003820270641050616
36,2012-11-27,-0.018362948893948072
37,2012-11-28,-0.015065290731100855
38,2012-11-29,0.014741610547782447
39,2012-11-30,0.05380758107479089
40,2012-12-03,0.005535369861756401
41,2012-12-04,-0.009545656228641342
42,2012-12-05,0.01626319586155711
43,2012-12-06,-0.010710534837532926
44,2012-12-07,0.00857766381714331
45,2012-12-10,0.023814046873568806
46,2012-12-11,0.018300011349751788
47,2012-12-12,0.009607322392671147
48,2012-12-13,0.02234526403523729
49,2012-12-14,-0.014267472047455154
50,2012-12-17,-0.0130147839233139
51,2012-12-18,0.01157442060733338
52,2012-12-19,0.030608276361614895
53,2012-12-20,-0.02486850769465132
54,2012-12-21,0.006560566907137577
55,2012-12-26,-0.030594373534383212
56,2012-12-27,-0.004995069333917801
57,2012-12-28,-0.0002932622002380647
58,2013-01-02,0.033319484518873566
59,2013-01-03,0.053003007636019284
60,2013-01-04,-0.002436984992618463
61,2013-01-07,-0.023851470785676288
62,2013-01-08,-0.003332957166901629
63,2013-01-09,0.022025876291296154
64,2013-01-10,-0.006284642189884337
65,2013-01-11,-0.010743686893128324
66,2013-01-14,0.015120374256087477
67,2013-01-15,-0.011804048950098789
68,2013-01-16,0.007704487485448386
69,2013-01-17,0.007095432784257394
70,2013-01-18,0.006507620161218419
71,2013-01-21,-0.011143081136732125
72,2013-01-22,0.0
73,2013-01-23,-0.008233871282340655
74,2013-01-24,0.0016530901958042854
75,2013-01-28,-0.02648368586062766
76,2013-01-29,-0.033022838034595825
77,2013-01-30,-0.0023416302150449653
78,2013-01-31,0.035083219529785215
79,2013-02-01,-0.007659058526697571
80,2013-02-04,-0.010014921907137708
81,2013-02-05,-0.0025935777883066002
82,2013-02-06,-0.011017433867396953
83,2013-02-07,-0.003211084831637123
84,2013-02-08,0.026270047220152914
85,2013-02-13,0.005113911518462189
86,2013-02-14,-0.011404120239816518
87,2013-02-15,0.030214599102165174
88,2013-02-18,0.015187383178488112
89,2013-02-19,-0.01769129670982128
90,2013-02-20,-0.01999912970175055
91,2013-02-21,-0.001993261973765925
92,2013-02-22,0.010773764047065981
93,2013-02-25,-0.007361126679549024
94,2013-02-26,-0.013152436610663898
95,2013-02-27,-0.0014382267413721728
96,2013-02-28,0.015160584741109595
97,2013-03-01,0.012978843927540229
98,2013-03-04,0.009484389281527505
99,2013-03-05,-0.005568634881338408
100,2013-03-06,0.0039004364122412483
101,2013-03-07,0.012162246452768422
102,2013-03-08,0.002743848436008278
103,2013-03-11,-0.004947012787334337
104,2013-03-12,0.0035737834878899477
105,2013-03-13,0.016866207769202557
106,2013-03-14,0.0075242281299781055
107,2013-03-15,0.02145654680092246
108,2013-03-18,-0.0390129141270017
109,2013-03-19,-0.004093973187948574
110,2013-03-20,0.0068154317862552105
111,2013-03-21,-0.00027046011389764146
112,2013-03-22,-0.010382240946980481
113,2013-03-25,-0.006338319304776796
114,2013-03-26,0.014462010768956812
115,2013-03-27,0.018407777355977206
116,2013-03-28,0.0
117,2013-04-01,0.01778835156156955
118,2013-04-02,-0.0026058674182167785
119,2013-04-03,0.028285404623929367
120,2013-04-04,-0.019054003375738926
121,2013-04-05,-0.014752715960682838
122,2013-04-08,-0.008189530327230354
123,2013-04-09,0.022367996369564658
124,2013-04-10,0.01737287627055073
125,2013-04-11,0.008431522026939753
126,2013-04-12,-0.005613094653060813
127,2013-04-15,-0.01417641762619759
128,2013-04-16,0.021189926973650408
129,2013-04-17,-0.05812824261154104
130,2013-04-18,-0.011923321330701508
131,2013-04-19,0.008657610049007225
132,2013-04-22,0.0017814182666735512
133,2013-04-23,0.016773887642057783
134,2013-04-24,-0.005855643192818505
135,2013-04-25,0.0043938882729284146
136,2013-04-26,
137,2013-04-29,
138,2013-04-30,0.030772931437912376
139,2013-05-02,0.001729576390474108
140,2013-05-03,-0.009844969680563143
141,2013-05-06,-0.024744629603131063
142,2013-05-07,0.020370005618352227
143,2013-05-08,0.015371026914140717
144,2013-05-09,-0.015076799525418405
145,2013-05-10,-0.005566633845775382
146,2013-05-13,-0.013010507705991436
147,2013-05-14,-0.0002997886536353356
148,2013-05-15,0.007712587787020997
149,2013-05-16,0.015826338470041446
150,2013-05-17,0.008973170197056568
151,2013-05-20,0.018278597295980692
152,2013-05-21,0.004515852273179188
153,2013-05-22,0.011762052817786639
154,2013-05-23,-0.02680584756820803
155,2013-05-24,-0.007174584355458702
156,2013-05-27,-0.006354635858777602
157,2013-05-28,0.015813592026037604
158,2013-05-29,-0.008593393353838241
159,2013-05-31,0.026969145189287058
160,2013-06-03,-0.02037224728546727
161,2013-06-04,-0.014976793625493645
162,2013-06-05,-0.03184560575459594
163,2013-06-06,-0.0020963976013188557
164,2013-06-07,-0.011173196726975476
165,2013-06-10,0.007864143651779454
166,2013-06-11,-0.03400625491040854
167,2013-06-12,0.0034232304381762724
168,2013-06-13,-0.010616488137206836
169,2013-06-14,-0.02221392858037463
170,2013-06-17,0.01148352010743725
171,2013-06-18,-0.006042005781166537
172,2013-06-19,-0.02980497090521883
173,2013-06-20,0.008839171345850438
174,2013-06-21,-0.0003282307414962382
175,2013-06-24,-0.028775107791646715
176,2013-06-25,0.00668691493660889
177,2013-06-26,0.005985108491381119
178,2013-06-27,0.004958767577488032
179,2013-06-28,0.008862375908374354
180,2013-07-01,0.005863334446436941
181,2013-07-02,-0.032356501360289336
182,2013-07-03,-0.0030262893062551477
183,2013-07-04,0.0030262893062551477
184,2013-07-05,-0.035872327226007084
185,2013-07-08,-0.007331489951315273
186,2013-07-10,0.013576007406178814
187,2013-07-11,0.04956073557228535
188,2013-07-12,-0.0023021347956637683
189,2013-07-15,0.04921076134113722
190,2013-07-16,0.0043832756383364035
191,2013-07-17,0.027737436992623987
192,2013-07-18,-0.03212071263096039
193,2013-07-19,-0.018688762310267393
194,2013-07-22,0.026818443304658768
195,2013-07-23,0.012377183775679867
196,2013-07-24,-0.01612358913173484
197,2013-07-25,-0.0018761945698271276
198,2013-07-26,
199,2013-07-29,
200,2013-07-30,-0.0019150780659304978
201,2013-07-31,-0.01254569632246616
202,2013-08-01,0.01668813839501171
203,2013-08-02,-0.015394820709962787
204,2013-08-05,-0.018264539146356285
205,2013-08-06,-0.0304098314792971
206,2013-08-07,0.0047379053653267
207,2013-08-08,0.03256089457802025
208,2013-08-09,0.0068418350927319516
209,2013-08-12,0.01610322514772644
210,2013-08-13,0.028348902069835535
211,2013-08-14,-0.010928024610109777
212,2013-08-15,-0.015506406008825468
213,2013-08-16,0.006360007799797174
214,2013-08-19,0.004424837020472694
215,2013-08-20,-0.016539477208961095
216,2013-08-21,-0.016493869684548912
217,2013-08-22,0.0009797105032807174
218,2013-08-23,0.028894991472576237
219,2013-08-26,-0.015630046120455265
220,2013-08-27,-0.024403047246751353
221,2013-08-28,-0.009932400821487164
222,2013-08-29,0.014531741810231313
223,2013-08-30,0.03543375237846247
224,2013-09-02,0.008819102353872843
225,2013-09-03,-0.0279924882142355
226,2013-09-04,0.020751672956569323
227,2013-09-05,0.007240815257666178
228,2013-09-06,0.023561583602199843
229,2013-09-09,0.0419980880140689
230,2013-09-10,0.013423234698994424
231,2013-09-11,0.005202247048208264
232,2013-09-12,-0.017746963563078033
233,2013-09-13,0.010804602650870354
234,2013-09-16,0.00058041681452492
235,2013-09-17,0.013260620035354886
236,2013-09-18,0.033510194500847135
237,2013-09-19,-0.006670611141571303
238,2013-09-20,-0.02084359465442187
239,2013-09-23,0.010192444203250162
240,2013-09-24,-0.0008433524440434326
241,2013-09-25,-0.007075118631332256
242,2013-09-26,0.0
243,2013-09-27,0.01940744543696793
244,2013-09-30,-0.04007029705212872
245,2013-10-01,0.014109063372571118
246,2013-10-02,0.007970330542887538
247,2013-10-03,-0.00028145050727124143
248,2013-10-04,0.001133722110780333
249,2013-10-07,0.0016981974595067229
250,2013-10-08,-0.005672006248599981
251,2013-10-09,0.018042527179128243
252,2013-10-10,0.013044755276504727
253,2013-10-11,-0.008029542559921499
254,2013-10-14,0.020365757938776152
255,2013-10-15,-0.0016352315331076284
256,2013-10-16,0.0013609234094120737
257,2013-10-17,0.0027242346504157133
258,2013-10-18,0.005146219440719246
259,2013-10-21,-0.021035821143251976
260,2013-10-22,0.01724502022756136
261,2013-10-23,-0.023891228660749775
262,2013-10-24,-0.010339677273978776
263,2013-10-25,-0.0011194696605731913
264,2013-10-28,-0.000283182434881013
265,2013-10-29,0.010630361342551797
266,2013-10-30,-0.001393785082954846
267,2013-10-31,0.0005569749959128956
268,2013-11-01,-0.016848627234564262
269,2013-11-04,0.028754242518137296
270,2013-11-05,-0.007457266247044458
271,2013-11-06,-0.022997098469779154
272,2013-11-07,-0.016589887575486184
273,2013-11-08,-0.020988072960665072
274,2013-11-11,-0.003539839357351582
275,2013-11-12,-0.008312844468747471
276,2013-11-13,0.009787171963810515
277,2013-11-14,0.029665650028484425
278,2013-11-18,0.00314390417263688
279,2013-11-19,-0.03339991227639727
280,2013-11-21,-0.0032508140870080027
281,2013-11-22,-0.010724960371349734
282,2013-11-25,-0.009027032118500866
283,2013-11-26,0.027132047643009916
284,2013-11-27,0.007909539473877736
285,2013-11-28,-0.0032161226131313114
286,2013-11-29,0.004671491563418506
287,2013-12-02,-0.022690963378850793
288,2013-12-03,-0.024131060648561853
289,2013-12-04,-0.013526542824086274
290,2013-12-05,-0.0018581241877981824
291,2013-12-06,-0.009973545893202207
292,2013-12-09,-0.004392847337721939
293,2013-12-10,-0.010438632909036905
294,2013-12-11,-0.016666748029782852
295,2013-12-12,-0.0012933176850489225
296,2013-12-13,0.0038748517388427217
297,2013-12-16,0.002579532609165991
298,2013-12-17,0.006408422895192167
299,2013-12-18,-0.0028810519742510365
300,2013-12-19,0.01463153165047748
301,2013-12-20,-0.00665322120459555
302,2013-12-23,-0.003182787020730604
303,2013-12-26,-0.01057789869614334
304,2013-12-27,0.00866342724524305
305,2013-12-30,0.020554768228018272
306,2014-01-02,-0.007224927657322411
307,2014-01-03,-0.02328273588826235
308,2014-01-06,0.006753817346686564
309,2014-01-07,-0.01909268080386184
310,2014-01-08,-0.002945996991706945
311,2014-01-09,-0.0312840433503081
312,2014-01-10,0.01576678141505239
313,2014-01-13,-0.01508615027604332
314,2014-01-14,0.007740326450177637
315,2014-01-15,0.006680198397981396
316,2014-01-16,-0.012061681670641367
317,2014-01-17,-0.01528086728940714
318,2014-01-20,-0.009973756095492892
319,2014-01-21,0.018829780005594987
320,2014-01-22,0.011468644030830255
321,2014-01-23,-0.029955347847147262
322,2014-01-24,-0.01216666454108406
323,2014-01-27,0.00035220775446243024
324,2014-01-28,0.0031384083066519075
325,2014-01-29,-0.013685284358648353
326,2014-01-30,0.0
327,2014-01-31,0.014036265049642171
328,2014-02-03,-0.048915569295279404
329,2014-02-04,0.0327576102322924
330,2014-02-05,-0.015346954081017827
331,2014-02-06,0.02975921913077073
332,2014-02-07,0.010418610244134374
333,2014-02-10,-0.015668982236147322
334,2014-02-11,0.014286806710076316
335,2014-02-12,-0.0178006850008825
336,2014-02-13,0.001761047430925533
337,2014-02-14,0.012920043440001638
338,2014-02-17,-0.008364973047094715
339,2014-02-18,-0.016226367054367863
340,2014-02-19,0.018674499513354537
341,2014-02-20,-0.006300676548773421
342,2014-02-21,0.02873539623586918
343,2014-02-24,0.004765432344536524
344,2014-02-25,-0.035964402314451416
345,2014-02-26,0.001761047430925533
346,2014-02-27,0.026020256113949092
347,2014-02-28,-0.0017157767239095456
348,2014-03-05,-0.021497330591492503
349,2014-03-06,0.03816959567650535
350,2014-03-07,-0.014272099914733882
351,2014-03-10,-0.02075139361519618
352,2014-03-11,-0.0038472021233828535
353,2014-03-12,0.0035003907444934867
354,2014-03-13,-0.01620912533222585
355,2014-03-14,-0.0099935179141446
356,2014-03-17,0.01565944495899796
357,2014-03-18,0.022358571817167494
358,2014-03-19,0.01338000171582765
359,2014-03-20,0.020578632470531044
360,2014-03-21,-0.01853635006991139
361,2014-03-24,0.03673065841253509
362,2014-03-25,0.004906884242820819
363,2014-03-26,0.02894150666779982
364,2014-03-27,0.05698086843738315
365,2014-03-28,-0.005402162167818414
366,2014-03-31,0.011670191235459981
367,2014-04-01,0.004159804682864809
368,2014-04-02,0.036367224108080354
369,2014-04-03,-0.02282943234618573
370,2014-04-04,-0.03238169116903444
371,2014-04-07,0.05549462577054509
372,2014-04-08,-0.030744042338832767
373,2014-04-09,-0.012448849935777773
374,2014-04-10,0.0011918465959048774
375,2014-04-11,0.02442287051651837
376,2014-04-14,-0.009929882292349479
377,2014-04-15,-0.01657750734476071
378,2014-04-16,0.010392563113380326
379,2014-04-17,0.02825075451338188
380,2014-04-22,-0.004604256981743493
381,2014-04-23,-0.010442003034061731
382,2014-04-24,0.019345668988259845
383,2014-04-25,-0.00746045479083568
384,2014-04-28,0.0002858704353769781
385,2014-04-29,0.009746175757268993
386,2014-04-30,-0.019877015873209114
387,2014-05-02,0.022724386572540833
388,2014-05-05,0.016642359885534308
389,2014-05-06,0.005577082248549026
390,2014-05-07,0.009691771666356264
391,2014-05-08,-0.01470982145336519
392,2014-05-09,-0.012092411970974215
393,2014-05-12,0.0022604752496424574
394,2014-05-13,-0.00028429964186704737
395,2014-05-14,0.020958999088377173
396,2014-05-15,-0.01336324591075444
397,2014-05-16,0.006149238778700106
398,2014-05-19,-0.006427375638267563
399,2014-05-20,-0.018962398458317153
400,2014-05-21,-0.017294672906862374
401,2014-05-22,-0.002910332026153206
402,2014-05-23,-0.012614006508917974
403,2014-05-26,-0.0038465820014592644
404,2014-05-27,-0.018545530071827354
405,2014-05-28,0.002715123213120396
406,2014-05-29,-0.013948284256068977
407,2014-05-30,-0.018802574900828706
408,2014-06-02,0.006201567245445627
409,2014-06-03,-0.002783659356501378
410,2014-06-04,-0.010915498713349514
411,2014-06-05,-0.009446114544725326
412,2014-06-06,0.05599831660479326
413,2014-06-09,0.015439396218528412
414,2014-06-10,0.01200619616474663
415,2014-06-11,0.016743132340541145
416,2014-06-13,-0.007468943623324176
417,2014-06-16,-0.005495832938116951
418,2014-06-17,-0.011082860144387308
419,2014-06-18,0.03174749328386195
420,2014-06-20,-0.01286469056530759
421,2014-06-23,-0.01624573445586286
422,2014-06-24,0.016531275966908954
423,2014-06-25,-0.044111355148803266
424,2014-06-26,0.002103884356297492
425,2014-06-27,-0.01298782284980371
426,2014-06-30,-0.020263090895737523
427,2014-07-01,0.004642573541284278
428,2014-07-02,-0.003403068868626402
429,2014-07-03,0.02780346992360938
430,2014-07-04,-0.008473897254552387
431,2014-07-07,-0.0030422456663035113
432,2014-07-08,-0.0003070078809828125
433,2014-07-10,0.041212798599166156
434,2014-07-11,-0.001170647829207283
435,2014-07-14,0.042437282238248386
436,2014-07-15,-0.0033735974831765603
437,2014-07-16,-0.019917577849068113
438,2014-07-17,0.007445374500457014
439,2014-07-18,0.040251389580235664
440,2014-07-21,0.0
441,2014-07-22,-0.0005478487933610054
442,2014-07-23,-0.003021032979921401
443,2014-07-24,-0.0005498481814636413
444,2014-07-25,-0.0022025820020172837
445,2014-07-28,-0.0005514446219549995
446,2014-07-29,-0.011096534379848588
447,2014-07-30,-0.016028558868697473
448,2014-07-31,0.0028337289152200462
449,2014-08-01,-0.0017009676734631718
450,2014-08-04,0.02045745246364916
451,2014-08-05,-0.01228073818959352
452,2014-08-06,0.0022474132481429265
453,2014-08-07,-0.012405263521337861
454,2014-08-08,-0.007688880035616297
455,2014-08-11,0.0345585859888744
456,2014-08-12,-0.00027805602818631314
457,2014-08-13,-0.003873807938849172
458,2014-08-14,0.019224310184096538
459,2014-08-15,0.005428265182559233
460,2014-08-18,0.001081297731174491
461,2014-08-19,0.038700721328589704
462,2014-08-20,-0.005475420958093391
463,2014-08-21,0.009107818429391568
464,2014-08-22,-0.010417376287668034
465,2014-08-25,0.0207274610138084
466,2014-08-26,-0.009531454866663402
467,2014-08-27,0.031091204643893366
468,2014-08-28,0.004257500300542283
469,2014-08-29,0.006973585520735348
470,2014-09-01,-0.007973319243087307
471,2014-09-02,0.0237283117742475
472,2014-09-03,-0.011299752935946206
473,2014-09-04,-0.02400121822042589
474,2014-09-05,0.00831489280393427
475,2014-09-08,-0.033163650111423415
476,2014-09-09,0.00025736045259883156
477,2014-09-10,-0.01200136244478589
478,2014-09-11,0.00026426808427304493
479,2014-09-12,-0.031723414274740236
480,2014-09-15,0.03381976288319466
481,2014-09-16,0.017132970935368697
482,2014-09-17,-0.002060701141744836
483,2014-09-18,-0.0208516801170604
484,2014-09-19,-0.008460855561761349
485,2014-09-22,-0.003992788923263824
486,2014-09-23,-0.008571224372526665
487,2014-09-24,0.010437527724431739
488,2014-09-25,-0.025067459006419046
489,2014-09-26,0.03933786185452126
490,2014-09-29,-0.07235531884938906
491,2014-09-30,-0.012773385971228013
492,2014-10-01,-0.03370698744427569
493,2014-10-02,0.019026464488731687
494,2014-10-03,0.01753272472630618
495,2014-10-06,0.0743719617869063
496,2014-10-07,-0.005302034155091118
497,2014-10-08,-0.02449560591745481
498,2014-10-09,0.016219535379131678
499,2014-10-10,-0.04020948978524164
500,2014-10-13,0.06352476975651422
501,2014-10-14,0.00026371459354468385
502,2014-10-15,-0.048280704045729816
503,2014-10-16,-0.03523599385159937
504,2014-10-17,0.04181151948515227
505,2014-10-20,-0.019297162038177884
506,2014-10-21,-0.05727234963304584
507,2014-10-22,0.0
508,2014-10-23,-0.04275206675307075
509,2014-10-24,0.011621906570239648
510,2014-10-27,-0.03213056188475916
511,2014-10-28,0.04331618759736955
512,2014-10-29,-0.02959557211295083
513,2014-10-30,0.07457141082740204
514,2014-10-31,0.04743412865402785
515,2014-11-03,-0.025543177613545076
516,2014-11-04,0.02004329133807836
517,2014-11-05,-0.024551509366571356
518,2014-11-06,-0.01795764319050619
519,2014-11-07,0.006593242588615045
520,2014-11-10,-0.0011431206833947272
521,2014-11-11,0.01165794128422215
522,2014-11-12,-0.010514820600827424
523,2014-11-13,-0.026933272673861808
524,2014-11-14,0.013990432132962027
525,2014-11-17,-0.024908676582201306
526,2014-11-18,0.04610265968652483
527,2014-11-19,0.03726873245347084
528,2014-11-21,0.06320492292808666
529,2014-11-24,-0.013935213223292386
530,2014-11-25,0.027933529100207632
531,2014-11-26,-0.026633496132026924
532,2014-11-27,-0.01569763646212996
533,2014-11-28,0.008402454679452998
534,2014-12-01,-0.053703547448620714
535,2014-12-02,-0.005255626019705861
536,2014-12-03,0.010756035353732152
537,2014-12-04,-0.023316027066759837
538,2014-12-05,0.008114503370746373
539,2014-12-08,-0.03255813158337739
540,2014-12-09,0.0014352384433902188
541,2014-12-10,-0.011268907760117575
542,2014-12-11,0.019284438653297986
543,2014-12-12,-0.05628685731040184
544,2014-12-15,-0.01948751201832133
545,2014-12-16,-0.0006150524271197888
546,2014-12-17,0.05536035406600526
547,2014-12-18,-0.009948673881872594
548,2014-12-19,0.018645962595866816
549,2014-12-22,0.0165993820237631
550,2014-12-23,-0.004554742129623257
551,2014-12-26,-0.015225390711626652
552,2014-12-29,0.007786323455130528
553,2014-12-30,-0.014178466042334303
554,2015-01-02,-0.0037918314118994267
555,2015-01-05,-0.012953132165424819
556,2015-01-06,0.02631785698201483
557,2015-01-07,0.04320592546847557
558,2015-01-08,0.002208057887553405
559,2015-01-09,-0.035652328105376
560,2015-01-12,-0.01700696103144983
561,2015-01-13,-0.010225535766349658
562,2015-01-14,0.011679649829232197
563,2015-01-15,-0.007283315549138081
564,2015-01-16,0.002629497905008993
565,2015-01-19,-0.026597807991321165
566,2015-01-20,-0.008118939035790085
567,2015-01-21,0.04516175638915465
568,2015-01-22,-0.0023150288815343423
569,2015-01-23,-0.009590882453167637
570,2015-01-26,0.011037934456904708
571,2015-01-27,0.010917344003862794
572,2015-01-28,-0.02282943234618573
573,2015-01-29,-0.007334583793892513
574,2015-01-30,-0.013638046403894322
575,2015-02-02,0.02505540670391282
576,2015-02-03,0.015886253922747784
577,2015-02-04,0.011392676126976475
578,2015-02-05,-0.0042549404353340314
579,2015-02-06,0.0014189993041844318
580,2015-02-09,-0.0011367069221286386
581,2015-02-10,-0.019240149111930283
582,2015-02-11,-0.012252749718317801
583,2015-02-12,0.04280589130424595
584,2015-02-13,0.014241900292038423
585,2015-02-18,0.010753008142226683
586,2015-02-19,-0.0013738934409754933
587,2015-02-20,-0.0049544537642054465
588,2015-02-23,0.010434791711149582
589,2015-02-24,0.015717648394573125
590,2015-02-25,0.015740921194657975
591,2015-02-26,-0.012520459298685171
592,2015-02-27,0.0008054224573719182
593,2015-03-02,-0.021658861587635414
594,2015-03-03,0.0016401918431019347
595,2015-03-04,-0.008782924605539755
596,2015-03-05,-0.007745380480314257
597,2015-03-06,-0.01286024576522049
598,2015-03-09,-0.0127450158574538
599,2015-03-10,-0.021311923705533697
600,2015-03-11,0.02017169170710531
601,2015-03-12,-0.023086301334105386
602,2015-03-13,-0.01145514455401253
603,2015-03-16,0.007065249815725316
604,2015-03-17,0.043047705850682405
605,2015-03-18,0.049056789353974395
606,2015-03-19,-0.01835250339049166
607,2015-03-20,0.012181997690203783
608,2015-03-23,-0.0024221548601928156
609,2015-03-24,-0.0024319824198446582
610,2015-03-25,0.0005404435177118749
611,2015-03-26,-0.025179523465189924
612,2015-03-27,-0.03819237340266923
613,2015-03-30,0.018148437663142225
614,2015-03-31,0.022149167732367747
615,2015-04-01,0.033293037026742134
616,2015-04-02,0.020649606049585767
617,2015-04-06,0.000944195122648317
618,2015-04-07,-0.006935835409300761
619,2015-04-08,0.007879139868413265
620,2015-04-09,-0.02093374408100601
621,2015-04-10,0.007982338459288751
622,2015-04-13,-0.0015944769469937725
623,2015-04-14,-0.010242604743191386
624,2015-04-15,0.003854743230896407
625,2015-04-16,-0.0012832641130708922
626,2015-04-17,-0.028648647227321078
627,2015-04-20,-0.004633595539882407
628,2015-04-22,0.02328366963850792
629,2015-04-23,0.0035613624323183046
630,2015-04-24,-0.0035613624323183046
631,2015-04-27,-0.010099555118887604
632,2015-04-28,-0.009872800059502307
633,2015-04-29,-0.005302635118209942
634,2015-04-30,-0.0013310760144866762
635,2015-05-04,-0.006682046189919966
636,2015-05-05,0.013979166150118516
637,2015-05-06,-0.014982322398166215
638,2015-05-07,0.003681351330040439
639,2015-05-08,-0.01007837898317998
640,2015-05-11,-0.002363661706520581
641,2015-05-12,-0.009178779651473512
642,2015-05-13,-0.014104948381611582
643,2015-05-14,0.025310646535967152
644,2015-05-15,0.007068336071969661
645,2015-05-18,-0.019300500095038586
646,2015-05-19,0.0023920674540081066
647,2015-05-20,-0.017895776485180814
648,2015-05-21,-0.02105548018386516
649,2015-05-22,-0.03316514013087213
650,2015-05-25,0.009486314311549116
651,2015-05-26,-0.024257618363659805
652,2015-05-27,0.019525754305314447
653,2015-05-28,-0.008430227119293754
654,2015-05-29,-0.036721857913314615
655,2015-06-01,0.015151794201134994
656,2015-06-02,0.018626010674472226
657,2015-06-03,-0.031871801316690984
658,2015-06-05,-0.012649160301472673
659,2015-06-08,0.003082604944583789
660,2015-06-09,0.004606163217850678
661,2015-06-10,0.02383229494419048
662,2015-06-11,-0.00224837945471279
663,2015-06-12,-0.00450305593878797
664,2015-06-15,0.0060010811709245715
665,2015-06-16,0.015592964352141525
666,2015-06-17,0.001101341419680768
667,2015-06-18,0.02183717069939295
668,2015-06-19,-0.017430574503946694
669,2015-06-22,0.01418572737301016
670,2015-06-23,-0.008707872418575402
671,2015-06-24,0.013392006191905725
672,2015-06-25,-0.004324089512848683
673,2015-06-26,0.01788854916802407
674,2015-06-29,-0.016445107472207177
675,2015-06-30,0.008612821353933153
676,2015-07-01,-0.006453745282598344
677,2015-07-02,0.0
678,2015-07-03,0.002874400287478096
679,2015-07-06,-0.019558025087801578
680,2015-07-07,0.0014624336582484965
681,2015-07-08,-0.01434749937374491
682,2015-07-10,0.024520688485565323
683,2015-07-13,0.01114530624980814
684,2015-07-14,0.012436272395996983
685,2015-07-15,0.005281077788187982
686,2015-07-16,-0.012011540975162216
687,2015-07-17,-0.008209168168048286
688,2015-07-20,-0.007196463027679734
689,2015-07-21,-0.003976935526537773
690,2015-07-22,-0.002542250818621472
691,2015-07-23,-0.04610532392887512
692,2015-07-24,0.0015213770237818558
693,2015-07-27,0.0034134618267795958
694,2015-07-28,0.01801271307307095
695,2015-07-29,0.025700022823864188
696,2015-07-30,-0.013133621801098005
697,2015-07-31,0.01566507306453291
698,2015-08-03,-0.009445037204723672
699,2015-08-04,-0.010637973570668535
700,2015-08-05,0.004784107224640621
701,2015-08-06,-0.0036811860713625855
702,2015-08-07,-0.025750112144117043
703,2015-08-10,0.007535232393864
704,2015-08-11,0.00037413709366873604
705,2015-08-12,-0.026992803582009728
706,2015-08-13,-0.013969428419790653
707,2015-08-14,-0.007456034923036814
708,2015-08-17,-0.018274474539955232
709,2015-08-18,0.02259834611027367
710,2015-08-19,-0.02019721115040296
711,2015-08-20,0.007970553741474706
712,2015-08-21,-0.024099925783731546
713,2015-08-24,-0.004479273658835048
714,2015-08-25,0.007726973889386812
715,2015-08-26,0.05210481731820282
716,2015-08-27,0.03773812084776962
717,2015-08-28,-0.022093014731017213
718,2015-08-31,-0.04809045366005238
719,2015-09-01,-0.031068008335783937
720,2015-09-02,0.019081153975661014
721,2015-09-03,0.023053198883442594
722,2015-09-04,-0.042543150977904176
723,2015-09-08,0.017473141759350774
724,2015-09-09,0.004824731772165247
725,2015-09-10,-0.01780038100023207
726,2015-09-11,0.0020380704438101027
727,2015-09-14,0.050825883225688706
728,2015-09-15,0.017650333604898094
729,2015-09-16,0.02739134874348803
730,2015-09-17,-0.0059409062194188955
731,2015-09-18,-0.0468714763622895
732,2015-09-21,-0.018510229873046402
733,2015-09-22,-0.002385842651197123
734,2015-09-23,-0.0323914559121139
735,2015-09-24,0.006967368407093222
736,2015-09-25,-0.021476011358134706
737,2015-09-28,-0.030093503308928238
738,2015-09-29,0.00685802037417238
739,2015-09-30,0.009357966593869449
740,2015-10-01,0.016377878933341528
741,2015-10-02,0.040807809577746657
742,2015-10-05,0.022925636244244707
743,2015-10-06,0.01204142255742724
744,2015-10-07,0.034157743320946565
745,2015-10-08,0.0018633218686954223
746,2015-10-09,-0.0074743928389375824
747,2015-10-13,-0.05753596180822562
748,2015-10-14,0.0015890461384473475
749,2015-10-15,-0.006769691115365184
750,2015-10-16,-0.011656083468170486
751,2015-10-19,-0.0028305615669883544
752,2015-10-20,-0.01634701630441704
753,2015-10-21,-0.007443852901710013
754,2015-10-22,0.01196363952231394
755,2015-10-23,-0.015291059226007597
756,2015-10-26,0.003327419703693657
757,2015-10-27,-0.0004140598419044572
758,2015-10-28,0.015246913096358394
759,2015-10-29,-0.03962782744959137
760,2015-10-30,-0.0025598773821915444
761,2015-11-03,0.05640176384845752
762,2015-11-04,-0.00606983629533131
763,2015-11-05,0.011298397753206402
764,2015-11-06,-0.017400338073930044
765,2015-11-09,-0.029407958076062446
766,2015-11-10,-0.008867911660755734
767,2015-11-11,0.013900901813928002
768,2015-11-12,0.009572551335910173
769,2015-11-13,-0.014186434283503413
770,2015-11-16,-0.003788510769924258
771,2015-11-17,0.04494913825646263
772,2015-11-18,0.021146170941811704
773,2015-11-19,0.023793307300459254
774,2015-11-23,-0.005797655491046161
775,2015-11-24,0.004258713653371604
776,2015-11-25,-0.0434005364045964
777,2015-11-26,0.023903078924132348
778,2015-11-27,-0.038117137940806955
779,2015-11-30,-0.0177450053028112
780,2015-12-01,0.0041583460838006125
781,2015-12-02,0.0028950070972193487
782,2015-12-03,0.036131318976252214
783,2015-12-04,-0.02953683710599808
784,2015-12-07,-0.0024702594436005754
785,2015-12-08,-0.01618243337275116
786,2015-12-09,0.030489482624575626
787,2015-12-10,-0.04015860651853442
788,2015-12-11,-0.017043356412034694
789,2015-12-14,-0.020406768161000066
790,2015-12-15,0.0043751002378269455
791,2015-12-16,0.005228084592692195
792,2015-12-17,-0.006976871120379702
793,2015-12-18,-0.057172183634027984
794,2015-12-21,-0.024030035910228786
795,2015-12-22,0.0023802329583495485
796,2015-12-23,0.011822605441662581
797,2015-12-28,0.007492298969975053
798,2015-12-29,-0.001401208294474543
799,2015-12-30,-0.04296016102642053
800,2016-01-04,-0.014746137311338448
801,2016-01-05,0.006906584952808714
802,2016-01-06,-0.017856384750915666
803,2016-01-07,-0.032554673676290946
804,2016-01-08,-0.0020730328493443473
805,2016-01-11,-0.019358097766195126
806,2016-01-12,0.006847880196768852
807,2016-01-13,-0.0036824723690793704
808,2016-01-14,0.011000681241997157
809,2016-01-15,-0.044194556576917066
810,2016-01-18,-0.005455579727945636
811,2016-01-19,-0.0016438214587877198
812,2016-01-20,0.006011982512401204
813,2016-01-21,0.005431865314649897
814,2016-01-22,0.0027114486831956164
815,2016-01-26,0.0
816,2016-01-27,0.020329193009533952
817,2016-01-28,0.016809468243869752
818,2016-01-29,0.02010804573292857
819,2016-02-01,0.01217376214874788
820,2016-02-02,-0.042753771125071616
821,2016-02-03,0.0612414782636459
822,2016-02-04,0.06469306885262904
823,2016-02-05,-0.031582925321265165
824,2016-02-10,0.006682458689232007
825,2016-02-11,-0.017273750083419692
826,2016-02-12,0.003379467998000152
827,2016-02-15,0.0043332974023706505
828,2016-02-16,0.02747468080021198
829,2016-02-17,0.008843562501487767
830,2016-02-18,-0.00325019012206873
831,2016-02-19,0.003709648529555132
832,2016-02-22,0.05407075928357541
833,2016-02-23,-0.007484340844719384
834,2016-02-24,0.00043834799320263684
835,2016-02-25,0.001324620617775274
836,2016-02-26,-0.008415067924123498
837,2016-02-29,0.0345393078803129
838,2016-03-01,0.02461722490434104
839,2016-03-02,0.02688949970410137
840,2016-03-03,0.0636464104808705
841,2016-03-04,0.07558346188458964
842,2016-03-07,-0.017551149318947523
843,2016-03-08,0.012567303118069972
844,2016-03-09,-0.005008852788777052
845,2016-03-10,0.03211997344822537
846,2016-03-11,0.03749618130997279
847,2016-03-14,-0.007386753820746161
848,2016-03-15,-0.05650827434642425
849,2016-03-16,-0.02637893232755717
850,2016-03-17,0.11407516404085527
851,2016-03-18,0.0
852,2016-03-21,0.02069548042022218
853,2016-03-22,-0.0009645910630315946
854,2016-03-23,-0.03255313295828577
855,2016-03-24,-0.023775804133375544
856,2016-03-28,0.03234349176903217
857,2016-03-29,0.022065116996569323
858,2016-03-30,0.0
859,2016-03-31,-0.03527616370686504
860,2016-04-01,0.021052323931426198
861,2016-04-04,-0.026384400527740937
862,2016-04-05,0.000331521867315665
863,2016-04-06,-0.029152870210403137
864,2016-04-07,0.012307036458464093
865,2016-04-08,0.04224867683018996
866,2016-04-11,0.014229059884560247
867,2016-04-12,0.028182210145143216
868,2016-04-13,0.011792228238438618
869,2016-04-14,-0.017114001171182558
870,2016-04-15,-0.0015697485898260588
871,2016-04-18,-0.003402601397036964
872,2016-04-19,-0.008713462549686302
873,2016-04-20,-0.01161777693621513
874,2016-04-22,-0.00960484879016743
875,2016-04-25,-0.01658360202264797
876,2016-04-26,0.030781919121714463
877,2016-04-27,0.023342332394283627
878,2016-04-28,-0.01631802376696756
879,2016-04-29,-0.016941101080185206
880,2016-05-02,-0.014344771625202757
881,2016-05-03,-0.025602384425043034
882,2016-05-04,0.034233112859872517
883,2016-05-05,-0.024281369678861964
884,2016-05-06,0.004027140085039793
885,2016-05-09,0.01270742167899419
886,2016-05-10,0.03020195218538646
887,2016-05-11,-0.0024517280378915096
888,2016-05-12,0.023580133043814122
889,2016-05-13,-0.04163941129320836
890,2016-05-16,-0.01330464986478086
891,2016-05-17,-0.029020218317205693
892,2016-05-18,0.0007459016739272961
893,2016-05-19,-0.01728142181053549
894,2016-05-20,-0.010664814764412167
895,2016-05-23,-0.008848327991016536
896,2016-05-24,0.007313641311183616
897,2016-05-25,-0.006926931379180878
898,2016-05-27,-0.013611662001218328
899,2016-05-30,-0.003529362054572882
900,2016-05-31,-0.037636978037992375
901,2016-06-01,0.010957750187478688
902,2016-06-02,0.016806304488679036
903,2016-06-03,0.018090094110723598
904,2016-06-06,-0.008217170748888947
905,2016-06-07,0.0023528685663380955
906,2016-06-08,0.021715086868633993
907,2016-06-09,0.0019136950623166449
908,2016-06-10,-0.031498995544113395
909,2016-06-13,0.012563527799818175
910,2016-06-14,-0.01572819299044692
911,2016-06-15,-0.0051667053415740405
912,2016-06-16,0.01345531859100646
913,2016-06-17,0.00196116689292003
914,2016-06-20,0.014412675431810129
915,2016-06-21,0.011150241176442144
916,2016-06-22,0.0034350573685864028
917,2016-06-23,0.02000025206410072
918,2016-06-24,-0.017333455431219225
919,2016-06-27,-0.02657699200592445
920,2016-06-28,0.022769256754064937
921,2016-06-29,0.0158966966815961
922,2016-06-30,0.01417057255265286
923,2016-07-01,0.009210263038668565
924,2016-07-04,-0.002937835128772104
925,2016-07-05,-0.00738485439767711
926,2016-07-06,-0.004830769319475348
927,2016-07-07,0.004088463569635881
928,2016-07-08,0.02128628876836025
929,2016-07-11,0.002174464671919285
930,2016-07-12,0.0014496738781839547
931,2016-07-13,0.015080346771056519
932,2016-07-14,0.03294901962173924
933,2016-07-15,0.004817006920923017
934,2016-07-18,0.016001359964654682
935,2016-07-19,-0.0020304273474662793
936,2016-07-20,0.008425667727543384
937,2016-07-21,-0.00504761883916105
938,2016-07-22,0.0016866067069822854
939,2016-07-25,-0.006756141785118963
940,2016-07-26,-0.0033951718563294264
941,2016-07-27,0.003734436116203721
942,2016-07-28,-0.029225652375456157
943,2016-07-29,0.019008654580651374
944,2016-08-01,0.009877733534930488
945,2016-08-02,-0.015027557650389323
946,2016-08-03,0.00856711425062251
947,2016-08-04,0.019592548793056164
948,2016-08-05,-0.0023433647348825026
949,2016-08-08,-0.0023488320194466894
950,2016-08-09,0.004025828267891551
951,2016-08-10,-0.029562190255208787
952,2016-08-11,0.02385259513347604
953,2016-08-12,0.003696861881326008
954,2016-08-15,0.015313876063614007
955,2016-08-16,-0.012969725363987994
956,2016-08-17,0.006008287345272478
957,2016-08-18,-0.0009995003696769977
958,2016-08-19,-0.007352937675221494
959,2016-08-22,-0.026169717733384612
960,2016-08-23,-0.014218022995216906
961,2016-08-24,-0.0010494491355714786
962,2016-08-25,0.0017484705341166418
963,2016-08-26,0.003135736131746558
964,2016-08-29,0.02643924379173912
965,2016-08-30,0.003382649277346328
966,2016-08-31,-0.01737636159784328
967,2016-09-01,0.0024050135524098515
968,2016-09-02,0.026723060961860945
969,2016-09-05,0.005656490769850642
970,2016-09-06,0.006285256544783735
971,2016-09-08,-0.0006569151128390516
972,2016-09-09,-0.05425258834551938
973,2016-09-12,0.001045794793939514
974,2016-09-13,-0.03290766713646898
975,2016-09-14,-0.0007163652431043666
976,2016-09-15,0.013228462598024127
977,2016-09-16,-0.027003620988387933
978,2016-09-19,0.010526915126778391
979,2016-09-20,0.014344771625202757
980,2016-09-21,0.016590671800736256
981,2016-09-22,0.006633421636560666
982,2016-09-23,0.0
983,2016-09-26,-0.007334648812802769
984,2016-09-27,0.004545413341446647
985,2016-09-28,0.005914120963843583
986,2016-09-29,-0.018547493132650583
987,2016-09-30,0.0014093822648191257
988,2016-10-03,0.0021162799416316602
989,2016-10-04,0.010154561220431901
990,2016-10-05,0.01487111006023678
991,2016-10-06,0.004453511198282634
992,2016-10-07,0.015262630469488947
993,2016-10-10,0.005704032328138542
994,2016-10-11,0.0006697898998115903
995,2016-10-13,0.0016725146688303383
996,2016-10-14,0.00698684331126076
997,2016-10-17,0.010553888722098836
998,2016-10-18,0.02462822997987768
999,2016-10-19,-0.006744488792923331
1000,2016-10-20,0.005461976584770767
1001,2016-10-21,-0.008689579445160245
1002,2016-10-24,-0.010072572677946035
1003,2016-10-25,-0.003926957355249172
1004,2016-10-26,-0.001642329818918764
1005,2016-10-27,0.014670486812993655
1006,2016-10-28,-0.0032411702995234215
1007,2016-10-31,0.029746024658855674
1008,2016-11-01,-0.02488642310150624
1009,2016-11-03,-0.021224928857899616
1010,2016-11-04,-0.005296169480629054
1011,2016-11-07,0.03264025901349932
1012,2016-11-08,0.007359207542335877
1013,2016-11-09,-0.021263674048002557
1014,2016-11-10,-0.06456188490337267
1015,2016-11-11,-0.03247486354386986
1016,2016-11-14,-0.003233700511114268
1017,2016-11-16,0.020307396423570268
1018,2016-11-17,-0.017073695912456
1019,2016-11-18,0.015664313647636874
1020,2016-11-21,0.005633647889269788
1021,2016-11-22,0.01844425187933174
1022,2016-11-23,0.006533104522212341
1023,2016-11-24,-0.011369577736255465
1024,2016-11-25,0.002767051274982446
1025,2016-11-28,0.009288141752487267
1026,2016-11-29,-0.021106452662797537
1027,2016-11-30,0.018704739770293966
1028,2016-12-01,-0.06011184132972858
1029,2016-12-02,0.004727197814402118
1030,2016-12-05,0.0007258492478312562
1031,2016-12-06,0.014392496573736313
1032,2016-12-07,-0.01402974949814384
1033,2016-12-08,0.0065031263436270415
1034,2016-12-09,0.01074011078528292
1035,2016-12-12,-0.011821686620571814
1036,2016-12-13,0.0032371942375393203
1037,2016-12-14,-0.013016415598229969
1038,2016-12-15,0.0007282651206796942
1039,2016-12-16,0.013007001008100705
1040,2016-12-19,-0.020672344833645884
1041,2016-12-20,0.007665343825545179
1042,2016-12-21,-0.018347286818058972
1043,2016-12-22,-0.011176317242948652
1044,2016-12-23,0.023686601860374967
1045,2016-12-26,0.020276252662643213
1046,2016-12-27,0.002508285328709281
1047,2016-12-28,0.022972932476835073
1048,2016-12-29,0.01800498465602063
1049,2017-01-02,-0.01104182885678684
1050,2017-01-03,0.039125213881807674
1051,2017-01-04,-0.00033031214393863806
1052,2017-01-05,0.005656490769850642
1053,2017-01-06,0.007604931280395633
1054,2017-01-09,0.004601750757547762
1055,2017-01-10,0.0
1056,2017-01-11,-0.009887434534662898
1057,2017-01-12,0.02356327838411998
1058,2017-01-13,-0.005189702887953729
1059,2017-01-16,0.0038939450288277833
1060,2017-01-17,0.0211478759623982
1061,2017-01-18,-0.010838852474373883
1062,2017-01-19,0.00639267250629505
1063,2017-01-20,0.0034970572961383617
1064,2017-01-23,0.027235607041864895
1065,2017-01-24,-0.001856534766809137
1066,2017-01-26,0.017178651210858042
1067,2017-01-27,-0.005488237078588032
1068,2017-01-30,-0.01509972070626242
1069,2017-01-31,-0.00217429145487813
1070,2017-02-01,-0.0034284287764680954
1071,2017-02-02,-0.02561531356339275
1072,2017-02-03,0.023738471833201658
1073,2017-02-06,-0.020540833037554496
1074,2017-02-07,0.005097145605278186
1075,2017-02-08,0.00285427854008935
1076,2017-02-09,-0.002536349617233924
1077,2017-02-10,0.0034871169737260566
1078,2017-02-13,-0.0015851148316827768
1079,2017-02-14,-0.007956489837172231
1080,2017-02-15,0.01898950969005675
1081,2017-02-16,-0.0018845332385026836
1082,2017-02-17,0.0012567500169491375
1083,2017-02-20,0.0037573637304322283
1084,2017-02-21,0.029861556865440786
1085,2017-02-22,0.02041561174875417
1086,2017-02-23,-0.017387408213575206
1087,2017-02-24,-0.013394432250237731
1088,2017-03-01,-0.0226249086592607
1089,2017-03-02,-0.010715795815700258
1090,2017-03-03,0.01384537632457894
1091,2017-03-06,0.004677827724073769
1092,2017-03-07,-0.007807408232952451
1093,2017-03-08,-0.010398672377693874
1094,2017-03-09,0.004109939684463271
1095,2017-03-10,0.008479469207723689
1096,2017-03-13,0.011817583760580508
1097,2017-03-14,-0.013380930918045042
1098,2017-03-15,0.015541191804555154
1099,2017-03-16,-0.0006177113651664179
1100,2017-03-17,-0.02278736952615157
1101,2017-03-20,0.025564070767231772
1102,2017-03-21,-0.035719313749366766
1103,2017-03-22,-0.006078118605695515
1104,2017-03-23,0.00671651128095041
1105,2017-03-24,0.015811527350487964
1106,2017-03-27,0.007814736220463026
1107,2017-03-28,0.011454657503160881
1108,2017-03-29,0.003379934537477869
1109,2017-03-30,-0.004613072215675196
1110,2017-03-31,-0.012402011734276908
1111,2017-04-03,0.010549449342112549
1112,2017-04-04,0.007079555795595827
1113,2017-04-05,-0.026720744759424875
1114,2017-04-06,-0.00917166295489169
1115,2017-04-07,0.0006359589566571344
1116,2017-04-10,0.003803838652258751
1117,2017-04-11,0.0034737966733771053
1118,2017-04-12,-0.006642080555741003
1119,2017-04-13,-0.027675185241493594
1120,2017-04-17,0.038404454833954826
1121,2017-04-18,0.00031423683010611825
1122,2017-04-19,-0.01581653462862631
1123,2017-04-20,-0.011224068251582953
1124,2017-04-24,0.018848658661473117
1125,2017-04-25,0.003159172327971138
1126,2017-04-26,0.0031493271539222434
1127,2017-04-27,0.02943540821099866
1128,2017-04-28,-0.006124951027620451
1129,2017-05-02,0.033533127327791235
1130,2017-05-03,-0.010842885924708057
1131,2017-05-04,-0.020694997589892683
1132,2017-05-05,0.005046234510576841
1133,2017-05-08,-0.006058517353686899
1134,2017-05-09,0.0040430984313846174
1135,2017-05-10,0.020962370952878562
1136,2017-05-11,-0.0003293265193824446
1137,2017-05-12,0.017630198438194356
1138,2017-05-15,-0.001943635208570882
1139,2017-05-16,-0.0012978911831327267
1140,2017-05-17,-0.02631727584984045
1141,2017-05-18,-0.13926206733350766
1142,2017-05-19,0.030190972279145356
1143,2017-05-22,-0.017248233802825474
1144,2017-05-23,0.01015993687773964
1145,2017-05-24,0.007088296925085835
1146,2017-05-25,-0.0007438081552262332
1147,2017-05-26,0.024620020848715285
1148,2017-05-29,0.0
1149,2017-05-30,0.005429949993092986
1150,2017-05-31,-0.02374548097046203
1151,2017-06-01,-0.005560681716120008
1152,2017-06-02,-0.014981553615616594
1153,2017-06-05,0.0018849770309872227
1154,2017-06-06,0.009372140180213595
1155,2017-06-07,0.015550110282248841
1156,2017-06-08,-0.011082455709098937
1157,2017-06-09,-0.01610220149254893
1158,2017-06-12,-0.012918112773046442
1159,2017-06-13,-0.0011478478178630347
1160,2017-06-14,0.03313552331126024
1161,2017-06-15,0.0
1162,2017-06-16,-0.025887808960490588
1163,2017-06-19,0.01658541629817689
1164,2017-06-20,-0.009012453041081336
1165,2017-06-21,-0.007192913843817816
1166,2017-06-22,0.01170925581709037
1167,2017-06-23,-0.01170925581709037
1168,2017-06-26,0.03362285402850995
1169,2017-06-27,-0.009226860412223648
1170,2017-06-28,0.005914989737871856
1171,2017-06-29,0.0014733336269818764
1172,2017-06-30,0.01570234928484826
1173,2017-07-03,0.0036166765712706272
1174,2017-07-04,-0.0014451230577630092
1175,2017-07-05,0.0021668120100533095
1176,2017-07-06,-0.020040714808409188
1177,2017-07-07,0.004040446193895875
1178,2017-07-10,0.015278579662223013
1179,2017-07-11,0.013625129863235053
1180,2017-07-12,0.04287114144714188
1181,2017-07-13,0.011196046084941624
1182,2017-07-14,0.011739226071223907
1183,2017-07-17,-0.007026931925471658
1184,2017-07-18,0.012016099184402496
1185,2017-07-19,-0.013024028028209678
1186,2017-07-20,-0.0087779091644542
1187,2017-07-21,0.0
1188,2017-07-24,0.006422195471995185
1189,2017-07-25,0.01637463487179014
1190,2017-07-26,-0.014018921179331123
1191,2017-07-27,-0.010135187938186352
1192,2017-07-28,0.010135187938186352
1193,2017-07-31,0.01335579118155561
1194,2017-08-01,0.004962756338827923
1195,2017-08-02,0.009852329446312869
1196,2017-08-03,-0.018470148773453765
1197,2017-08-04,0.007296848175328385
1198,2017-08-07,0.01671348097374059
1199,2017-08-08,0.004215994569749082
1200,2017-08-09,-0.007145207404644083
1201,2017-08-10,-0.0026109675407202104
1202,2017-08-11,0.010403214760886126
1203,2017-08-14,0.016359627090254847
1204,2017-08-15,0.006343154892525682
1205,2017-08-16,-0.010487940104776605
1206,2017-08-17,-0.013509372824070276
1207,2017-08-18,0.03687646063798944
1208,2017-08-21,-0.011299586464919464
1209,2017-08-22,0.037179033655379
1210,2017-08-23,0.0036429608648762546
1211,2017-08-24,-0.002123465078207154
1212,2017-08-25,0.005451285373237358
1213,2017-08-28,-0.009406896859217806
1214,2017-08-29,0.013626282199570738
1215,2017-08-30,-0.01882262584999017
1216,2017-08-31,-0.0117140980100916
1217,2017-09-01,0.019650586554805116
1218,2017-09-04,-0.011928540460894865
1219,2017-09-05,0.0006151953439181845
1220,2017-09-06,0.020694621363314347
1221,2017-09-07,0.0
1222,2017-09-08,0.003007460913443172
1223,2017-09-11,0.020803157659794014
1224,2017-09-12,-0.009456335242035596
1225,2017-09-13,0.009456335242035596
1226,2017-09-14,-0.0023557726547251967
1227,2017-09-15,0.028195474575738455
1228,2017-09-18,-0.007768705674149778
1229,2017-09-19,0.008341800253919729
1230,2017-09-20,-0.008052933825918096
1231,2017-09-21,-0.009575062273651902
1232,2017-09-22,0.00029156099900484733
1233,2017-09-25,-0.014976113113205791
1234,2017-09-26,-0.005637101413110024
1235,2017-09-27,-0.007765959098447794
1236,2017-09-28,-0.0135849938300181
1237,2017-09-29,0.015083241301294681
1238,2017-10-02,0.012496383607541794
1239,2017-10-03,0.04848035301093567
1240,2017-10-04,-0.014184634991956546
1241,2017-10-05,0.0019980026626731373
1242,2017-10-06,-0.006005995374038786
1243,2017-10-09,0.0011468177369220456
1244,2017-10-10,0.011679351745913724
1245,2017-10-11,-0.0005665722370657988
1246,2017-10-12,0.0
1247,2017-10-13,-0.011686038313314384
1248,2017-10-16,-0.008060003450294673
1249,2017-10-17,-0.006378595218827776
1250,2017-10-18,-0.003788464333146724
1251,2017-10-19,0.0
1252,2017-10-20,-0.0038028713930797764
1253,2017-10-23,-0.012089193733973769
1254,2017-10-24,0.012382292637170611
1255,2017-10-25,-0.0038162676021897823
1256,2017-10-26,-0.014218249002279304
1257,2017-10-27,0.005355591418023664
1258,2017-10-30,-0.016153536764811793
1259,2017-10-31,-0.011525787457817405
1260,,
