,Time,Returns_BRFS3
0,2012-10-02,-0.0033556798357685658
1,2012-10-03,0.005586634407740654
2,2012-10-04,0.0005568365501722461
3,2012-10-05,0.022844037904135472
4,2012-10-08,0.0010878706391364013
5,2012-10-09,-0.0059978641366922325
6,2012-10-10,0.011689680482934506
7,2012-10-11,0.0
8,2012-10-15,0.0053908755165967825
9,2012-10-16,0.0013431566647472692
10,2012-10-17,-0.0037654428061477674
11,2012-10-18,0.002422286141400498
12,2012-10-19,-0.005120695802206754
13,2012-10-22,0.015815904845743578
14,2012-10-23,0.0
15,2012-10-24,0.010582162522027705
16,2012-10-25,0.0005261773338975928
17,2012-10-26,-0.00845221608111979
18,2012-10-29,-0.006119481485550526
19,2012-10-30,-0.008576814494045237
20,2012-10-31,-0.00539815054175774
21,2012-11-01,0.0013522381864143895
22,2012-11-05,0.013423020332140823
23,2012-11-06,0.002663064227992784
24,2012-11-07,-0.0031965398341364804
25,2012-11-08,-0.008843632370653776
26,2012-11-09,-0.01518884596845238
27,2012-11-12,-0.0052061494433668365
28,2012-11-13,0.03509129139141498
29,2012-11-14,-0.0005306712710013706
30,2012-11-16,-0.015512534003129907
31,2012-11-19,0.023969244021353475
32,2012-11-21,0.022893845586017036
33,2012-11-22,0.005898209023928125
34,2012-11-23,0.01346046989841243
35,2012-11-26,0.006537689786386469
36,2012-11-27,-0.01007570211405362
37,2012-11-28,-0.009155735488456607
38,2012-11-29,-0.01389271176130702
39,2012-11-30,0.005167996198719216
40,2012-12-03,0.00591033471517477
41,2012-12-04,0.00409103112361997
42,2012-12-05,-0.004859940565180132
43,2012-12-06,0.003838827392733002
44,2012-12-07,-0.0064061714840981665
45,2012-12-10,-0.007742077380968659
46,2012-12-11,0.03562722945662378
47,2012-12-12,0.017348662904637546
48,2012-12-13,-0.004185701051438784
49,2012-12-14,0.004431321983763059
50,2012-12-17,0.008317073587003065
51,2012-12-18,0.01547045636823663
52,2012-12-19,0.006217188844979571
53,2012-12-20,0.009253808955601794
54,2012-12-21,0.007998160726833348
55,2012-12-26,0.002574027365119136
56,2012-12-27,-0.0021055101448892444
57,2012-12-28,-0.012015741219834286
58,2013-01-02,0.015989054849602002
59,2013-01-03,0.013438617442810497
60,2013-01-04,0.00665218624699726
61,2013-01-07,0.008196676127967706
62,2013-01-08,-0.005913094461565294
63,2013-01-09,0.03165602750617502
64,2013-01-10,-0.006651886981364985
65,2013-01-11,0.0011117066057493297
66,2013-01-14,-0.004008021397538641
67,2013-01-15,-0.022107825733020725
68,2013-01-16,0.007046329710321153
69,2013-01-17,0.03516156531988246
70,2013-01-18,-0.0026275250213383394
71,2013-01-21,-0.011244810485891765
72,2013-01-22,0.0
73,2013-01-23,0.019324317172301875
74,2013-01-24,-0.008298846674345217
75,2013-01-28,-0.011247180227697662
76,2013-01-29,-0.002220205125589736
77,2013-01-30,-0.027948674503779802
78,2013-01-31,-0.00022855183026537773
79,2013-02-01,-0.027348192443728436
80,2013-02-04,0.004454326853139623
81,2013-02-05,0.0035026771712476368
82,2013-02-06,-0.011723463146294577
83,2013-02-07,-0.009716867081233094
84,2013-02-08,-0.020207566600738414
85,2013-02-13,0.010876143464542576
86,2013-02-14,-0.004819190049846878
87,2013-02-15,-0.0072728563000592494
88,2013-02-18,0.0031580738784215967
89,2013-02-19,0.02420154002768138
90,2013-02-20,-0.008081812085702023
91,2013-02-21,-0.009592447424135564
92,2013-02-22,0.04959307754854292
93,2013-02-25,-0.02578242885482407
94,2013-02-26,0.0
95,2013-02-27,0.011696039763191113
96,2013-02-28,-0.0011634439804111274
97,2013-03-01,-0.002097658335942665
98,2013-03-04,0.010444564938682177
99,2013-03-05,0.01852959340395266
100,2013-03-06,-0.006138498511686574
101,2013-03-07,0.01807967890718354
102,2013-03-08,0.00780813765497923
103,2013-03-11,-0.04406797461069356
104,2013-03-12,0.010855817431917103
105,2013-03-13,-0.008767868712165061
106,2013-03-14,0.002314769498510394
107,2013-03-15,0.010350891606950796
108,2013-03-18,-0.016380547954203184
109,2013-03-19,0.0002325386629262738
110,2013-03-20,0.00348234818581572
111,2013-03-21,0.002314769498510394
112,2013-03-22,-0.0013882695587867921
113,2013-03-25,0.0023127207348103695
114,2013-03-26,0.028690446916217027
115,2013-03-27,-0.0013476416982571848
116,2013-03-28,0.0
117,2013-04-01,0.027052580694729933
118,2013-04-02,-0.01099879127908876
119,2013-04-03,0.004193869912651582
120,2013-04-04,-0.009294202568995047
121,2013-04-05,-0.010504108437130455
122,2013-04-08,0.02857023119203861
123,2013-04-09,-0.014515320049989455
124,2013-04-10,0.0013283597259907687
125,2013-04-11,0.03670730281290657
126,2013-04-12,-0.015474218574261123
127,2013-04-15,-0.013519591448654111
128,2013-04-16,0.014169217980644078
129,2013-04-17,0.0
130,2013-04-18,0.03613572643780749
131,2013-04-19,0.009143829104814927
132,2013-04-22,0.002272983701272935
133,2013-04-23,0.007402871410051137
134,2013-04-24,-0.018819684216139
135,2013-04-25,0.010384308874377357
136,2013-04-26,
137,2013-04-29,
138,2013-04-30,0.025343975213969028
139,2013-05-02,0.0030471734797337113
140,2013-05-03,-0.014506312346856731
141,2013-05-06,0.012475895405653858
142,2013-05-07,-0.010009316534679957
143,2013-05-08,-0.00020527666636072084
144,2013-05-09,0.014271414057280829
145,2013-05-10,0.006456822075435298
146,2013-05-13,-0.018267221790327248
147,2013-05-14,0.02188097787281862
148,2013-05-15,-0.009868209979973841
149,2013-05-16,-0.00020236817795282747
150,2013-05-17,0.009669676180245279
151,2013-05-20,-0.003011768133303949
152,2013-05-21,-0.002617579318346941
153,2013-05-22,-0.018311742785875218
154,2013-05-23,0.0
155,2013-05-24,0.014271414057280829
156,2013-05-27,-0.004463427891659322
157,2013-05-28,0.0024370239766220436
158,2013-05-29,0.008080892458638633
159,2013-05-31,0.004416730773761479
160,2013-06-03,-0.0070358719645859935
161,2013-06-04,-0.00020173509397869438
162,2013-06-05,-0.009732416345997752
163,2013-06-06,-0.009211015613373785
164,2013-06-07,0.00533221115734106
165,2013-06-10,-0.014836477013962845
166,2013-06-11,-0.024588777412452245
167,2013-06-12,-0.008547103496914232
168,2013-06-13,-0.008620678480429689
169,2013-06-14,-0.002166913114060698
170,2013-06-17,-0.001954185920088669
171,2013-06-18,0.010378558023931728
172,2013-06-19,-0.021524952765592076
173,2013-06-20,0.02538919115073668
174,2013-06-21,0.007471526004282136
175,2013-06-24,-0.004689861555843944
176,2013-06-25,0.0
177,2013-06-26,0.019048237302576432
178,2013-06-27,0.006686171934451313
179,2013-06-28,0.009327479695495189
180,2013-07-01,-0.005793560587554758
181,2013-07-02,-0.01864123554481001
182,2013-07-03,-0.01255202125091337
183,2013-07-04,0.01255202125091337
184,2013-07-05,0.009468792570501261
185,2013-07-08,-0.010314837487064299
186,2013-07-10,0.02031700464120556
187,2013-07-11,0.004138222334257424
188,2013-07-12,-0.008085438387368526
189,2013-07-15,-0.003962941926090036
190,2013-07-16,0.004171038502967406
191,2013-07-17,0.003739119476233732
192,2013-07-18,-0.005196976669331832
193,2013-07-19,0.006647282543044586
194,2013-07-22,0.0018616201852070802
195,2013-07-23,-0.0018616201852070802
196,2013-07-24,-0.007481331807762448
197,2013-07-25,0.012231934664483024
198,2013-07-26,
199,2013-07-29,
200,2013-07-30,0.012282713144923463
201,2013-07-31,-0.011253397530750942
202,2013-08-01,0.021978947871039267
203,2013-08-02,0.01041260899277896
204,2013-08-05,-0.00619448478915352
205,2013-08-06,-0.024141511206423605
206,2013-08-07,-0.004527708861365998
207,2013-08-08,0.018596612544460545
208,2013-08-09,0.02222538197579471
209,2013-08-12,0.009852296443011443
210,2013-08-13,0.02133927764727872
211,2013-08-14,0.03303745609058817
212,2013-08-15,0.03198079882312044
213,2013-08-16,0.006453966642060216
214,2013-08-19,0.013137096443017526
215,2013-08-20,-0.01600037690427225
216,2013-08-21,-0.026513247467916834
217,2013-08-22,-0.006276557433927188
218,2013-08-23,0.0003703018001952607
219,2013-08-26,-0.004638657542883173
220,2013-08-27,-0.014989956386540992
221,2013-08-28,0.002827751907831466
222,2013-08-29,0.010859533793915688
223,2013-08-30,0.02646236732320295
224,2013-09-02,0.009386368637748888
225,2013-09-03,-0.02363314841892228
226,2013-09-04,0.023992408347341954
227,2013-09-05,0.005730674708985362
228,2013-09-06,0.008534902449836679
229,2013-09-09,0.03445614939240027
230,2013-09-10,-0.005316829218904751
231,2013-09-11,0.01383331756194739
232,2013-09-12,-0.03433439987502673
233,2013-09-13,0.006647977656393245
234,2013-09-16,0.0008715294669299212
235,2013-09-17,-0.008748961887055984
236,2013-09-18,0.009097263580178705
237,2013-09-19,0.005730709540054946
238,2013-09-20,-0.021882711249507913
239,2013-09-23,0.0033571725440211253
240,2013-09-24,-0.0065480988466299905
241,2013-09-25,-0.008559253395669764
242,2013-09-26,0.003575280859085872
243,2013-09-27,-0.01058400748256183
244,2013-09-30,-0.02649768526636631
245,2013-10-01,0.02016563329695309
246,2013-10-02,-0.00036296968995319645
247,2013-10-03,-0.02910505626931359
248,2013-10-04,0.022730351253865688
249,2013-10-07,0.0034655393273368418
250,2013-10-08,-0.012274552062594424
251,2013-10-09,0.003496166993849581
252,2013-10-10,0.01729989457679304
253,2013-10-11,0.008270435713791713
254,2013-10-14,-0.005926173506454191
255,2013-10-15,-0.010319617150556404
256,2013-10-16,-0.008222997378794172
257,2013-10-17,0.0036630260402721326
258,2013-10-18,-0.0001828686356679654
259,2013-10-21,0.012898770780517488
260,2013-10-22,0.01433714483891979
261,2013-10-23,-0.01433714483891979
262,2013-10-24,0.0009021019763206795
263,2013-10-25,-0.006332051969413222
264,2013-10-28,-0.03866914259024412
265,2013-10-29,-0.033374751475374165
266,2013-10-30,0.021800843699325334
267,2013-10-31,0.003809452225914889
268,2013-11-01,-0.009359193609551841
269,2013-11-04,-0.004038059403809857
270,2013-11-05,0.011303884659215502
271,2013-11-06,0.012307208146747683
272,2013-11-07,-0.0064187497406291705
273,2013-11-08,0.0009465027004722515
274,2013-11-11,-0.0003784254397922737
275,2013-11-12,0.003212664518620123
276,2013-11-13,-0.011385284057187306
277,2013-11-14,0.0032389853364218624
278,2013-11-18,-0.005149262880938199
279,2013-11-19,-0.002488773252326215
280,2013-11-21,-0.010985944970265837
281,2013-11-22,-0.003688927660412844
282,2013-11-25,-0.007223047438402741
283,2013-11-26,-0.0037295754658090985
284,2013-11-27,-0.000786877876396197
285,2013-11-28,-0.0053280835404496685
286,2013-11-29,0.01121507059947513
287,2013-12-02,0.0009777843648111073
288,2013-12-03,-0.01715170664209964
289,2013-12-04,-0.016439824614653986
290,2013-12-05,-0.0002022035789766008
291,2013-12-06,-0.004457899941275656
292,2013-12-09,0.03315662091557092
293,2013-12-10,-0.012255599015784213
294,2013-12-11,-0.0071856798363540975
295,2013-12-12,-0.003411220392466774
296,2013-12-13,-0.013558803012095666
297,2013-12-16,-0.0006114949684943305
298,2013-12-17,-0.0016322794891201475
299,2013-12-18,-0.004502688691035761
300,2013-12-19,0.0032766771074097534
301,2013-12-20,-0.00635838479708184
302,2013-12-23,-0.0008233224098606051
303,2013-12-26,-0.00806378822181264
304,2013-12-27,0.005176531082155211
305,2013-12-30,0.008432008827329529
306,2014-01-02,-0.006162776220681732
307,2014-01-03,-0.02821206883178462
308,2014-01-06,0.0014825799602227185
309,2014-01-07,0.005277057100843585
310,2014-01-08,-0.03426455040111209
311,2014-01-09,-0.028731346456515094
312,2014-01-10,-0.013544180264707162
313,2014-01-13,0.009950308350917592
314,2014-01-14,0.008068174830332175
315,2014-01-15,-0.002010949219982905
316,2014-01-16,-0.031121171771314682
317,2014-01-17,-0.0036985710215517997
318,2014-01-20,-0.012819170851883666
319,2014-01-21,-0.010612079184149081
320,2014-01-22,0.02989477676799046
321,2014-01-23,0.004362376286005887
322,2014-01-24,-0.005283209716202997
323,2014-01-27,-0.00023028907691990952
324,2014-01-28,-0.003692595933613596
325,2014-01-29,0.009206094726736502
326,2014-01-30,-0.009206094726736502
327,2014-01-31,-0.00023119435341278916
328,2014-02-03,-0.049056251821725905
329,2014-02-04,0.01518652840451562
330,2014-02-05,-0.012760471842774734
331,2014-02-06,0.0074834867654232085
332,2014-02-07,0.00048078866037926105
333,2014-02-10,-0.014040366546058447
334,2014-02-11,-0.0017079179251320298
335,2014-02-12,-0.0048959950322311485
336,2014-02-13,-0.006400760247890602
337,2014-02-14,0.010075032509529347
338,2014-02-17,-0.014778667809768997
339,2014-02-18,-0.007471990024805031
340,2014-02-19,0.024204688696817467
341,2014-02-20,-0.0031773704643511813
342,2014-02-21,-0.014548401811857126
343,2014-02-24,-0.0032341613367070643
344,2014-02-25,-0.0017458539976105136
345,2014-02-26,-0.0002497066546487403
346,2014-02-27,0.021001463402931186
347,2014-02-28,0.04820775921566378
348,2014-03-05,0.04063565282671355
349,2014-03-06,-0.010118152536949143
350,2014-03-07,-0.01113525904405277
351,2014-03-10,0.00273854578656918
352,2014-03-11,-0.0011400981348916872
353,2014-03-12,-0.002055499088205348
354,2014-03-13,-0.009879482657467076
355,2014-03-14,0.011250216235459298
356,2014-03-17,0.002280571087861283
357,2014-03-18,0.010423819385786182
358,2014-03-19,-0.0122478508576771
359,2014-03-20,-0.0022846479861557967
360,2014-03-21,0.006383947737096385
361,2014-03-24,-0.0006820279827630671
362,2014-03-25,0.004085366414583458
363,2014-03-26,0.008120865743957761
364,2014-03-27,0.04373847449927126
365,2014-03-28,-0.02835520363123134
366,2014-03-31,0.002209901451853735
367,2014-04-01,0.0033058322117551775
368,2014-04-02,0.019608406236228948
369,2014-04-03,-0.004757729614321082
370,2014-04-04,-0.003909648683114497
371,2014-04-07,0.012973111676317206
372,2014-04-08,0.008556244712727423
373,2014-04-09,0.011856946148902203
374,2014-04-10,-0.0010529431651860044
375,2014-04-11,0.027843062430055632
376,2014-04-14,0.0040900057433286285
377,2014-04-15,-0.022496047215595727
378,2014-04-16,0.018201143428718147
379,2014-04-17,0.004906940943716798
380,2014-04-22,-0.0010202837434438727
381,2014-04-23,-0.007788561769837887
382,2014-04-24,-0.00041152501095309546
383,2014-04-25,-0.0020606229821718003
384,2014-04-28,0.003089303218073436
385,2014-04-29,0.0277823604490135
386,2014-04-30,0.007968209331715936
387,2014-05-02,0.0027739069864938237
388,2014-05-05,0.015120562696895767
389,2014-05-06,0.005054423619616166
390,2014-05-07,0.0015501262249477676
391,2014-05-08,-0.0029084266181249596
392,2014-05-09,0.006773088433039032
393,2014-05-12,0.005769323694961859
394,2014-05-13,-0.0048053910902035035
395,2014-05-14,0.0057636853381932696
396,2014-05-15,-0.00653471465247879
397,2014-05-16,0.0026959191882252043
398,2014-05-19,-0.02630444840006252
399,2014-05-20,-0.01411700535376692
400,2014-05-21,-0.006831471419297852
401,2014-05-22,0.020948476773064773
402,2014-05-23,-0.0169243062310791
403,2014-05-26,0.013958372331028368
404,2014-05-27,-0.01919289203439245
405,2014-05-28,0.004832832604134918
406,2014-05-29,-0.017835839470435655
407,2014-05-30,-0.014418395577178611
408,2014-06-02,0.015235995777899358
409,2014-06-03,0.031576259302498855
410,2014-06-04,0.00019800059844987672
411,2014-06-05,-0.006952098850590449
412,2014-06-06,0.020322352945011612
413,2014-06-09,0.016273121283580494
414,2014-06-10,0.012033322662724721
415,2014-06-11,0.0024651762498049123
416,2014-06-13,-0.009514819822403542
417,2014-06-16,0.008567420405757531
418,2014-06-17,-0.0018974957894872801
419,2014-06-18,0.0036022030874360844
420,2014-06-20,0.00018919481916945813
421,2014-06-23,-0.011800632025086966
422,2014-06-24,0.018401372696383866
423,2014-06-25,-0.0037665015924690515
424,2014-06-26,-0.015592633843539705
425,2014-06-27,0.020298524880952407
426,2014-06-30,-0.005083320745610909
427,2014-07-01,-0.00018874940887814162
428,2014-07-02,0.0071482058244312086
429,2014-07-03,0.019490250367125483
430,2014-07-04,0.006778408169028083
431,2014-07-07,-0.01009273628173224
432,2014-07-08,0.0016585279456711177
433,2014-07-10,0.010804994485787756
434,2014-07-11,0.0018198002871141483
435,2014-07-14,0.008869675147868072
436,2014-07-15,-0.0007211285496984132
437,2014-07-16,0.006292119635477711
438,2014-07-17,0.0035778392690311023
439,2014-07-18,0.01453668569089217
440,2014-07-21,0.01934700868249095
441,2014-07-22,0.00808053897222294
442,2014-07-23,-0.02426465624620544
443,2014-07-24,0.010992014966098473
444,2014-07-25,-0.004870474098852995
445,2014-07-28,0.0034813090899010746
446,2014-07-29,-0.013117809670225355
447,2014-07-30,0.0
448,2014-07-31,-0.023153287369082953
449,2014-08-01,0.02596622879515209
450,2014-08-04,0.012387823399703457
451,2014-08-05,0.009663612901784191
452,2014-08-06,-0.009836993638772107
453,2014-08-07,-0.002430978797464789
454,2014-08-08,-0.009081445578241087
455,2014-08-11,0.02426465624620544
456,2014-08-12,-0.0017138478769682663
457,2014-08-13,-0.005848976004584117
458,2014-08-14,0.008247469571728061
459,2014-08-15,-0.017085548069726286
460,2014-08-18,0.0069383973663104115
461,2014-08-19,-0.008680610365719765
462,2014-08-20,-0.0008722024331087042
463,2014-08-21,0.007822743133216292
464,2014-08-22,-0.005208327700698234
465,2014-08-25,0.02526553594889247
466,2014-08-26,0.012648790366212026
467,2014-08-27,0.002176296217868412
468,2014-08-28,-0.012790447004291217
469,2014-08-29,0.017961036457350588
470,2014-09-01,-0.021354337954000435
471,2014-09-02,0.011826476649824613
472,2014-09-03,0.014340765670289635
473,2014-09-04,-0.011322148637552765
474,2014-09-05,-0.003690676864214204
475,2014-09-08,-0.021403874322494687
476,2014-09-09,-0.00931524738401368
477,2014-09-10,0.011887434324149737
478,2014-09-11,-0.0011995374688229532
479,2014-09-12,-0.020265662463957668
480,2014-09-15,0.003667788488671775
481,2014-09-16,0.009197427091655719
482,2014-09-17,-0.009546180361548195
483,2014-09-18,0.01265071892873415
484,2014-09-19,-0.012999576423987413
485,2014-09-22,-0.0041957753127936925
486,2014-09-23,0.009242353455212182
487,2014-09-24,-0.012049443017772887
488,2014-09-25,-0.006521553205953268
489,2014-09-26,0.03133413957797959
490,2014-09-29,-0.0051546335392718134
491,2014-09-30,0.0032677473117184164
492,2014-10-01,0.008718714795178606
493,2014-10-02,0.008812122775478493
494,2014-10-03,0.008065915011873592
495,2014-10-06,0.017091580224246172
496,2014-10-07,-0.004121677653004419
497,2014-10-08,0.008554090793834845
498,2014-10-09,0.01237199567309677
499,2014-10-10,-0.021587084667655354
500,2014-10-13,0.015908445249454672
501,2014-10-14,-0.0021173881832332597
502,2014-10-15,-0.006543487987956453
503,2014-10-16,-0.03439405820681429
504,2014-10-17,0.02317096631717508
505,2014-10-20,-0.008500726104394118
506,2014-10-21,-0.03595856346572113
507,2014-10-22,0.019928506623210218
508,2014-10-23,-0.021839076011067604
509,2014-10-24,-0.005578797544521841
510,2014-10-27,0.004012899007935999
511,2014-10-28,0.028833316877683757
512,2014-10-29,0.006576180797694953
513,2014-10-30,0.029477196562213592
514,2014-10-31,0.051056632895927656
515,2014-11-03,-0.0065339063587952495
516,2014-11-04,0.018862664863893208
517,2014-11-05,-0.005991245988138161
518,2014-11-06,0.0015396153689515302
519,2014-11-07,0.0009226204087138257
520,2014-11-10,-0.010040927643395037
521,2014-11-11,-0.003265798694013
522,2014-11-12,0.010844490559742681
523,2014-11-13,-0.02401489123768652
524,2014-11-14,0.026938102841922884
525,2014-11-17,-0.005700577929511397
526,2014-11-18,0.010299038078915856
527,2014-11-19,0.03353451536498486
528,2014-11-21,0.0033955151587798937
529,2014-11-24,-0.009626153917845492
530,2014-11-25,-0.011825495101732031
531,2014-11-26,-0.0061929657580881425
532,2014-11-27,-0.0021234498944844304
533,2014-11-28,0.005300201701355256
534,2014-12-01,-0.015832284177974998
535,2014-12-02,-0.01874133732433947
536,2014-12-03,0.016129397564655257
537,2014-12-04,-0.024923376906715866
538,2014-12-05,-0.007917697486024444
539,2014-12-08,-0.014411810457804819
540,2014-12-09,-0.01053924648800919
541,2014-12-10,-0.01164041371373159
542,2014-12-11,-0.004131213082573915
543,2014-12-12,-0.029235902560696303
544,2014-12-15,-0.01980266139677589
545,2014-12-16,0.026599577905265015
546,2014-12-17,0.04874985933652187
547,2014-12-18,-0.008097210232619112
548,2014-12-19,0.04607648935373554
549,2014-12-22,-0.012657438886891192
550,2014-12-23,0.003923727862236603
551,2014-12-26,-0.014833757638657019
552,2014-12-29,0.014677135098297711
553,2014-12-30,-0.0061287690375273485
554,2015-01-02,-0.020061156933059543
555,2015-01-05,-0.019159540457295954
556,2015-01-06,0.008975972210197192
557,2015-01-07,0.043709841516363035
558,2015-01-08,-0.01804679743274651
559,2015-01-09,-0.021933209163157663
560,2015-01-12,0.00822124401602764
561,2015-01-13,-0.02536310541051101
562,2015-01-14,0.01714186139448337
563,2015-01-15,0.0048442367874903525
564,2015-01-16,0.024189530808077286
565,2015-01-19,-0.006467393939460386
566,2015-01-20,-0.03839177938339233
567,2015-01-21,0.019863857287112374
568,2015-01-22,0.0012888998078839364
569,2015-01-23,-0.0074337606201257955
570,2015-01-26,0.010488147690490557
571,2015-01-27,0.0017641092039077932
572,2015-01-28,0.004476410388418728
573,2015-01-29,0.0033442661685265662
574,2015-01-30,0.02325678376944218
575,2015-02-02,-0.0027998153053960806
576,2015-02-03,0.008993734339377113
577,2015-02-04,0.0033903715893170983
578,2015-02-05,0.0
579,2015-02-06,-0.006172890066833858
580,2015-02-09,0.0
581,2015-02-10,0.001546775310199422
582,2015-02-11,-0.022824111172178085
583,2015-02-12,0.01272703121432528
584,2015-02-13,-0.0009372227748976059
585,2015-02-18,0.01288734530714919
586,2015-02-19,0.017888987374305998
587,2015-02-20,-0.005927519625469557
588,2015-02-23,0.010463405876294019
589,2015-02-24,0.006015975295186493
590,2015-02-25,-0.004357960030848318
591,2015-02-26,0.00899553278809595
592,2015-02-27,-0.039113256240414174
593,2015-03-02,-0.008259970468158073
594,2015-03-03,0.007794271483814619
595,2015-03-04,-0.026752200578370022
596,2015-03-05,0.015666085094384385
597,2015-03-06,-0.0059842383308943425
598,2015-03-09,0.0014205826375928154
599,2015-03-10,-0.015578188187300945
600,2015-03-11,-0.002084789481624938
601,2015-03-12,0.004485014690277289
602,2015-03-13,-0.0033618697847765944
603,2015-03-16,-0.004339114848693981
604,2015-03-17,0.012961250126094725
605,2015-03-18,0.016555348159172034
606,2015-03-19,0.0003126954323056097
607,2015-03-20,-0.003445055055838253
608,2015-03-23,-0.011834457647003305
609,2015-03-24,0.00158601145991355
610,2015-03-25,0.009306810830776335
611,2015-03-26,-0.012799384657963486
612,2015-03-27,0.006341143632358381
613,2015-03-30,-0.0044345812650847805
614,2015-03-31,0.004750586960809322
615,2015-04-01,0.0009474499366568523
616,2015-04-02,0.0014194466318393495
617,2015-04-06,0.01641301388088845
618,2015-04-07,0.0030959313372758146
619,2015-04-08,0.004779979841872617
620,2015-04-09,0.0036849112219279334
621,2015-04-10,-0.02012450254073439
622,2015-04-13,-0.008006982098401672
623,2015-04-14,-0.007753785187687434
624,2015-04-15,-0.001271689886847227
625,2015-04-16,0.004127021730731428
626,2015-04-17,-0.01806172317477195
627,2015-04-20,-0.00355471374112426
628,2015-04-22,-0.0012957241851703216
629,2015-04-23,0.009677462623246313
630,2015-04-24,-0.020923657359793957
631,2015-04-27,-0.010711101915338084
632,2015-04-28,-0.010157459655291134
633,2015-04-29,0.08606257695146002
634,2015-04-30,-0.011118103596872153
635,2015-05-04,0.005420036413439355
636,2015-05-05,-0.003868476777920904
637,2015-05-06,-0.010912049124963907
638,2015-05-07,0.0017226689854279442
639,2015-05-08,0.010738536166612356
640,2015-05-11,0.007402933253441546
641,2015-05-12,-0.012368787769871048
642,2015-05-13,-0.0032722896614432173
643,2015-05-14,0.01210064427112112
644,2015-05-15,0.00997326271915533
645,2015-05-18,-0.0036708208293880773
646,2015-05-19,0.008240562112157512
647,2015-05-20,-0.011771197420434198
648,2015-05-21,-0.003543036849017689
649,2015-05-22,-0.011017366550623464
650,2015-05-25,0.017171139816435144
651,2015-05-26,-0.024060066495082744
652,2015-05-27,0.018677523496798187
653,2015-05-28,-0.0013887202293565437
654,2015-05-29,-0.0047984768552105095
655,2015-06-01,0.0007755409642422606
656,2015-06-02,0.019954660122249557
657,2015-06-03,-0.009160461003640208
658,2015-06-05,0.018237663682533878
659,2015-06-08,-0.0015071441621854476
660,2015-06-09,0.009756084886936911
661,2015-06-10,0.027984168798385944
662,2015-06-11,-0.00992564008973229
663,2015-06-12,-0.004999951592808749
664,2015-06-15,-0.0063595568516143786
665,2015-06-16,0.012532386473217194
666,2015-06-17,-0.00705785918442281
667,2015-06-18,-0.0010334392755639854
668,2015-06-19,0.0023606384872234543
669,2015-06-22,0.011137307057029311
670,2015-06-23,-0.0023344626543657654
671,2015-06-24,-0.0030721844299002043
672,2015-06-25,-0.011790895888696085
673,2015-06-26,0.0007410597021113574
674,2015-06-29,-0.027028718050020828
675,2015-06-30,-0.0003044146842903217
676,2015-07-01,-0.028884531592392904
677,2015-07-02,0.02430642185869125
678,2015-07-03,0.0018337872307352399
679,2015-07-06,0.0019827201336211075
680,2015-07-07,0.05108762032605352
681,2015-07-08,0.007644055503860159
682,2015-07-10,-0.004896970753769381
683,2015-07-13,0.0020193284802303424
684,2015-07-14,-0.004332194501138531
685,2015-07-15,-0.005805546269883166
686,2015-07-16,0.004502295053636196
687,2015-07-17,-0.00014494601655723471
688,2015-07-20,-0.004357349037078961
689,2015-07-21,0.003632405169339492
690,2015-07-22,-0.005818110957521938
691,2015-07-23,-0.008055744595891312
692,2015-07-24,-0.009604832015353892
693,2015-07-27,-0.0016345943645381666
694,2015-07-28,0.014176242064930733
695,2015-07-29,0.011372130138415315
696,2015-07-30,0.0015932936056426428
697,2015-07-31,0.039449028617180915
698,2015-08-03,-0.0037639271887455195
699,2015-08-04,0.00487634560411454
700,2015-08-05,0.0016664772985963694
701,2015-08-06,-0.004450014296619287
702,2015-08-07,-0.0140353181163837
703,2015-08-10,0.002117925223479311
704,2015-08-11,0.011917392892904388
705,2015-08-12,-0.014742324170018861
706,2015-08-13,0.011251919230249818
707,2015-08-14,
708,2015-08-17,
709,2015-08-18,0.0024050235262649267
710,2015-08-19,-0.01093989764748926
711,2015-08-20,-0.007600222949867508
712,2015-08-21,-0.03218069165838067
713,2015-08-24,-0.015731780220833436
714,2015-08-25,0.00842107232068745
715,2015-08-26,0.021773814524103763
716,2015-08-27,0.01179822893645266
717,2015-08-28,0.002747482065926121
718,2015-08-31,0.003891292736638796
719,2015-09-01,-0.006204493198882943
720,2015-09-02,0.013228172951249562
721,2015-09-03,0.021059332143508414
722,2015-09-04,0.0006990982312187199
723,2015-09-08,-0.0008389961283610248
724,2015-09-09,-0.014654356041523542
725,2015-09-10,-0.014296169757487931
726,2015-09-11,0.007602503805124172
727,2015-09-14,0.00028571224042739374
728,2015-09-15,0.004276599441512374
729,2015-09-16,
730,2015-09-17,
731,2015-09-18,-0.023902120565318263
732,2015-09-21,-0.010421197221233136
733,2015-09-22,0.005368873047489231
734,2015-09-23,0.0
735,2015-09-24,0.0027459082413230362
736,2015-09-25,0.003889050662538196
737,2015-09-28,
738,2015-09-29,
739,2015-09-30,0.005397697955957348
740,2015-10-01,-0.007964727354297985
741,2015-10-02,0.020074155000640026
742,2015-10-05,-0.0018210693935323263
743,2015-10-06,
744,2015-10-07,
745,2015-10-08,
746,2015-10-09,0.00935013577062982
747,2015-10-13,-0.008290091755260853
748,2015-10-14,
749,2015-10-15,
750,2015-10-16,0.02011179869650981
751,2015-10-19,-0.007457155774424962
752,2015-10-20,
753,2015-10-21,
754,2015-10-22,0.0162063305632687
755,2015-10-23,
756,2015-10-26,
757,2015-10-27,-0.002471082076405118
758,2015-10-28,0.0001455577387421414
759,2015-10-29,
760,2015-10-30,
761,2015-11-03,
762,2015-11-04,-0.03323382775470396
763,2015-11-05,0.038752969097370915
764,2015-11-06,-0.03750218719571752
765,2015-11-09,-0.005371525848589798
766,2015-11-10,-0.03266417542298239
767,2015-11-11,0.03463709325469999
768,2015-11-12,-0.014983599981177598
769,2015-11-13,0.010674004554729777
770,2015-11-16,0.0008993435348445544
771,2015-11-17,0.014812477483788555
772,2015-11-18,-0.01697228755807423
773,2015-11-19,0.013245262311897932
774,2015-11-23,0.0076166518251987725
775,2015-11-24,-0.011536165057522751
776,2015-11-25,0.026945347959734356
777,2015-11-26,-0.008901324154099832
778,2015-11-27,-0.02377262875103714
779,2015-11-30,-0.011919953092866642
780,2015-12-01,0.022634305589962267
781,2015-12-02,-0.0014219341180057299
782,2015-12-03,0.009383073095862393
783,2015-12-04,0.008247848736858465
784,2015-12-07,0.011641135718401863
785,2015-12-08,-0.004501358016123724
786,2015-12-09,0.006744495892609059
787,2015-12-10,-0.007265245713635515
788,2015-12-11,-0.0015637220305206867
789,2015-12-14,-0.0071547293134077705
790,2015-12-15,-0.009678896757030486
791,2015-12-16,0.007224064668877261
792,2015-12-17,0.006823559154255143
793,2015-12-18,-0.002094572280785023
794,2015-12-21,0.013364774125408374
795,2015-12-22,0.017433358968374613
796,2015-12-23,0.0015237622390955607
797,2015-12-28,-0.0013543594418301552
798,2015-12-29,-0.02887296361026337
799,2015-12-30,-0.03459317884747559
800,2016-01-04,-0.021529767340422
801,2016-01-05,0.018818477883964402
802,2016-01-06,-0.02011033001642204
803,2016-01-07,-0.040129750360935024
804,2016-01-08,0.019040940840374
805,2016-01-11,-0.02366524584996421
806,2016-01-12,-0.029595477306431306
807,2016-01-13,-0.013820910758593818
808,2016-01-14,-0.0014129379684391097
809,2016-01-15,-0.02993251437280442
810,2016-01-18,-0.02785575789231176
811,2016-01-19,0.008947694784946059
812,2016-01-20,-0.0031864497872224895
813,2016-01-21,0.0
814,2016-01-22,0.0
815,2016-01-26,-0.029801406774027317
816,2016-01-27,0.0199659844250073
817,2016-01-28,-0.008415175075233261
818,2016-01-29,0.0440842297950752
819,2016-02-01,0.008259410898252106
820,2016-02-02,-0.016169568877453244
821,2016-02-03,0.030866649250961498
822,2016-02-04,0.01168429915987712
823,2016-02-05,0.017471180774287554
824,2016-02-10,-0.0021672749658021573
825,2016-02-11,-0.020524841467498778
826,2016-02-12,0.020524841467498778
827,2016-02-15,0.009032046389638726
828,2016-02-16,0.01839891140065575
829,2016-02-17,0.003256981516949864
830,2016-02-18,0.01857167320590447
831,2016-02-19,0.008413642464708992
832,2016-02-22,0.03278383545352748
833,2016-02-23,0.0
834,2016-02-24,-0.010141358286935187
835,2016-02-25,-0.01429903386143394
836,2016-02-26,-0.07991962317587342
837,2016-02-29,0.02761520594347866
838,2016-03-01,0.028954145544415777
839,2016-03-02,-0.007207940986911243
840,2016-03-03,0.003610493233256129
841,2016-03-04,-0.010104022667822399
842,2016-03-07,0.012756041599476298
843,2016-03-08,-0.0077865741859564075
844,2016-03-09,0.01982129999387805
845,2016-03-10,0.004475986501609963
846,2016-03-11,-0.023344470805992668
847,2016-03-14,0.0009519086958862388
848,2016-03-15,-0.0028584487985297002
849,2016-03-16,0.009307636675787823
850,2016-03-17,0.026125800166235447
851,2016-03-18,-0.003505917453099361
852,2016-03-21,0.022119593202640786
853,2016-03-22,-0.0012663773397605382
854,2016-03-23,-0.05239920500485562
855,2016-03-24,-0.005739426671731884
856,2016-03-28,0.022012274393213183
857,2016-03-29,0.006547624177749345
858,2016-03-30,-0.011628094370130349
859,2016-03-31,-0.032594852827732
860,2016-04-01,0.005635949284574782
861,2016-04-04,-0.03169860829434645
862,2016-04-05,0.0033948708911855086
863,2016-04-06,-0.002994950885855552
864,2016-04-07,0.0007995403423994851
865,2016-04-08,-0.008024055008054809
866,2016-04-11,-0.025911904921575246
867,2016-04-12,-0.001862005257907473
868,2016-04-13,-0.004566238687802482
869,2016-04-14,-0.0006242638780999954
870,2016-04-15,0.02589004273689932
871,2016-04-18,0.001823893540850996
872,2016-04-19,-0.00976607975425381
873,2016-04-20,-0.013586046766270954
874,2016-04-22,-0.0051948168771036585
875,2016-04-25,-0.002085464737369147
876,2016-04-26,0.023928513043025124
877,2016-04-27,0.0071087736441115545
878,2016-04-28,-0.008332534747032216
879,2016-04-29,0.004073345712839238
880,2016-05-02,-0.01515494907066195
881,2016-05-03,-0.03464181807786826
882,2016-05-04,-0.002781069256580171
883,2016-05-05,0.004701910677800569
884,2016-05-06,-0.0032034623614598523
885,2016-05-09,-0.017913547277392805
886,2016-05-10,0.07102335230736534
887,2016-05-11,-0.042894776856643
888,2016-05-12,0.007803435312541129
889,2016-05-13,-0.0010509512596619253
890,2016-05-16,-0.0061175385212299815
891,2016-05-17,-0.015781901789210906
892,2016-05-18,0.00042985171057452476
893,2016-05-19,-0.006683241360904368
894,2016-05-20,-0.008035638764881003
895,2016-05-23,-0.02115545994361545
896,2016-05-24,0.013274486665267204
897,2016-05-25,0.011363758650315248
898,2016-05-27,-0.00043468811812497066
899,2016-05-30,-0.010929070532190277
900,2016-05-31,0.003729257447577794
901,2016-06-01,0.01456393559974778
902,2016-06-02,0.0383156607767674
903,2016-06-03,0.014023739250997647
904,2016-06-06,-0.019229372861473415
905,2016-06-07,-0.00041764459520265973
906,2016-06-08,0.01698114904710568
907,2016-06-09,-0.011565639040245657
908,2016-06-10,-0.022052747326716027
909,2016-06-13,-0.006818692517668534
910,2016-06-14,-0.029289479093848936
911,2016-06-15,0.0013201762383894255
912,2016-06-16,-0.01016583340374888
913,2016-06-17,-0.0004443457082667912
914,2016-06-20,0.012148111981750809
915,2016-06-21,0.005473467534007348
916,2016-06-22,-0.03782433218475223
917,2016-06-23,0.024416064193073073
918,2016-06-24,-0.031242006743048556
919,2016-06-27,-0.0029724728519120447
920,2016-06-28,
921,2016-06-29,
922,2016-06-30,0.0060006846134830205
923,2016-07-01,0.041025807114804635
924,2016-07-04,0.039613226823972614
925,2016-07-05,-0.01628056584381632
926,2016-07-06,0.013004559503762891
927,2016-07-07,0.005114054517614264
928,2016-07-08,0.009948351461187777
929,2016-07-11,0.022374065787295283
930,2016-07-12,0.011392816214771617
931,2016-07-13,-0.01356825469287104
932,2016-07-14,0.008084437528066424
933,2016-07-15,-0.010066166317367564
934,2016-07-18,0.01104767587679456
935,2016-07-19,-0.0001962523306602293
936,2016-07-20,-0.005115061319670655
937,2016-07-21,-0.0029630046369168994
938,2016-07-22,0.02152730860372909
939,2016-07-25,-0.0019380432234887834
940,2016-07-26,-0.00622689311321567
941,2016-07-27,-0.009807846372512419
942,2016-07-28,0.0053081811457271755
943,2016-07-29,0.06269857579935767
944,2016-08-01,-0.019902061339017507
945,2016-08-02,-0.013808977587087767
946,2016-08-03,-0.009569451016150587
947,2016-08-04,0.005561448742727126
948,2016-08-05,0.0030551865839281156
949,2016-08-08,0.016075958501989618
950,2016-08-09,0.0063587273606011685
951,2016-08-10,-0.017869374528412862
952,2016-08-11,0.0053000691927849175
953,2016-08-12,0.01684798369418905
954,2016-08-15,0.0134601279915878
955,2016-08-16,0.005115155518381265
956,2016-08-17,-0.016350120365111742
957,2016-08-18,-0.0025965148118993753
958,2016-08-19,-0.0009289178818145949
959,2016-08-22,-0.011591062765504478
960,2016-08-23,0.0063730300050997
961,2016-08-24,0.005589729478786332
962,2016-08-25,0.000928572830475094
963,2016-08-26,-0.0014861232532674684
964,2016-08-29,0.002970115363857495
965,2016-08-30,-0.0007417207762472344
966,2016-08-31,-0.0011136230013848447
967,2016-09-01,-0.012519980647319073
968,2016-09-02,0.02909498288173662
969,2016-09-05,0.000730345105219854
970,2016-09-06,0.012334638293076239
971,2016-09-08,0.01022338721829641
972,2016-09-09,-0.02274059373310866
973,2016-09-12,-0.015452846407627785
974,2016-09-13,-0.011748349579590034
975,2016-09-14,0.0
976,2016-09-15,-0.0020655344482851667
977,2016-09-16,0.004875276860607514
978,2016-09-19,0.00242879150156039
979,2016-09-20,-0.0007467052871374946
980,2016-09-21,0.012065148676163595
981,2016-09-22,0.011921223362372224
982,2016-09-23,-0.0007294729552862478
983,2016-09-26,-0.007140980698965738
984,2016-09-27,0.010965058892522972
985,2016-09-28,0.002722535536324955
986,2016-09-29,-0.010202256557026779
987,2016-09-30,0.01291747232083118
988,2016-10-03,0.014001270081468675
989,2016-10-04,-0.0023199261080435463
990,2016-10-05,0.016479525511686965
991,2016-10-06,0.007354226678301323
992,2016-10-07,0.00504657814241849
993,2016-10-10,0.00640194239112013
994,2016-10-11,-0.017397794423747115
995,2016-10-13,-0.030470063224591115
996,2016-10-14,-0.004897080612700222
997,2016-10-17,-0.01188860846378148
998,2016-10-18,-0.0014729886933761982
999,2016-10-19,-0.018222873001375817
1000,2016-10-20,0.008780943938574648
1001,2016-10-21,-0.005970148496697192
1002,2016-10-24,-0.004125226176343588
1003,2016-10-25,-0.009818809816823038
1004,2016-10-26,-0.0038023049250703878
1005,2016-10-27,-0.00038102496174463596
1006,2016-10-28,0.03021718124750228
1007,2016-10-31,-0.012838542464003844
1008,2016-11-01,-0.02215374097112477
1009,2016-11-03,-0.005182869891382058
1010,2016-11-04,-0.01571164105850631
1011,2016-11-07,0.03307351983472184
1012,2016-11-08,0.01799491839382794
1013,2016-11-09,-0.01177255458227755
1014,2016-11-10,-0.0497116797826509
1015,2016-11-11,-0.034978400040335256
1016,2016-11-14,0.02903427707058004
1017,2016-11-16,0.03935828470981484
1018,2016-11-17,0.012531016450122223
1019,2016-11-18,0.0
1020,2016-11-21,-0.0022666990979498536
1021,2016-11-22,0.0003781622172640553
1022,2016-11-23,0.003961876591717317
1023,2016-11-24,-0.009649171542303936
1024,2016-11-25,0.0068208110257277355
1025,2016-11-28,0.01145231714629169
1026,2016-11-29,-0.023228312790869232
1027,2016-11-30,-0.01327066281418432
1028,2016-12-01,-0.0549173781513419
1029,2016-12-02,-0.0018425637691756869
1030,2016-12-05,-0.006372660004419828
1031,2016-12-06,0.035055741278946506
1032,2016-12-07,0.00476754975340965
1033,2016-12-08,-0.026100638697400314
1034,2016-12-09,0.0099181460753206
1035,2016-12-12,-0.008292088839518374
1036,2016-12-13,0.010505066304360877
1037,2016-12-14,0.0034106162745208835
1038,2016-12-15,-0.00542224443249717
1039,2016-12-16,-0.03796493652588273
1040,2016-12-19,-0.0314451009570087
1041,2016-12-20,0.0015097597385276273
1042,2016-12-21,0.0012922034827145268
1043,2016-12-22,0.00021525879777506418
1044,2016-12-23,0.0002151479275092072
1045,2016-12-26,0.014311938953625258
1046,2016-12-27,0.0021186024424708627
1047,2016-12-28,0.00863981773084399
1048,2016-12-29,0.012303356114399033
1049,2017-01-02,-0.0072802816144728055
1050,2017-01-03,0.032857123404122834
1051,2017-01-04,-0.011990795023379075
1052,2017-01-05,-0.007799731739952076
1053,2017-01-06,-0.04876951632942372
1054,2017-01-09,-0.011314306699893084
1055,2017-01-10,0.004802388675306357
1056,2017-01-11,-0.0013074092220501932
1057,2017-01-12,0.025617545542150122
1058,2017-01-13,-0.027145096269569624
1059,2017-01-16,0.0002183207782442409
1060,2017-01-17,0.011937179575839174
1061,2017-01-18,-0.022914238447984125
1062,2017-01-19,-0.00044159860381132177
1063,2017-01-20,0.014906019412382676
1064,2017-01-23,0.016828940678108584
1065,2017-01-24,0.003843609258915137
1066,2017-01-26,-0.02197882052004463
1067,2017-01-27,-0.013378880991431696
1068,2017-01-30,-0.0293512945214367
1069,2017-01-31,0.010854900917307564
1070,2017-02-01,-0.014956091492572376
1071,2017-02-02,0.016304731855993904
1072,2017-02-03,0.00849931288429362
1073,2017-02-06,-0.032826964565277006
1074,2017-02-07,0.001839457865182581
1075,2017-02-08,-0.006915633912002672
1076,2017-02-09,-0.014915214744418481
1077,2017-02-10,0.014221034463090643
1078,2017-02-13,-0.01000359615939539
1079,2017-02-14,0.01000359615939539
1080,2017-02-15,0.01743958838925508
1081,2017-02-16,-0.001365741148256383
1082,2017-02-17,-0.024208767269869202
1083,2017-02-20,-0.009849939155108789
1084,2017-02-21,-0.02578328611212788
1085,2017-02-22,-0.021017293663124548
1086,2017-02-23,0.0027129379076211713
1087,2017-02-24,0.0004925141872216265
1088,2017-03-01,-0.015381077419887479
1089,2017-03-02,-0.01790939509179923
1090,2017-03-03,0.023145637017609744
1091,2017-03-06,0.009652321306855338
1092,2017-03-07,-0.01239173290939144
1093,2017-03-08,-0.0009979292369828308
1094,2017-03-09,0.018303701700083774
1095,2017-03-10,-0.02280708673144849
1096,2017-03-13,-0.009068097289195887
1097,2017-03-14,-0.031095888064264887
1098,2017-03-15,0.009094488964782599
1099,2017-03-16,0.03407398033375131
1100,2017-03-17,-0.07526253840890407
1101,2017-03-20,-0.021799201982436678
1102,2017-03-21,-0.012474202464973327
1103,2017-03-22,-0.00755977280857989
1104,2017-03-23,0.008396326612232663
1105,2017-03-24,-0.002232199587581807
1106,2017-03-27,0.03539952602780616
1107,2017-03-28,0.041199435278372665
1108,2017-03-29,
1109,2017-03-30,
1110,2017-03-31,0.0018146472428828275
1111,2017-04-03,0.007225786277933466
1112,2017-04-04,-0.0048974965785753
1113,2017-04-05,-0.002587401218216545
1114,2017-04-06,-0.016982694465212944
1115,2017-04-07,-0.004489694587767712
1116,2017-04-10,-0.006905711466307807
1117,2017-04-11,0.025784117155714714
1118,2017-04-12,0.023615009695166833
1119,2017-04-13,0.0020274209181705416
1120,2017-04-17,0.007566215257687414
1121,2017-04-18,0.020147479157919257
1122,2017-04-19,-0.007414764385868633
1123,2017-04-20,0.008399283257496393
1124,2017-04-24,0.0
1125,2017-04-25,-0.017620582244198157
1126,2017-04-26,-0.01234423030968701
1127,2017-04-27,-0.006357300333804883
1128,2017-04-28,0.014938877264159434
1129,2017-05-02,0.04928066603648551
1130,2017-05-03,0.006913867175213806
1131,2017-05-04,-0.01171006359218607
1132,2017-05-05,0.011947573992103333
1133,2017-05-08,0.010161992570330902
1134,2017-05-09,0.02094076079400331
1135,2017-05-10,0.034622736796711795
1136,2017-05-11,-0.014788528865716355
1137,2017-05-12,0.020997040978857573
1138,2017-05-15,-0.020771287676916828
1139,2017-05-16,-0.03350480941032474
1140,2017-05-17,-0.02720444558377144
1141,2017-05-18,-0.018393596978416582
1142,2017-05-19,-0.012040887580774928
1143,2017-05-22,0.05880520432763747
1144,2017-05-23,0.02486311257259821
1145,2017-05-24,0.017356459594249696
1146,2017-05-25,0.026897586850589406
1147,2017-05-26,0.0125379506693446
1148,2017-05-29,0.0
1149,2017-05-30,-0.028324312094863302
1150,2017-05-31,-0.043588248013145314
1151,2017-06-01,-0.010908823763447817
1152,2017-06-02,-0.008201522438970876
1153,2017-06-05,0.011696039763191113
1154,2017-06-06,0.00972000269485962
1155,2017-06-07,-0.0062376545090438995
1156,2017-06-08,-0.019895401467807883
1157,2017-06-09,-0.007117444128201811
1158,2017-06-12,-0.01197619104671599
1159,2017-06-13,-0.0036210541345469416
1160,2017-06-14,-0.01510745144178438
1161,2017-06-15,0.0
1162,2017-06-16,-0.0031969043137189956
1163,2017-06-19,0.01491290373816856
1164,2017-06-20,-0.00267284824438363
1165,2017-06-21,-0.0009736368949968544
1166,2017-06-22,-0.018682991806648896
1167,2017-06-23,-0.004975159701530618
1168,2017-06-26,-0.0002493577827951121
1169,2017-06-27,-0.01863100261692585
1170,2017-06-28,-0.013817952890120111
1171,2017-06-29,-0.004131144367497619
1172,2017-06-30,0.01412994552674851
1173,2017-07-03,0.004327307248974677
1174,2017-07-04,-0.005348261893285411
1175,2017-07-05,-0.002044939310656524
1176,2017-07-06,-0.031715706157375845
1177,2017-07-07,-0.011689904795689543
1178,2017-07-10,-0.0024079208958847076
1179,2017-07-11,0.0013384822769872962
1180,2017-07-12,0.022223136196747983
1181,2017-07-13,0.008337723956849619
1182,2017-07-14,0.004142936942240993
1183,2017-07-17,-0.006220911715935973
1184,2017-07-18,-0.01730963798907803
1185,2017-07-19,-0.013583855162945024
1186,2017-07-20,0.005082236362651482
1187,2017-07-21,-0.021030675061740833
1188,2017-07-24,-0.0032750846710767334
1189,2017-07-25,0.01868701585376309
1190,2017-07-26,0.004283808425170399
1191,2017-07-27,-0.005089015801779784
1192,2017-07-28,-0.006465593470333264
1193,2017-07-31,-0.0021645571807553665
1194,2017-08-01,0.03329645889649724
1195,2017-08-02,0.01249701241990575
1196,2017-08-03,0.027559743046635443
1197,2017-08-04,-0.024717834403530592
1198,2017-08-07,0.016884515565928737
1199,2017-08-08,-0.013793245676502863
1200,2017-08-09,0.012015918725087005
1201,2017-08-10,-0.008934277907843402
1202,2017-08-11,0.05122916540825484
1203,2017-08-14,0.029286803040797338
1204,2017-08-15,0.0007094478328717457
1205,2017-08-16,-0.019334579862408052
1206,2017-08-17,-0.02612782005414349
1207,2017-08-18,0.012782893312135446
1208,2017-08-21,0.0029268801382360543
1209,2017-08-22,0.016665015351474466
1210,2017-08-23,-0.0011982985112939382
1211,2017-08-24,0.02299489754299877
1212,2017-08-25,-0.01036518138271747
1213,2017-08-28,-0.0009476665119039218
1214,2017-08-29,0.009671003893018781
1215,2017-08-30,-0.017762457181208724
1216,2017-08-31,0.015882804327989053
1217,2017-09-01,0.025311951311448144
1218,2017-09-04,0.0177276915331519
1219,2017-09-05,0.0024749928538474464
1220,2017-09-06,0.010728757358974939
1221,2017-09-07,0.0
1222,2017-09-08,-0.02362048854348142
1223,2017-09-11,0.012217369021986446
1224,2017-09-12,-0.0004498425525736316
1225,2017-09-13,0.019604124616547036
1226,2017-09-14,0.0015430400265166178
1227,2017-09-15,0.021140527737537163
1228,2017-09-18,0.0017238099506706739
1229,2017-09-19,0.0010758258049379243
1230,2017-09-20,0.008352099181675232
1231,2017-09-21,0.004893106345934317
1232,2017-09-22,-0.0008491932479612885
1233,2017-09-25,-0.028656533151428576
1234,2017-09-26,0.0
1235,2017-09-27,0.0028375223356289503
1236,2017-09-28,-0.006340919831808733
1237,2017-09-29,0.001753189179132253
1238,2017-10-02,-0.0050488309986289615
1239,2017-10-03,0.033754849304204804
1240,2017-10-04,0.020011220474446034
1241,2017-10-05,-0.009429111143909097
1242,2017-10-06,-0.027317084558705407
1243,2017-10-09,-0.005858755917408587
1244,2017-10-10,0.02003729603533344
1245,2017-10-11,0.0017049876253070195
1246,2017-10-12,0.0
1247,2017-10-13,-0.0064088876318377785
1248,2017-10-16,-0.03179015763120496
1249,2017-10-17,-0.011571134761079183
1250,2017-10-18,0.018186351755904884
1251,2017-10-19,-0.02267267601457812
1252,2017-10-20,-0.0013498765008099767
1253,2017-10-23,-0.00950013952325568
1254,2017-10-24,0.010850016024065656
1255,2017-10-25,0.004933874048560938
1256,2017-10-26,-0.006508854686877008
1257,2017-10-27,0.013197820466309018
1258,2017-10-30,-0.02224565439153814
1259,2017-10-31,0.0054385360751569856
1260,,
