,Time,Returns_BVMF3
0,2012-10-02,0.0008153282147547181
1,2012-10-03,0.0024420036555521385
2,2012-10-04,0.0008126778179899929
3,2012-10-05,0.007284532414629119
4,2012-10-08,0.027050177533026076
5,2012-10-09,-0.01662088123604022
6,2012-10-10,-0.010429296296985857
7,2012-10-11,0.03797924806521635
8,2012-10-15,0.0031007776782483454
9,2012-10-16,0.04391318708992786
10,2012-10-17,-0.0037105793965355183
11,2012-10-18,-0.004470946344766968
12,2012-10-19,-0.009756174945364737
13,2012-10-22,0.011248712535870453
14,2012-10-23,-0.031051339832050218
15,2012-10-24,-0.01238405919972152
16,2012-10-25,0.026893668467407927
17,2012-10-26,0.00680017731906446
18,2012-10-29,-0.007558614973926403
19,2012-10-30,0.003030305349179141
20,2012-10-31,-0.016781476962003605
21,2012-11-01,0.03774032798284699
22,2012-11-05,-0.022472855852058604
23,2012-11-06,0.045899988747198694
24,2012-11-07,-0.007262196041784463
25,2012-11-08,-0.02958795718549645
26,2012-11-09,-0.005269112680011734
27,2012-11-12,-0.006056036677041465
28,2012-11-13,-0.008387391906904629
29,2012-11-14,-0.019328007939642067
30,2012-11-16,-0.00862412244409727
31,2012-11-19,0.010184185162999349
32,2012-11-21,-0.03247810212221225
33,2012-11-22,0.006420567802922772
34,2012-11-23,0.0055843782939004605
35,2012-11-26,0.0007952286701384814
36,2012-11-27,-0.006379606964038942
37,2012-11-28,0.016660440893107253
38,2012-11-29,0.015613119657188257
39,2012-11-30,-0.005436906596735902
40,2012-12-03,0.02385646036195821
41,2012-12-04,-0.01919444725614694
42,2012-12-05,-0.011696039763191557
43,2012-12-06,-0.011041121627606731
44,2012-12-07,0.03353140652167852
45,2012-12-10,0.02424361160999311
46,2012-12-11,0.03240342405465935
47,2012-12-12,-0.008002952862801838
48,2012-12-13,0.0007301935337218346
49,2012-12-14,0.0036429912785012064
50,2012-12-17,-0.022803489017576783
51,2012-12-18,0.030771658666753687
52,2012-12-19,0.031252543504104224
53,2012-12-20,-0.023347363996991
54,2012-12-21,-0.013693907683358209
55,2012-12-26,0.016553094763403386
56,2012-12-27,-0.016553094763403386
57,2012-12-28,0.01583906402974611
58,2013-01-02,0.00782643624946422
59,2013-01-03,0.0
60,2013-01-04,-0.018598533231374947
61,2013-01-07,-0.00506696704783538
62,2013-01-08,0.008670574551133736
63,2013-01-09,0.007168489478612372
64,2013-01-10,-0.0007145409378686018
65,2013-01-11,0.0007145409378686018
66,2013-01-14,-0.007888172849006114
67,2013-01-15,-0.024782609440542114
68,2013-01-16,-0.011131840368844514
69,2013-01-17,0.02941388520629351
70,2013-01-18,0.008658062743114314
71,2013-01-21,0.005016133771116316
72,2013-01-22,0.0
73,2013-01-23,-0.0057347827420382025
74,2013-01-24,-0.01960135352003567
75,2013-01-28,-0.005882369903066564
76,2013-01-29,0.02620237239402412
77,2013-01-30,-0.014472032608534136
78,2013-01-31,0.015907783034638356
79,2013-02-01,0.027592836507702945
80,2013-02-04,-0.01973284606032566
81,2013-02-05,0.02112754642587511
82,2013-02-06,-0.033300987126971826
83,2013-02-07,-0.01670943344768938
84,2013-02-08,-0.015504186535965303
85,2013-02-13,0.015504186535965303
86,2013-02-14,-0.01253241614680789
87,2013-02-15,0.030681734652485027
88,2013-02-18,-0.010850016024065656
89,2013-02-19,-0.016129381929883557
90,2013-02-20,-0.028487683558923393
91,2013-02-21,-0.015325970478226925
92,2013-02-22,0.018363178583676643
93,2013-02-25,0.003028011397641084
94,2013-02-26,0.003018870217252001
95,2013-02-27,0.0022581868835920282
96,2013-02-28,0.008236662065878697
97,2013-03-01,-0.018818771396415634
98,2013-03-04,0.0015186031771898811
99,2013-03-05,0.013564639034138626
100,2013-03-06,0.04750619224041586
101,2013-03-07,-0.01510276818575651
102,2013-03-08,0.01510276818575651
103,2013-03-11,0.006403437035206849
104,2013-03-12,-0.01933465170745574
105,2013-03-13,-0.020453598350956614
106,2013-03-14,0.008817103410148075
107,2013-03-15,0.00437956904402137
108,2013-03-18,-0.011721745933102046
109,2013-03-19,0.00880416545357976
110,2013-03-20,-0.016943315083775445
111,2013-03-21,-0.027873744294773406
112,2013-03-22,0.0068519491525527165
113,2013-03-25,0.003030305349179141
114,2013-03-26,0.010534333684959485
115,2013-03-27,0.009683502111164533
116,2013-03-28,0.011057982195651572
117,2013-04-01,0.00657656736456369
118,2013-04-02,-0.023582522486292667
119,2013-04-03,0.024310589500616153
120,2013-04-04,-0.004376374599798893
121,2013-04-05,0.00219058137981909
122,2013-04-08,-0.015435808129839579
123,2013-04-09,-0.0029673612278018346
124,2013-04-10,0.0314468325496704
125,2013-04-11,-0.020364340102877687
126,2013-04-12,-0.030587987071049483
127,2013-04-15,-0.007604599385219402
128,2013-04-16,0.01138532222512545
129,2013-04-17,-0.03377143652358816
130,2013-04-18,0.010097173164111517
131,2013-04-19,0.019893540519570596
132,2013-04-22,0.011299555253933224
133,2013-04-23,0.014870162479451832
134,2013-04-24,-0.017119882213467275
135,2013-04-25,0.024472856518725994
136,2013-04-26,
137,2013-04-29,
138,2013-04-30,0.02930612658549947
139,2013-05-02,0.022135855632225976
140,2013-05-03,0.013328853940056451
141,2013-05-06,-0.004889985294191934
142,2013-05-07,0.00767356398783825
143,2013-05-08,-0.002086957279198387
144,2013-05-09,0.002086957279198387
145,2013-05-10,0.004160893659164611
146,2013-05-13,-0.016748472449431784
147,2013-05-14,0.000703482266085409
148,2013-05-15,0.0007029877266662155
149,2013-05-16,-0.011307540975463048
150,2013-05-17,0.0063762171392758304
151,2013-05-20,0.020273326292867377
152,2013-05-21,0.0068965790590604925
153,2013-05-22,-0.003442344190972779
154,2013-05-23,-0.007615128527252324
155,2013-05-24,-0.008374089410531305
156,2013-05-27,0.007678920804155442
157,2013-05-28,0.005547864437718264
158,2013-05-29,-0.02521141934649629
159,2013-05-31,-0.006403437035206849
160,2013-06-03,-0.004291852081541148
161,2013-06-04,0.0007165890668519026
162,2013-06-05,-0.026126304592219984
163,2013-06-06,0.008784829555732898
164,2013-06-07,-0.028837488107122056
165,2013-06-10,-0.0015015017835970923
166,2013-06-11,-0.03595033414520499
167,2013-06-12,-0.01886848430438315
168,2013-06-13,0.0212022076506031
169,2013-06-14,-0.014084739881738972
170,2013-06-17,0.0007877117382495413
171,2013-06-18,0.031010236742559982
172,2013-06-19,-0.07199628671392544
173,2013-06-20,-0.039319159344313626
174,2013-06-21,-0.02069039325744626
175,2013-06-24,0.023246849698747685
176,2013-06-25,0.03594202169158267
177,2013-06-26,-0.005763704716749807
178,2013-06-27,0.017192400540372965
179,2013-06-28,0.0
180,2013-07-01,0.0358747119390741
181,2013-07-02,-0.04976950025789062
182,2013-07-03,-0.004950505159856178
183,2013-07-04,0.004950505159856178
184,2013-07-05,0.0008227067514634534
185,2013-07-08,-0.002470153582061929
186,2013-07-10,0.027644036735986255
187,2013-07-11,0.03390155167568132
188,2013-07-12,-0.019570096194096998
189,2013-07-15,0.004731870027833374
190,2013-07-16,-0.03523182647854295
191,2013-07-17,0.016970104218461568
192,2013-07-18,0.013529852232248007
193,2013-07-19,-0.02481119669628784
194,2013-07-22,0.0048504541337495155
195,2013-07-23,0.000806126605524593
196,2013-07-24,-0.008090659020153712
197,2013-07-25,0.020901082405794025
198,2013-07-26,
199,2013-07-29,
200,2013-07-30,-0.028561713015951007
201,2013-07-31,0.018048069871703376
202,2013-08-01,0.01452810056290943
203,2013-08-02,-0.026798193154724093
204,2013-08-05,-0.020790769669073672
205,2013-08-06,-0.028987536873252395
206,2013-08-07,0.005176888179533989
207,2013-08-08,0.040477701178930126
208,2013-08-09,-0.03447167711871835
209,2013-08-12,0.011904902506318482
210,2013-08-13,0.0016891895908446308
211,2013-08-14,-0.02477700433690888
212,2013-08-15,-0.005203827875027045
213,2013-08-16,0.017241806434506124
214,2013-08-19,-0.033017769028673705
215,2013-08-20,-0.003539826705123872
216,2013-08-21,0.0114589178040716
217,2013-08-22,-0.0008768084735346626
218,2013-08-23,0.04879016416943216
219,2013-08-26,-0.005865119452398204
220,2013-08-27,-0.05262102195591334
221,2013-08-28,0.02016727710617472
222,2013-08-29,0.0051948168771041026
223,2013-08-30,0.012870190520534841
224,2013-09-02,0.0034042586068014913
225,2013-09-03,0.010984478845298185
226,2013-09-04,0.010033528989577878
227,2013-09-05,0.017320020592019425
228,2013-09-06,0.02582871587871205
229,2013-09-09,0.01581060602664186
230,2013-09-10,-0.01421824900227886
231,2013-09-11,0.004761913760243708
232,2013-09-12,-0.021609484332854922
233,2013-09-13,0.027136541435000883
234,2013-09-16,0.007843177461025697
235,2013-09-17,0.004676547883901705
236,2013-09-18,0.03739466603678521
237,2013-09-19,-0.027336554163750026
238,2013-09-20,-0.024942836349460595
239,2013-09-23,0.012549184294497362
240,2013-09-24,-0.0015600627189020777
241,2013-09-25,0.007001195458983478
242,2013-09-26,-0.019570096194096998
243,2013-09-27,-0.00793654959573642
244,2013-09-30,-0.013638398321342837
245,2013-10-01,0.0333629036691212
246,2013-10-02,-0.02211780525361906
247,2013-10-03,-0.00560674276123585
248,2013-10-04,0.015936592262812965
249,2013-10-07,0.0
250,2013-10-08,-0.0015822788111297115
251,2013-10-09,-0.0031720883061439054
252,2013-10-10,-0.007974523918769627
253,2013-10-11,0.006384698464669825
254,2013-10-14,0.008712926406923671
255,2013-10-15,-0.006329135051647672
256,2013-10-16,0.02197890671877545
257,2013-10-17,-0.006230549750636083
258,2013-10-18,0.018576385572935283
259,2013-10-21,-0.006925768352960215
260,2013-10-22,0.008458335702738573
261,2013-10-23,-0.012326812480658589
262,2013-10-24,-0.0038835000263977015
263,2013-10-25,-0.023623145763435716
264,2013-10-28,0.022065513049752017
265,2013-10-29,0.007764014156220966
266,2013-10-30,-0.008543741291242135
267,2013-10-31,-0.015723594379456696
268,2013-11-01,-0.012759343753760088
269,2013-11-04,-0.004827040748315969
270,2013-11-05,-0.03278982282299081
271,2013-11-06,0.01077507316795856
272,2013-11-07,-0.02504304496566334
273,2013-11-08,-0.0025391465186763718
274,2013-11-11,-0.017094433359300165
275,2013-11-12,-0.011270166971039774
276,2013-11-13,0.03090374684901631
277,2013-11-14,0.014267971797704782
278,2013-11-18,-0.004175371410480633
279,2013-11-19,-0.014328100154079149
280,2013-11-21,-0.003401363823490211
281,2013-11-22,0.021904835388049992
282,2013-11-25,-0.010050335853501569
283,2013-11-26,-0.011854499534548424
284,2013-11-27,-0.013722342255101161
285,2013-11-28,0.00945430333912789
286,2013-11-29,0.008517939065302293
287,2013-12-02,-0.024904679180075107
288,2013-12-03,-0.03450143171766573
289,2013-12-04,0.0026966308475993017
290,2013-12-05,-0.044043815761439564
291,2013-12-06,0.05386970991273099
292,2013-12-09,-0.016129381929883557
293,2013-12-10,-0.01089929045803606
294,2013-12-11,-0.03437402983235627
295,2013-12-12,0.035286855089716074
296,2013-12-13,-0.01655971603901829
297,2013-12-16,0.0009272137891920273
298,2013-12-17,-0.014939586916186354
299,2013-12-18,-0.0056603924717104626
300,2013-12-19,0.013158084577510998
301,2013-12-20,-0.020755462051451623
302,2013-12-23,0.013257769945651088
303,2013-12-26,0.016791439297259902
304,2013-12-27,0.008291157583981246
305,2013-12-30,0.014572206859090997
306,2014-01-02,-0.0443695696640356
307,2014-01-03,0.009407407101895249
308,2014-01-06,-0.02560595090517115
309,2014-01-07,-0.009652584598008662
310,2014-01-08,0.023011561893206522
311,2014-01-09,-0.03766741777173932
312,2014-01-10,0.0
313,2014-01-13,-0.006913607784818421
314,2014-01-14,0.013779745598017534
315,2014-01-15,0.010695289116747997
316,2014-01-16,-0.01657765901981456
317,2014-01-17,-0.008888947417246218
318,2014-01-20,-0.0059701669865037665
319,2014-01-21,-0.01914416149764353
320,2014-01-22,0.017146158834970837
321,2014-01-23,-0.025317807984289953
322,2014-01-24,-0.0051413995004190305
323,2014-01-27,0.020408871631207415
324,2014-01-28,-0.006079046076382433
325,2014-01-29,-0.03411183450686295
326,2014-01-30,-0.01163418728134058
327,2014-01-31,0.020011199619388353
328,2014-02-03,-0.03826184038058589
329,2014-02-04,0.008630042774214974
330,2014-02-05,0.014925650216675468
331,2014-02-06,0.047529606836245186
332,2014-02-07,-0.02970008366428134
333,2014-02-10,-0.012552466071119817
334,2014-02-11,0.021864483696738102
335,2014-02-12,-0.03564318605290273
336,2014-02-13,-0.013971210596738004
337,2014-02-14,0.03613570632917629
338,2014-02-17,-0.011548684784782104
339,2014-02-18,-0.021345527620223237
340,2014-02-19,0.03080434748554639
341,2014-02-20,-0.009458819865323154
342,2014-02-21,0.015715357479628267
343,2014-02-24,0.008281620831721792
344,2014-02-25,-0.007242659699302489
345,2014-02-26,-0.01148837700676042
346,2014-02-27,0.05616585792719686
347,2014-02-28,0.0
348,2014-03-05,-0.006975613736424968
349,2014-03-06,0.01980262729617932
350,2014-03-07,0.006839303650241657
351,2014-03-10,-0.021654389435382004
352,2014-03-11,-0.016048488870464173
353,2014-03-12,0.001010611505923631
354,2014-03-13,-0.005063301956546695
355,2014-03-14,-0.0061099986415786844
356,2014-03-17,0.025215657721163964
357,2014-03-18,0.02362314576343616
358,2014-03-19,0.012566622599858412
359,2014-03-20,0.007655539781328269
360,2014-03-21,-0.013435902696827817
361,2014-03-24,0.013435902696827817
362,2014-03-25,-0.006695386082984811
363,2014-03-26,-0.011583141089630988
364,2014-03-27,0.04276185933808163
365,2014-03-28,0.018433701688838067
366,2014-03-31,0.027028672387919617
367,2014-04-01,-0.035281814144640045
368,2014-04-02,0.03705801354589555
369,2014-04-03,-0.0008877053401405988
370,2014-04-04,0.0070796755880619955
371,2014-04-07,0.02868514799885835
372,2014-04-08,-0.006878788946804271
373,2014-04-09,0.011154126797206398
374,2014-04-10,-0.02418079819721486
375,2014-04-11,0.00174672533494169
376,2014-04-14,-0.005249355886143725
377,2014-04-15,-0.02396919011299614
378,2014-04-16,0.015158560430841295
379,2014-04-17,0.012313260233356882
380,2014-04-22,0.017331456351640018
381,2014-04-23,-0.0068965790590604925
382,2014-04-24,0.0034542348680877133
383,2014-04-25,-0.029748475400774854
384,2014-04-28,-0.012511333889107856
385,2014-04-29,0.03360174654676795
386,2014-04-30,-0.008733679968754515
387,2014-05-02,0.03955803816912962
388,2014-05-05,0.0008428150519970146
389,2014-05-06,-0.002530579165716862
390,2014-05-07,0.013423020332140823
391,2014-05-08,-0.022756987122616312
392,2014-05-09,-0.005985481743037813
393,2014-05-12,0.02037421919513749
394,2014-05-13,-0.008438868645864517
395,2014-05-14,0.0033840979842403307
396,2014-05-15,-0.00848181505590917
397,2014-05-16,0.012695896302739929
398,2014-05-19,-0.013548048037306248
399,2014-05-20,-0.012870190520534841
400,2014-05-21,0.006026707866860548
401,2014-05-22,0.012793351459909452
402,2014-05-23,-0.001696353248178628
403,2014-05-26,0.001696353248178628
404,2014-05-27,-0.0085106896679088
405,2014-05-28,0.0
406,2014-05-29,-0.027731413105525515
407,2014-05-30,-0.03578199261680037
408,2014-06-02,0.0009103323341452807
409,2014-06-03,0.0009095043828408755
410,2014-06-04,-0.010050335853501569
411,2014-06-05,0.0
412,2014-06-06,0.028068841356179597
413,2014-06-09,0.016821999158042278
414,2014-06-10,0.030266036940859387
415,2014-06-11,0.0
416,2014-06-13,0.005097717071668839
417,2014-06-16,0.008438868645864517
418,2014-06-17,-0.010984478845298185
419,2014-06-18,0.036701366850427686
420,2014-06-20,-0.031616610132317646
421,2014-06-23,-0.0033869634410161886
422,2014-06-24,0.007604599385219402
423,2014-06-25,-0.007604599385219402
424,2014-06-26,0.0016949156599914694
425,2014-06-27,-0.006796967543886812
426,2014-06-30,-0.012007005313723784
427,2014-07-01,-0.001727116146075236
428,2014-07-02,-0.02804741255515575
429,2014-07-03,0.021978906718775004
430,2014-07-04,-0.00523104941755248
431,2014-07-07,0.0008737440485968584
432,2014-07-08,-0.016733107288704474
433,2014-07-10,0.028886034640116076
434,2014-07-11,0.022185210229479946
435,2014-07-14,0.026646039418295686
436,2014-07-15,0.0032813811231773293
437,2014-07-16,0.011400774951372927
438,2014-07-17,-0.011400774951372927
439,2014-07-18,0.056521210231842645
440,2014-07-21,0.01688451470200869
441,2014-07-22,0.012103022171243705
442,2014-07-23,-0.04223276362327333
443,2014-07-24,0.033927695124788215
444,2014-07-25,-0.0015174509740334408
445,2014-07-28,-0.0007595898580183835
446,2014-07-29,-0.04586890329501525
447,2014-07-30,-0.009592399691439546
448,2014-07-31,-0.02768906534571558
449,2014-08-01,0.005763704716749807
450,2014-08-04,0.02433210065953073
451,2014-08-05,-0.01452810056290943
452,2014-08-06,0.016929062100447645
453,2014-08-07,-0.028376447940798855
454,2014-08-08,-0.009087216601356918
455,2014-08-11,0.02297065723958891
456,2014-08-12,-0.008143367477171815
457,2014-08-13,-0.018985299911080666
458,2014-08-14,0.012422519998557036
459,2014-08-15,0.04269677922252235
460,2014-08-18,0.02106983913646676
461,2014-08-19,0.022901764286684667
462,2014-08-20,-0.02599534757368005
463,2014-08-21,-0.005436906596735902
464,2014-08-22,-0.013328303928767493
465,2014-08-25,0.017990317034578762
466,2014-08-26,0.0
467,2014-08-27,0.023746807166607375
468,2014-08-28,-0.003032602779044158
469,2014-08-29,0.02474816968919402
470,2014-09-01,0.03636764417087468
471,2014-09-02,-0.006449323679906804
472,2014-09-03,0.013566791448770932
473,2014-09-04,-0.013566791448770932
474,2014-09-05,0.019929485236599653
475,2014-09-08,-0.02859379936674067
476,2014-09-09,-0.029435532102129347
477,2014-09-10,-0.014291330110756117
478,2014-09-11,0.006042314455962483
479,2014-09-12,-0.048601928874758116
480,2014-09-15,0.03342713085552296
481,2014-09-16,0.02267670867103
482,2014-09-17,0.0007471050029987936
483,2014-09-18,-0.029558802241544502
484,2014-09-19,-0.017067908512148122
485,2014-09-22,-0.03828218657101656
486,2014-09-23,0.007290433262678864
487,2014-09-24,0.0016129035754648413
488,2014-09-25,-0.006467282040262923
489,2014-09-26,0.029566676288292904
490,2014-09-29,-0.08458054716608121
491,2014-09-30,-0.042000923974630844
492,2014-10-01,-0.027175585378964584
493,2014-10-02,0.013680103904079921
494,2014-10-03,0.009017193650188826
495,2014-10-06,0.07852242543752608
496,2014-10-07,0.023781358540577724
497,2014-10-08,-0.0008107013009888142
498,2014-10-09,0.028778964550043362
499,2014-10-10,-0.056741312686873435
500,2014-10-13,0.07702281910612374
501,2014-10-14,0.0
502,2014-10-15,-0.03137512256775343
503,2014-10-16,-0.06162113410617387
504,2014-10-17,0.03251641202156108
505,2014-10-20,-0.04445176257083405
506,2014-10-21,-0.08685545588539245
507,2014-10-22,-0.010343298606800388
508,2014-10-23,-0.04247742826711631
509,2014-10-24,0.05001042057466121
510,2014-10-27,-0.013220211428134565
511,2014-10-28,0.03456672963530538
512,2014-10-29,-0.04603913079754207
513,2014-10-30,0.008616616260878729
514,2014-10-31,0.038340366826892236
515,2014-11-03,-0.027908788117076533
516,2014-11-04,0.000942951507870049
517,2014-11-05,-0.026744669494344286
518,2014-11-06,-0.02747964862646235
519,2014-11-07,-0.001992032531240806
520,2014-11-10,-0.014056456339223367
521,2014-11-11,0.004036332422460376
522,2014-11-12,0.019940840203510835
523,2014-11-13,-0.02701514964604801
524,2014-11-14,0.0020263431452325342
525,2014-11-17,-0.02355459640888169
526,2014-11-18,0.025576841789649585
527,2014-11-19,0.008048333182828493
528,2014-11-21,0.055542769598702524
529,2014-11-24,-0.002847652612511631
530,2014-11-25,0.0075757938084577425
531,2014-11-26,0.0028261912358353847
532,2014-11-27,-0.007554332431781496
533,2014-11-28,-0.0018975337761912847
534,2014-12-01,-0.06472847270049398
535,2014-12-02,-0.028778964550043362
536,2014-12-03,0.016546396114409223
537,2014-12-04,-0.015504186535965303
538,2014-12-05,0.0072652109914121965
539,2014-12-08,-0.040089756639455576
540,2014-12-09,-0.009735068770752697
541,2014-12-10,-0.015334364000106682
542,2014-12-11,-0.006644542718668323
543,2014-12-12,-0.020202707317519497
544,2014-12-15,0.009029406719394117
545,2014-12-16,-0.005633817718256218
546,2014-12-17,0.04959694113937241
547,2014-12-18,0.007498696091120305
548,2014-12-19,0.0
549,2014-12-22,0.03151521321487216
550,2014-12-23,0.018443145718794796
551,2014-12-26,-0.016377029281323008
552,2014-12-29,0.018405427542715458
553,2014-12-30,-0.0030441423812281876
554,2015-01-02,-0.03411183450686295
555,2015-01-05,-0.027720325032964954
556,2015-01-06,0.00968270071641708
557,2015-01-07,0.03885003006248233
558,2015-01-08,-0.013478690320464448
559,2015-01-09,-0.026442577123516386
560,2015-01-12,-0.02936589480436469
561,2015-01-13,0.0022050725583140363
562,2015-01-14,0.019629856044886207
563,2015-01-15,-0.004329011089585499
564,2015-01-16,0.02991676103799268
565,2015-01-19,-0.05629191629238717
566,2015-01-20,0.019846296371930805
567,2015-01-21,0.044831413296730016
568,2015-01-22,0.04190700067769315
569,2015-01-23,-0.017163470294087713
570,2015-01-26,-0.012295236857037484
571,2015-01-27,0.01838662625043952
572,2015-01-28,-0.02251886353534971
573,2015-01-29,0.01947780695957091
574,2015-01-30,-0.06826797112900307
575,2015-02-02,0.012959144642505471
576,2015-02-03,0.027514963285268923
577,2015-02-04,0.017589693026986986
578,2015-02-05,-0.00720538372127022
579,2015-02-06,-0.02616580464311946
580,2015-02-09,0.0
581,2015-02-10,-0.009589844404615189
582,2015-02-11,-0.04042057617004646
583,2015-02-12,0.032897703507059006
584,2015-02-13,0.011796383440369596
585,2015-02-18,0.027341345604321
586,2015-02-19,0.0020725396019725117
587,2015-02-20,0.005162634078806683
588,2015-02-23,-0.012435393407886686
589,2015-02-24,0.036851662275154684
590,2015-02-25,-0.007060039410724972
591,2015-02-26,0.015068090214067631
592,2015-02-27,0.004972660669378293
593,2015-03-02,-0.04359534729232761
594,2015-03-03,0.02051353983310289
595,2015-03-04,0.00808902287308344
596,2015-03-05,-0.02963936943462686
597,2015-03-06,0.0031072008427486253
598,2015-03-09,-0.006224086483001656
599,2015-03-10,-0.010460346424902234
600,2015-03-11,0.02389724109714475
601,2015-03-12,-0.011357891844409274
602,2015-03-13,0.0020746895408603194
603,2015-03-16,0.032622668622852125
604,2015-03-17,0.07346297266886026
605,2015-03-18,0.04732457200782214
606,2015-03-19,-0.015226447331291304
607,2015-03-20,0.026715747379046917
608,2015-03-23,-0.014159528603634453
609,2015-03-24,-0.02344561857468097
610,2015-03-25,-0.011009285508369437
611,2015-03-26,0.01737583725391101
612,2015-03-27,0.009025332022042587
613,2015-03-30,0.01957357863995801
614,2015-03-31,-0.020472455104975307
615,2015-04-01,0.05255149532643033
616,2015-04-02,0.02527514495819494
617,2015-04-06,-0.009193545739852649
618,2015-04-07,-0.025511587657408796
619,2015-04-08,0.03137179697750314
620,2015-04-09,0.0
621,2015-04-10,0.00914007193939792
622,2015-04-13,0.004950505159856178
623,2015-04-14,-0.006606134677117126
624,2015-04-15,0.030194052201593102
625,2015-04-16,-0.020301143817853085
626,2015-04-17,0.0
627,2015-04-20,-0.014044014386118686
628,2015-04-22,0.015683359015551623
629,2015-04-23,0.01059073035462843
630,2015-04-24,0.033469259439402155
631,2015-04-27,-0.012618463959211734
632,2015-04-28,-0.0031796529173795385
633,2015-04-29,-0.02662521134097151
634,2015-04-30,0.017025137611952346
635,2015-05-04,0.022258470600942548
636,2015-05-05,0.004705891037412702
637,2015-05-06,0.0
638,2015-05-07,-0.03179918169293838
639,2015-05-08,0.018407882720377966
640,2015-05-11,-0.001587301920572326
641,2015-05-12,-0.02574558933343596
642,2015-05-13,-0.01809259878615599
643,2015-05-14,0.004140792666031512
644,2015-05-15,0.013136477905369759
645,2015-05-18,0.011354542102925969
646,2015-05-19,-0.008097210232619112
647,2015-05-20,-0.008163310639161203
648,2015-05-21,-0.008230499136515412
649,2015-05-22,-0.023412440624743347
650,2015-05-25,-0.00934983436832626
651,2015-05-26,-0.012027636404040809
652,2015-05-27,0.01117330059812538
653,2015-05-28,-0.012037978559479079
654,2015-05-29,-0.031637084943182625
655,2015-06-01,0.033365693843800504
656,2015-06-02,0.02051353983310289
657,2015-06-03,
658,2015-06-05,
659,2015-06-08,-0.017182553319996963
660,2015-06-09,0.0
661,2015-06-10,0.023127369129317454
662,2015-06-11,0.0
663,2015-06-12,-0.008503452599645023
664,2015-06-15,0.0017064850557582112
665,2015-06-16,-0.007702220362092227
666,2015-06-17,-0.003442344190972779
667,2015-06-18,0.009438079497306795
668,2015-06-19,-0.016358522341880732
669,2015-06-22,0.003466207976486224
670,2015-06-23,-0.013060699370246898
671,2015-06-24,-0.0008768084735346626
672,2015-06-25,0.009602867333341703
673,2015-06-26,0.014661754666289717
674,2015-06-29,-0.016400885539416876
675,2015-06-30,0.015544354437800223
676,2015-07-01,-0.006878788946804271
677,2015-07-02,
678,2015-07-03,
679,2015-07-06,0.008703275128301602
680,2015-07-07,0.017182553319996963
681,2015-07-08,-0.01458627319436534
682,2015-07-10,0.018836173343694362
683,2015-07-13,0.0033869634410161886
684,2015-07-14,0.017595761890379258
685,2015-07-15,-0.015906572299534627
686,2015-07-16,0.010075651988741718
687,2015-07-17,-0.021106735421015266
688,2015-07-20,-0.02243407286227317
689,2015-07-21,-0.017606088575049306
690,2015-07-22,-0.012511333889107856
691,2015-07-23,-0.038501547354576005
692,2015-07-24,-0.02172971658541467
693,2015-07-27,-0.006708218735118621
694,2015-07-28,-0.00966191091173707
695,2015-07-29,-0.007797310460031515
696,2015-07-30,0.0048804391649084344
697,2015-07-31,0.018331434696309934
698,2015-08-03,-0.016385908790818693
699,2015-08-04,-0.002919710103334694
700,2015-08-05,-0.0029282597790882825
701,2015-08-06,-0.004899568841158608
702,2015-08-07,-0.010864304391905666
703,2015-08-10,0.02742581298090707
704,2015-08-11,0.02386748140664352
705,2015-08-12,-0.010431578709815703
706,2015-08-13,
707,2015-08-14,
708,2015-08-17,
709,2015-08-18,
710,2015-08-19,-0.010304540828814268
711,2015-08-20,0.02050398019770716
712,2015-08-21,-0.03664101760067995
713,2015-08-24,0.004773278752657539
714,2015-08-25,-0.028987536873252395
715,2015-08-26,0.06269859421556401
716,2015-08-27,0.026353183400338764
717,2015-08-28,-0.01718721638625853
718,2015-08-31,-0.01655971603901829
719,2015-09-01,-0.04070604576947323
720,2015-09-02,0.006740516613843006
721,2015-09-03,0.011450506787995085
722,2015-09-04,-0.03278982282299081
723,2015-09-08,0.003913899321136505
724,2015-09-09,0.03737857274249512
725,2015-09-10,0.01586594177631717
726,2015-09-11,-0.013047715392475734
727,2015-09-14,0.03502662211125074
728,2015-09-15,0.03208831455150074
729,2015-09-16,0.04124295853404902
730,2015-09-17,-0.043878006172054285
731,2015-09-18,
732,2015-09-21,
733,2015-09-22,0.011791519842406117
734,2015-09-23,-0.013618004368440406
735,2015-09-24,0.015419806657703372
736,2015-09-25,-0.010859835236008752
737,2015-09-28,-0.01929320293467862
738,2015-09-29,-0.002786810907179582
739,2015-09-30,0.03023592674546638
740,2015-10-01,0.026715747379046917
741,2015-10-02,
742,2015-10-05,
743,2015-10-06,
744,2015-10-07,
745,2015-10-08,0.008605905092879507
746,2015-10-09,0.021196215338739055
747,2015-10-13,-0.01266374036501805
748,2015-10-14,
749,2015-10-15,
750,2015-10-16,-0.006968669316093301
751,2015-10-19,
752,2015-10-20,
753,2015-10-21,
754,2015-10-22,
755,2015-10-23,
756,2015-10-26,0.0016583751727763385
757,2015-10-27,
758,2015-10-28,
759,2015-10-29,
760,2015-10-30,
761,2015-11-03,
762,2015-11-04,-0.007284532414629119
763,2015-11-05,-0.006519990497281025
764,2015-11-06,-0.018985299911080666
765,2015-11-09,0.006644542718668323
766,2015-11-10,0.012340757192412344
767,2015-11-11,0.02183669460917459
768,2015-11-12,-0.0226546905648064
769,2015-11-13,-0.018167303955448855
770,2015-11-16,0.0008329863038918361
771,2015-11-17,0.006639028534809022
772,2015-11-18,0.025317807984289953
773,2015-11-19,-0.015441184488377946
774,2015-11-23,0.019465334788103306
775,2015-11-24,-0.025214837279364133
776,2015-11-25,0.0
777,2015-11-26,-0.008271345750677561
778,2015-11-27,-0.023530497410193973
779,2015-11-30,-0.033725634708036356
780,2015-12-01,0.020026790349874535
781,2015-12-02,-0.0069204428445739374
782,2015-12-03,0.024014876203874103
783,2015-12-04,-0.02054866822738788
784,2015-12-07,-0.0008654262764284937
785,2015-12-08,-0.017467693040391197
786,2015-12-09,0.05402084875989166
787,2015-12-10,-0.0008350731174213699
788,2015-12-11,0.0025031302181184323
789,2015-12-14,-0.023609865639133698
790,2015-12-15,-0.011154126797206398
791,2015-12-16,0.0008624407606587781
792,2015-12-17,0.009438079497306795
793,2015-12-18,-0.04185440885927383
794,2015-12-21,-0.015253772656163012
795,2015-12-22,0.00361011222409946
796,2015-12-23,-0.004514680354526401
797,2015-12-28,-0.012750628118782803
798,2015-12-29,0.0018315023434678501
799,2015-12-30,-0.003666365243577996
800,2016-01-04,-0.04124295853404902
801,2016-01-05,0.03756310157564835
802,2016-01-06,-0.0009220839749684018
803,2016-01-07,-0.04239919090036404
804,2016-01-08,0.01243440219842773
805,2016-01-11,-0.001902950146086102
806,2016-01-12,-0.006688988150796771
807,2016-01-13,-0.0019193863858033566
808,2016-01-14,0.020913309726979357
809,2016-01-15,-0.020913309726979357
810,2016-01-18,-0.00096107647955046
811,2016-01-19,0.012422519998557036
812,2016-01-20,-0.02695062056146691
813,2016-01-21,-0.016724442941194795
814,2016-01-22,-0.003976148379639444
815,2016-01-26,-0.009004563093081508
816,2016-01-27,0.030680288572122016
817,2016-01-28,0.010664182498812291
818,2016-01-29,-0.010664182498812291
819,2016-02-01,0.020261185139822224
820,2016-02-02,-0.02612630459222043
821,2016-02-03,0.017493157447517227
822,2016-02-04,0.01054154467046331
823,2016-02-05,-0.01730812437933693
824,2016-02-10,0.0019379851026783967
825,2016-02-11,-0.012664562841322002
826,2016-02-12,-0.004914014802428923
827,2016-02-15,0.02240717224994615
828,2016-02-16,0.006721100673077629
829,2016-02-17,0.006676228898743641
830,2016-02-18,0.003795070968551695
831,2016-02-19,-0.000947418356040064
832,2016-02-22,0.06246290882827665
833,2016-02-23,-0.007149270844224009
834,2016-02-24,0.002686969820825169
835,2016-02-25,-0.0071813594086647115
836,2016-02-26,0.008968669982760247
837,2016-02-29,0.036813973122716614
838,2016-03-01,0.04788819206941497
839,2016-03-02,0.02910472208461279
840,2016-03-03,0.06851466951721052
841,2016-03-04,0.09639184567506565
842,2016-03-07,-0.054855820421153556
843,2016-03-08,0.004273510777382139
844,2016-03-09,0.049230044393757666
845,2016-03-10,0.044981127639220464
846,2016-03-11,0.02175389687364504
847,2016-03-14,-0.03281092009195019
848,2016-03-15,-0.05098354235877922
849,2016-03-16,0.02380255182275448
850,2016-03-17,0.06315147091834339
851,2016-03-18,-0.022329476398088577
852,2016-03-21,0.0064308903302903175
853,2016-03-22,-0.007722046093910251
854,2016-03-23,-0.012349848220610138
855,2016-03-24,0.0026126729427518036
856,2016-03-28,0.027028672387919617
857,2016-03-29,-0.01213684652139646
858,2016-03-30,0.007682496172015885
859,2016-03-31,-0.021270540889055667
860,2016-04-01,0.01615544022228521
861,2016-04-04,-0.02007189431452039
862,2016-04-05,0.018146965904936252
863,2016-04-06,-0.052071070325851565
864,2016-04-07,0.02340461228020896
865,2016-04-08,0.04963958142592162
866,2016-04-11,-0.01393309430392442
867,2016-04-12,0.02332277234846547
868,2016-04-13,0.03369390809177064
869,2016-04-14,0.023810648693718406
870,2016-04-15,0.005865119452398204
871,2016-04-18,-0.037537980035521556
872,2016-04-19,0.015065064374848447
873,2016-04-20,0.02539262576400736
874,2016-04-22,-0.013501819433871187
875,2016-04-25,-0.013686556588218046
876,2016-04-26,0.0029912674714696053
877,2016-04-27,0.05293471831797669
878,2016-04-28,0.019080264583136053
879,2016-04-29,-0.046070131406332315
880,2016-05-02,-0.002331061729534678
881,2016-05-03,-0.02301659655549937
882,2016-05-04,-0.001194743272342702
883,2016-05-05,-0.010817473598623284
884,2016-05-06,-0.004238516918783741
885,2016-05-09,0.0024242436115065047
886,2016-05-10,0.05648560213455722
887,2016-05-11,0.005704522029641446
888,2016-05-12,0.02804446270699934
889,2016-05-13,-0.018984378082596898
890,2016-05-16,-0.010768083949617147
891,2016-05-17,-0.04964511362886892
892,2016-05-18,-0.011442521370910619
893,2016-05-19,-0.0006058770255017443
894,2016-05-20,-0.006079046076381989
895,2016-05-23,-0.009188426054406396
896,2016-05-24,-0.005553855682796982
897,2016-05-25,-0.004341092088657739
898,2016-05-27,0.006195868451772668
899,2016-05-30,-0.01180510721628325
900,2016-05-31,-0.005012541823544048
901,2016-06-01,0.007509484366269081
902,2016-06-02,0.00992563918422551
903,2016-06-03,0.026798071330174977
904,2016-06-06,-0.012091924841624024
905,2016-06-07,-0.01347246342029873
906,2016-06-08,0.03513383985041818
907,2016-06-09,0.0
908,2016-06-10,-0.04069799674456709
909,2016-06-13,-0.014361720914648934
910,2016-06-14,-0.0050441468866782024
911,2016-06-15,0.02311886711655653
912,2016-06-16,-0.0037129993152293927
913,2016-06-17,-0.003726650391413955
914,2016-06-20,0.035456036677031566
915,2016-06-21,0.0166769797185915
916,2016-06-22,0.0023598241735696135
917,2016-06-23,0.014043531799080355
918,2016-06-24,-0.017585389207205093
919,2016-06-27,-0.01129961506254773
920,2016-06-28,0.02539262576400736
921,2016-06-29,0.0029112683469918466
922,2016-06-30,0.04546231593722405
923,2016-07-01,-0.005571045049455492
924,2016-07-04,0.005571045049455492
925,2016-07-05,-0.019635974516858834
926,2016-07-06,-0.008534902449837123
927,2016-07-07,0.007401058758810919
928,2016-07-08,0.02906862102258012
929,2016-07-11,0.014766470116301278
930,2016-07-12,0.015086546509314402
931,2016-07-13,0.022211382588034123
932,2016-07-14,0.03595656897733246
933,2016-07-15,0.014028286163188408
934,2016-07-18,0.013343464265484606
935,2016-07-19,-0.008380625418406673
936,2016-07-20,-0.04299023443631711
937,2016-07-21,0.0
938,2016-07-22,-0.0015515906914189692
939,2016-07-25,-0.006230497667304213
940,2016-07-26,-0.00626966509692739
941,2016-07-27,-0.01106725364551231
942,2016-07-28,0.0173369187424397
943,2016-07-29,-0.005745693379411776
944,2016-08-01,-0.016904787139238486
945,2016-08-02,-0.02699948020850229
946,2016-08-03,-0.003838721362112274
947,2016-08-04,0.04301733013863718
948,2016-08-05,0.006295980758069142
949,2016-08-08,-0.020074683114233327
950,2016-08-09,0.015356457046388439
951,2016-08-10,-0.019098776303033027
952,2016-08-11,0.025384758073023317
953,2016-08-12,0.01038970384913629
954,2016-08-15,-0.03096547589771248
955,2016-08-16,-0.014496898179045203
956,2016-08-17,0.014496898179045203
957,2016-08-18,-0.022097369077499263
958,2016-08-19,-0.0027285692980143494
959,2016-08-22,-0.019310834557972445
960,2016-08-23,0.0027815872515719597
961,2016-08-24,-0.0011117288526900637
962,2016-08-25,0.0038856003337519596
963,2016-08-26,-0.004441984230063145
964,2016-08-29,-0.0061400137077702865
965,2016-08-30,0.013348306832387191
966,2016-08-31,-0.010552722199159703
967,2016-09-01,-0.03119044923673142
968,2016-09-02,0.035091262207585405
969,2016-09-05,-0.004459316196765428
970,2016-09-06,0.0039029323004542427
971,2016-09-08,-0.012881668265730006
972,2016-09-09,-0.04673478073638915
973,2016-09-12,0.0023598241735696135
974,2016-09-13,-0.034165685488460884
975,2016-09-14,0.010312496608318789
976,2016-09-15,0.03440434217347699
977,2016-09-16,-0.007609050466720557
978,2016-09-19,0.005274023204226097
979,2016-09-20,-0.0035130012709565506
980,2016-09-21,0.008177732489615508
981,2016-09-22,0.004643014590473893
982,2016-09-23,-0.016345956474746348
983,2016-09-26,-0.0160193878358994
984,2016-09-27,0.007151460966239309
985,2016-09-28,0.008867926869660092
986,2016-09-29,-0.022018086088068323
987,2016-09-30,0.011367038336350443
988,2016-10-03,0.03449631828836042
989,2016-10-04,-0.008658062743114314
990,2016-10-05,0.010954332342912654
991,2016-10-06,0.003434405109187022
992,2016-10-07,0.01755916022386872
993,2016-10-10,0.006157366393447106
994,2016-10-11,-0.024288118516273993
995,2016-10-13,0.005701269718956237
996,2016-10-14,0.006234137327490341
997,2016-10-17,0.005633705041305781
998,2016-10-18,0.0016840307567860258
999,2016-10-19,0.02218615681552283
1000,2016-10-20,0.020092992028584167
1001,2016-10-21,0.0
1002,2016-10-24,0.0032206147000422014
1003,2016-10-25,-0.014031530804258008
1004,2016-10-26,0.0027137600721367505
1005,2016-10-27,0.0027063073972022345
1006,2016-10-28,-0.010869726881713948
1007,2016-10-31,0.026955811441847555
1008,2016-11-01,-0.029691736615911957
1009,2016-11-03,-0.029471191284975884
1010,2016-11-04,-0.007363329994058088
1011,2016-11-07,0.05367811472927597
1012,2016-11-08,-0.008658008863802635
1013,2016-11-09,-0.023647019467776698
1014,2016-11-10,-0.03453487831127422
1015,2016-11-11,-0.020955422779672883
1016,2016-11-14,-0.014815085785140791
1017,2016-11-16,0.0005968367828614873
1018,2016-11-17,-0.018061960558356294
1019,2016-11-18,0.006056954075057686
1020,2016-11-21,-0.006664550568985739
1021,2016-11-22,0.0024285985698551116
1022,2016-11-23,-0.0115890901084863
1023,2016-11-24,0.0024510429688353597
1024,2016-11-25,0.004884014592425601
1025,2016-11-28,0.014510532714414381
1026,2016-11-29,-0.010256500167189042
1027,2016-11-30,0.007250847258390092
1028,2016-12-01,-0.0550711968288371
1029,2016-12-02,0.017654935238720526
1030,2016-12-05,-0.022756987122615868
1031,2016-12-06,0.025253929665340902
1032,2016-12-07,0.012391669951025808
1033,2016-12-08,-0.006796504592696984
1034,2016-12-09,-0.024475587151577827
1035,2016-12-12,-0.017302578404282176
1036,2016-12-13,0.01603112241608562
1037,2016-12-14,-0.033638359148830066
1038,2016-12-15,-0.013245226750020489
1039,2016-12-16,0.025017762975287905
1040,2016-12-19,0.008417013110949334
1041,2016-12-20,0.008985939797714781
1042,2016-12-21,-0.004482876543559833
1043,2016-12-22,-0.018135212044212423
1044,2016-12-23,0.028352414590867347
1045,2016-12-26,0.008855212829732562
1046,2016-12-27,0.01375881617142749
1047,2016-12-28,0.024541108916117604
1048,2016-12-29,0.0
1049,2017-01-02,-0.013422958907081117
1050,2017-01-03,0.04033047082405394
1051,2017-01-04,0.01870299933507935
1052,2017-01-05,-0.012234408711703004
1053,2017-01-06,-0.0005863383683863965
1054,2017-01-09,0.0
1055,2017-01-10,0.018594492745038327
1056,2017-01-11,0.004595068131489022
1057,2017-01-12,0.026019510117595512
1058,2017-01-13,-0.001676502255665735
1059,2017-01-16,-0.006171071650394655
1060,2017-01-17,0.006171071650394655
1061,2017-01-18,-0.007297197895530072
1062,2017-01-19,0.005617992304223662
1063,2017-01-20,0.020516328721420063
1064,2017-01-23,0.01741077712807204
1065,2017-01-24,-0.02346628696170816
1066,2017-01-26,0.010436678089132734
1067,2017-01-27,0.0038179484610494363
1068,2017-01-30,-0.009846906158323954
1069,2017-01-31,0.016357997893742926
1070,2017-02-01,0.002700568676107018
1071,2017-02-02,0.0005391210699463578
1072,2017-02-03,0.008588351693555651
1073,2017-02-06,-0.002675891419444465
1074,2017-02-07,0.005344748158880641
1075,2017-02-08,0.004255325570138524
1076,2017-02-09,-0.0031897421199653664
1077,2017-02-10,0.001064289616160785
1078,2017-02-13,0.00530510542118412
1079,2017-02-14,-0.004773331915870038
1080,2017-02-15,0.03909802333219892
1081,2017-02-16,0.0010220236204387945
1082,2017-02-17,0.006110049402998641
1083,2017-02-20,-0.01020422093566209
1084,2017-02-21,0.025317807984289953
1085,2017-02-22,0.00149892604884716
1086,2017-02-23,-0.02630404496781802
1087,2017-02-24,-0.025436097517775647
1088,2017-03-01,0.004197277935340082
1089,2017-03-02,-0.02116475771610915
1090,2017-03-03,0.005333239307937276
1091,2017-03-06,-0.006403383843716082
1092,2017-03-07,-0.011305692731401251
1093,2017-03-08,-0.007608678217681852
1094,2017-03-09,-0.007117412823810287
1095,2017-03-10,0.026567025944214784
1096,2017-03-13,0.0117022076983484
1097,2017-03-14,-0.00583406602595371
1098,2017-03-15,0.025211524405205576
1099,2017-03-16,-0.05107498180363379
1100,2017-03-17,-0.006022520421351096
1101,2017-03-20,0.01092315642035313
1102,2017-03-21,-0.0021750415813719393
1103,2017-03-22,0.030557186892627097
1104,2017-03-23,-0.012752563219766255
1105,2017-03-24,0.0005345095021671575
1106,2017-03-27,-0.0016046540379459628
1107,2017-03-28,-0.0005354752470649871
1108,2017-03-29,
1109,2017-03-30,
1110,2017-03-31,-0.005170538923615187
1111,2017-04-03,0.008260242720367739
1112,2017-04-04,0.012263821959898724
1113,2017-04-05,-0.010722645223845362
1114,2017-04-06,-0.017085582587734294
1115,2017-04-07,0.01605830974374145
1116,2017-04-10,-0.0077379807166138015
1117,2017-04-11,-0.008842710875579751
1118,2017-04-12,-0.004188488018045167
1119,2017-04-13,-0.02928071917475128
1120,2017-04-17,0.05466410869507188
1121,2017-04-18,0.007643451224884856
1122,2017-04-19,-0.019995641851580537
1123,2017-04-20,-0.008320329027127649
1124,2017-04-24,-0.0068116585094104565
1125,2017-04-25,0.007333715425470011
1126,2017-04-26,-0.003660134805058224
1127,2017-04-27,-0.007360653438773568
1128,2017-04-28,0.0031611722014552868
1129,2017-05-02,0.02801007878014028
1130,2017-05-03,-0.002048080645458139
1131,2017-05-04,-0.010822110537652918
1132,2017-05-05,0.007742077380968659
1133,2017-05-08,-0.002574055409053422
1134,2017-05-09,0.004115232145106784
1135,2017-05-10,0.021833819861715842
1136,2017-05-11,0.005010030519537079
1137,2017-05-12,0.006475689042340083
1138,2017-05-15,0.011846141088881712
1139,2017-05-16,0.012676913436884707
1140,2017-05-17,-0.006806006019385968
1141,2017-05-18,-0.0881650355459449
1142,2017-05-19,0.020042865028237156
1143,2017-05-22,-0.03399158904124855
1144,2017-05-23,0.004312675147946532
1145,2017-05-24,0.011233014911059769
1146,2017-05-25,-0.014465722380604618
1147,2017-05-26,0.031343865660701464
1148,2017-05-29,0.0
1149,2017-05-30,-0.009458819368267868
1150,2017-05-31,-0.027839109729080658
1151,2017-06-01,0.006493583247979551
1152,2017-06-02,0.005915532014684199
1153,2017-06-05,0.0
1154,2017-06-06,-0.005376410944737842
1155,2017-06-07,0.011257208432991828
1156,2017-06-08,-0.009103141844725826
1157,2017-06-09,-0.0021540665882660015
1158,2017-06-12,-0.006489963463355064
1159,2017-06-13,0.006489963463355064
1160,2017-06-14,0.012322791883164985
1161,2017-06-15,0.0
1162,2017-06-16,0.007955438192979614
1163,2017-06-19,0.018320375828386748
1164,2017-06-20,-0.024148206892384394
1165,2017-06-21,0.014768200895350692
1166,2017-06-22,-0.0063025418708027026
1167,2017-06-23,-0.006342462954202155
1168,2017-06-26,0.02771408745400361
1169,2017-06-27,-0.007246356947789856
1170,2017-06-28,0.00879240212938548
1171,2017-06-29,0.005648333228684521
1172,2017-06-30,0.011201695255267374
1173,2017-07-03,0.005554217622361968
1174,2017-07-04,-0.0010076071127658182
1175,2017-07-05,-0.0010085729548849898
1176,2017-07-06,-0.016277063332140962
1177,2017-07-07,-0.009791420915918447
1178,2017-07-10,0.008251723369256059
1179,2017-07-11,0.011743918482324478
1180,2017-07-12,0.02208915113261911
1181,2017-07-13,0.01527509375058278
1182,2017-07-14,0.003904348351482234
1183,2017-07-17,0.006796093953629789
1184,2017-07-18,-0.004849670028811204
1185,2017-07-19,0.0024278234205521443
1186,2017-07-20,0.007729506708857858
1187,2017-07-21,0.0009619048360725024
1188,2017-07-24,0.009569499093074807
1189,2017-07-25,-0.007168489478612372
1190,2017-07-26,-0.00673732112317138
1191,2017-07-27,0.0004827420070934174
1192,2017-07-28,-0.0009656205482317937
1193,2017-07-31,-0.010196786329692564
1194,2017-08-01,0.01981219671995671
1195,2017-08-02,0.008575564702396399
1196,2017-08-03,0.003315181819125268
1197,2017-08-04,-0.00426444626983935
1198,2017-08-07,0.02067747591116964
1199,2017-08-08,-0.007938402650357723
1200,2017-08-09,-0.0028169032711136133
1201,2017-08-10,-0.008024588730124904
1202,2017-08-11,0.0
1203,2017-08-14,0.01645165151205097
1204,2017-08-15,0.013889065540621193
1205,2017-08-16,-0.008310297133627742
1206,2017-08-17,-0.007445357799473751
1207,2017-08-18,0.022171763250218746
1208,2017-08-21,0.0009132877555648733
1209,2017-08-22,0.028791867995413334
1210,2017-08-23,0.012778363185021124
1211,2017-08-24,-0.011448826066293716
1212,2017-08-25,-0.011133492869449313
1213,2017-08-28,0.00044772778898805043
1214,2017-08-29,0.00891275933614688
1215,2017-08-30,-0.008017859967584862
1216,2017-08-31,-0.010791471147526988
1217,2017-09-01,0.018365576967326547
1218,2017-09-04,0.000887222773372276
1219,2017-09-05,0.0022148846754519447
1220,2017-09-06,0.007054702979889971
1221,2017-09-07,0.0
1222,2017-09-08,0.007877546035072402
1223,2017-09-11,0.0013068178727575486
1224,2017-09-12,-0.0030520626057661815
1225,2017-09-13,0.0
1226,2017-09-14,0.020316280780473317
1227,2017-09-15,0.011063857539062028
1228,2017-09-18,0.006327884435050279
1229,2017-09-19,0.020396086423730253
1230,2017-09-20,0.021199366647434825
1231,2017-09-21,0.007635118311486888
1232,2017-09-22,0.0004002401494291874
1233,2017-09-25,-0.02717668774889459
1234,2017-09-26,-0.012412240446128653
1235,2017-09-27,-0.015523701713895832
1236,2017-09-28,-0.009345862418237427
1237,2017-09-29,0.02195111309087272
1238,2017-10-02,-0.0008354636902949686
1239,2017-10-03,0.02231493466793033
1240,2017-10-04,-0.009856301759778141
1241,2017-10-05,-0.01371307589096915
1242,2017-10-06,-0.006295928456814703
1243,2017-10-09,-0.006759637061066748
1244,2017-10-10,0.01389203566284758
1245,2017-10-11,0.005004222181912432
1246,2017-10-12,0.0
1247,2017-10-13,-0.011715656769899496
1248,2017-10-16,0.0033613477027047978
1249,2017-10-17,0.0041858997037715895
1250,2017-10-18,0.02475373813164028
1251,2017-10-19,-0.0036742232118851526
1252,2017-10-20,0.007740841260226894
1253,2017-10-23,-0.010608015045005192
1254,2017-10-24,0.004910034514784112
1255,2017-10-25,0.030153038170687374
1256,2017-10-26,-0.01155165228424515
1257,2017-10-27,0.005194856941207249
1258,2017-10-30,-0.03240457619504511
1259,2017-10-31,-0.016186325245820754
1260,,
