,Time,Returns_CCR03
0,2012-10-02,-0.015198773158429546
1,2012-10-03,0.002832117521217814
2,2012-10-04,0.008448374665551484
3,2012-10-05,0.022734552771136673
4,2012-10-08,-0.016026814001592893
5,2012-10-09,0.010529218915604766
6,2012-10-10,-0.007747631664032806
7,2012-10-11,-0.013986241974739855
8,2012-10-15,-0.0045172295898194825
9,2012-10-16,0.006768271557491712
10,2012-10-17,-0.005071861812139922
11,2012-10-18,0.014025474567635587
12,2012-10-19,-0.004466785513548288
13,2012-10-22,0.012235914276159665
14,2012-10-23,-0.01055858656049491
15,2012-10-24,0.002789457797883532
16,2012-10-25,0.007769128762611377
17,2012-10-26,-0.004432140219339242
18,2012-10-29,0.010494489839938392
19,2012-10-30,0.008207925472776267
20,2012-10-31,-0.02706594306118637
21,2012-11-01,0.0016782101840839836
22,2012-11-05,0.011670096648303208
23,2012-11-06,0.0
24,2012-11-07,0.01371763622879918
25,2012-11-08,0.0
26,2012-11-09,0.011917800864035044
27,2012-11-12,-0.011917800864035044
28,2012-11-13,0.008141157583699599
29,2012-11-14,0.005390848634876821
30,2012-11-16,0.005361996617319509
31,2012-11-19,0.011167305333890987
32,2012-11-21,0.0052742738299715874
33,2012-11-22,-0.0153727388696967
34,2012-11-23,0.006389851517575984
35,2012-11-26,-0.012820688429061367
36,2012-11-27,-0.02449102000829617
37,2012-11-28,0.02449102000829617
38,2012-11-29,-0.021190741894522525
39,2012-11-30,0.008203600833940783
40,2012-12-03,0.004889985028502686
41,2012-12-04,0.0010833153822185082
42,2012-12-05,-0.008700435997841982
43,2012-12-06,0.010323428012825708
44,2012-12-07,0.004315001301413268
45,2012-12-10,0.01336560928336894
46,2012-12-11,0.004239540001305109
47,2012-12-12,-0.016529301951210496
48,2012-12-13,-0.004310351501122689
49,2012-12-14,0.008066728335598405
50,2012-12-17,-0.0064482224085447015
51,2012-12-18,0.008053842191388494
52,2012-12-19,0.0026701750799444923
53,2012-12-20,0.010610231882462795
54,2012-12-21,-0.008479117653712454
55,2012-12-26,-0.0005323396169183425
56,2012-12-27,0.014799318731905764
57,2012-12-28,0.0202552757181782
58,2013-01-02,-0.020780072399065652
59,2013-01-03,0.0176903686023131
60,2013-01-04,0.01738290235294082
61,2013-01-07,-0.001014249605563844
62,2013-01-08,-0.0005073839235971711
63,2013-01-09,0.001521633529161015
64,2013-01-10,0.00202531714800136
65,2013-01-11,0.0005057395681569155
66,2013-01-14,0.003028725106044572
67,2013-01-15,0.0005039052764725938
68,2013-01-16,0.019456837286065287
69,2013-01-17,-0.0064435909082010134
70,2013-01-18,-0.005985104998754931
71,2013-01-21,0.005487666552721482
72,2013-01-22,0.0
73,2013-01-23,0.04427869979187893
74,2013-01-24,-0.03585655439300073
75,2013-01-28,-0.0004934616433711625
76,2013-01-29,0.011776387323825244
77,2013-01-30,0.0
78,2013-01-31,0.002436006136079527
79,2013-02-01,0.012092046349906127
80,2013-02-04,0.023754087136673263
81,2013-02-05,-0.014184588043598456
82,2013-02-06,0.032789868905938935
83,2013-02-07,-0.002306852180863128
84,2013-02-08,-0.013017338322871552
85,2013-02-13,0.0037365758684444472
86,2013-02-14,0.0
87,2013-02-15,-0.05215245119583756
88,2013-02-18,-0.010367952405542447
89,2013-02-19,0.002478365519416492
90,2013-02-20,0.007398257976495959
91,2013-02-21,-0.022361180158157357
92,2013-02-22,0.0
93,2013-02-25,0.0
94,2013-02-26,0.005012541823544048
95,2013-02-27,-0.001000500333583343
96,2013-02-28,-0.0065277660872080645
97,2013-03-01,0.004523807550942838
98,2013-03-04,-0.002008082953695478
99,2013-03-05,-0.006554094547921441
100,2013-03-06,-0.006597385172703696
101,2013-03-07,-0.006128671024875132
102,2013-03-08,0.010193717479602071
103,2013-03-11,0.0
104,2013-03-12,-0.0055936072619044985
105,2013-03-13,-0.0005101249661723095
106,2013-03-14,0.001019938869143644
107,2013-03-15,-0.01540867632124332
108,2013-03-18,-0.0005177841305896713
109,2013-03-19,0.014906521582689347
110,2013-03-20,0.0
111,2013-03-21,-0.007682444758136064
112,2013-03-22,-0.015022348935621377
113,2013-03-25,0.02779391396264863
114,2013-03-26,0.007081415351363862
115,2013-03-27,0.011027630826612622
116,2013-03-28,0.0
117,2013-04-01,0.014844508114894683
118,2013-04-02,-0.002951404011577452
119,2013-04-03,0.028649690912022407
120,2013-04-04,-0.01884564155431656
121,2013-04-05,-0.011282925680454081
122,2013-04-08,0.01808893169984005
123,2013-04-09,-0.015133264523493395
124,2013-04-10,0.005885303748309756
125,2013-04-11,-0.010322086969300148
126,2013-04-12,-0.022989467668582453
127,2013-04-15,-0.020429821887650856
128,2013-04-16,0.015869388575203036
129,2013-04-17,-0.00969647786853356
130,2013-04-18,0.0015373305221624278
131,2013-04-19,-0.0015373305221624278
132,2013-04-22,0.0035833158382838626
133,2013-04-23,0.026722033657045507
134,2013-04-24,-0.004487666469388252
135,2013-04-25,-0.011560771844959739
136,2013-04-26,
137,2013-04-29,
138,2013-04-30,0.01892150496020628
139,2013-05-02,0.0015186031771898811
140,2013-05-03,-0.00507100478155742
141,2013-05-06,0.006082177744076045
142,2013-05-07,0.03280612124352089
143,2013-05-08,-0.009828137836016548
144,2013-05-09,0.007380107297622285
145,2013-05-10,-0.0029455102297566427
146,2013-05-13,-0.010874995687087274
147,2013-05-14,0.0004967950412733124
148,2013-05-15,0.01821369616976254
149,2013-05-16,-0.01325823496470857
150,2013-05-17,0.011305060467969863
151,2013-05-20,-0.0029368107974532265
152,2013-05-21,0.0024480305383942635
153,2013-05-22,-0.013290916463101876
154,2013-05-23,-0.005964282242123531
155,2013-05-24,-0.015574241336208772
156,2013-05-27,0.002528395848306886
157,2013-05-28,-0.004555816766477427
158,2013-05-29,-0.008662372637251892
159,2013-05-31,0.0
160,2013-06-03,-0.002049232222007369
161,2013-06-04,0.015267421625736688
162,2013-06-05,-0.010152320958965788
163,2013-06-06,-0.02584123118388737
164,2013-06-07,-0.018494582636164658
165,2013-06-10,-0.009646377051805377
166,2013-06-11,-0.010828421700999957
167,2013-06-12,-0.015359654256410504
168,2013-06-13,0.009901070982711424
169,2013-06-14,-0.01990115431729489
170,2013-06-17,0.01880586395588013
171,2013-06-18,-0.00494370685535328
172,2013-06-19,-0.028485589793841637
173,2013-06-20,-0.011396077424280726
174,2013-06-21,-0.037365818022902175
175,2013-06-24,-0.033880979156376334
176,2013-06-25,0.030305349495328926
177,2013-06-26,0.021849170853733835
178,2013-06-27,0.03162085720679597
179,2013-06-28,0.0011312783691996842
180,2013-07-01,-0.019983593348408935
181,2013-07-02,-0.037607192049448734
182,2013-07-03,-0.006608675100594041
183,2013-07-04,0.0024081288701900405
184,2013-07-05,0.029039196052266014
185,2013-07-08,-0.01352575751173335
186,2013-07-10,-0.001777659727387082
187,2013-07-11,0.017637082174127627
188,2013-07-12,-0.033178398697318645
189,2013-07-15,0.011976131522904332
190,2013-07-16,0.003565185000286686
191,2013-07-17,0.011206133192808831
192,2013-07-18,0.014556298621765773
193,2013-07-19,-0.0005780861681659033
194,2013-07-22,0.0034641488607709547
195,2013-07-23,-0.0034641488607709547
196,2013-07-24,0.012072523397371082
197,2013-07-25,0.022040960694008405
198,2013-07-26,
199,2013-07-29,
200,2013-07-30,0.007248372765120248
201,2013-07-31,-0.005571045049455492
202,2013-08-01,0.002789457797883532
203,2013-08-02,-0.0061470434927293205
204,2013-08-05,-0.0050576112304385745
205,2013-08-06,-0.008486613877318305
206,2013-08-07,-0.021827461116532554
207,2013-08-08,-0.0011619989686333376
208,2013-08-09,0.026958844372664714
209,2013-08-12,-0.01885231497920925
210,2013-08-13,0.019983593348408935
211,2013-08-14,-0.017679502400960168
212,2013-08-15,-0.020930939154616635
213,2013-08-16,-0.004711374889444286
214,2013-08-19,0.0285151112761457
215,2013-08-20,-0.019114396023315106
216,2013-08-21,-0.011764841579586793
217,2013-08-22,0.008836523149470032
218,2013-08-23,0.008177732489615508
219,2013-08-26,0.0
220,2013-08-27,-0.011702941884272455
221,2013-08-28,0.012284506275099805
222,2013-08-29,0.013857033861341073
223,2013-08-30,-0.005173969427413105
224,2013-09-02,0.002877699827614766
225,2013-09-03,-0.006341848688385721
226,2013-09-04,0.005766913329779744
227,2013-09-05,0.012003631182229135
228,2013-09-06,0.014664729395286624
229,2013-09-09,0.018308416065897504
230,2013-09-10,-0.008280477438441736
231,2013-09-11,0.009928266880219638
232,2013-09-12,0.009830827667871578
233,2013-09-13,0.0
234,2013-09-16,-0.02197890671877545
235,2013-09-17,-0.0038964702791228767
236,2013-09-18,0.04204828971943364
237,2013-09-19,0.010109051238878841
238,2013-09-20,-0.02900305407477477
239,2013-09-23,-0.0016362152545950082
240,2013-09-24,0.006528913112397117
241,2013-09-25,-0.013100623330578376
242,2013-09-26,-0.004957321914370816
243,2013-09-27,-0.024030269903934975
244,2013-09-30,-0.01884155081662886
245,2013-10-01,0.03344040597914022
246,2013-10-02,0.0005572582725839048
247,2013-10-03,-0.019123191350562063
248,2013-10-04,0.014096652145362487
249,2013-10-07,-0.0005601232137446566
250,2013-10-08,0.0027972046210607004
251,2013-10-09,0.007236379831632611
252,2013-10-10,0.003322206728862298
253,2013-10-11,0.0022086702023562665
254,2013-10-14,-0.007751921647118465
255,2013-10-15,-0.013994071081008475
256,2013-10-16,-0.009629074682427241
257,2013-10-17,0.010192613722418642
258,2013-10-18,0.001688770407302087
259,2013-10-21,0.009515884315865808
260,2013-10-22,0.028016004258931027
261,2013-10-23,-0.003799190664674157
262,2013-10-24,0.008123629836291002
263,2013-10-25,0.008592963261334852
264,2013-10-28,0.0026701750799444923
265,2013-10-29,-0.006420621479789723
266,2013-10-30,0.0016090644825679234
267,2013-10-31,-0.0016090644825679234
268,2013-11-01,-0.026653741376432727
269,2013-11-04,0.014231275054742643
270,2013-11-05,-0.02197890671877545
271,2013-11-06,-0.02304119914669789
272,2013-11-07,0.006234137327490341
273,2013-11-08,-0.002828912697651287
274,2013-11-11,0.0011325029522994967
275,2013-11-12,0.003953690549828082
276,2013-11-13,0.008978735965275764
277,2013-11-14,-0.005602311728446274
278,2013-11-18,0.02715611595919576
279,2013-11-19,0.003275057423120842
280,2013-11-21,-0.005464494472078751
281,2013-11-22,0.012523986185037472
282,2013-11-25,0.009157079876286556
283,2013-11-26,0.003746271540816526
284,2013-11-27,-0.011821685546362204
285,2013-11-28,0.0026990030608078364
286,2013-11-29,-0.0026990030608078364
287,2013-12-02,-0.01910017137341935
288,2013-12-03,-0.033047029451498844
289,2013-12-04,-0.0057110381216749495
290,2013-12-05,0.00798640890642055
291,2013-12-06,-0.010854148264008767
292,2013-12-09,0.015389303429399703
293,2013-12-10,-0.010804768178986901
294,2013-12-11,-0.02313579190301107
295,2013-12-12,-0.005280153071283156
296,2013-12-13,-0.004716989878138733
297,2013-12-16,0.0011813940777063436
298,2013-12-17,0.011737106570790967
299,2013-12-18,-0.008201510770358578
300,2013-12-19,0.04542321383288073
301,2013-12-20,-0.017579187661707518
302,2013-12-23,0.0011435107020791868
303,2013-12-26,-0.008608374536600127
304,2013-12-27,0.013738052356598196
305,2013-12-30,0.01018108341709345
306,2014-01-02,-0.02046688838646249
307,2014-01-03,-0.005182850645808479
308,2014-01-06,-0.012783439625674742
309,2014-01-07,-0.01117330059812538
310,2014-01-08,-0.0065263360250868985
311,2014-01-09,-0.0363675229186704
312,2014-01-10,0.01043914850366523
313,2014-01-13,-0.016010193208269463
314,2014-01-14,-0.0006209872717102272
315,2014-01-15,0.001241527122802566
316,2014-01-16,0.019048132935957085
317,2014-01-17,0.004251448857357953
318,2014-01-20,0.006042314455962927
319,2014-01-21,-0.006042314455962927
320,2014-01-22,0.009650255832161836
321,2014-01-23,-0.020006729756322894
322,2014-01-24,-0.02041518474259263
323,2014-01-27,0.0012492194004321
324,2014-01-28,-0.006261761223976148
325,2014-01-29,-0.010735815144594874
326,2014-01-30,-0.017937700686667224
327,2014-01-31,0.004514680354526401
328,2014-02-03,-0.0333691411746182
329,2014-02-04,0.028207839394392753
330,2014-02-05,-0.02887339682328749
331,2014-02-06,0.021081149603121574
332,2014-02-07,0.0039037134804735807
333,2014-02-10,-0.02033523663982617
334,2014-02-11,0.01382055561863238
335,2014-02-12,0.006514681021193791
336,2014-02-13,-0.007168489478612816
337,2014-02-14,0.02007189431452039
338,2014-02-17,0.008298802814695083
339,2014-02-18,-0.038229469060883314
340,2014-02-19,0.020915795149972993
341,2014-02-20,0.009014871096215238
342,2014-02-21,-0.024003747348420923
343,2014-02-24,0.014341836436684297
344,2014-02-25,0.00645163528148851
345,2014-02-26,0.03351562512557704
346,2014-02-27,0.03182643161167764
347,2014-02-28,-0.03182643161167764
348,2014-03-05,0.009285117775679641
349,2014-03-06,0.04045224040252782
350,2014-03-07,-0.038605517809362944
351,2014-03-10,-0.026801230226743744
352,2014-03-11,0.02186903773742488
353,2014-03-12,0.001235392336385921
354,2014-03-13,-0.0061920319763144605
355,2014-03-14,-0.00186509224099618
356,2014-03-17,0.007439649706643348
357,2014-03-18,0.036984997429337696
358,2014-03-19,0.0
359,2014-03-20,-0.014992785485292703
360,2014-03-21,-0.0024197834680728114
361,2014-03-24,0.02038439886633414
362,2014-03-25,0.001778773127732336
363,2014-03-26,-0.004155541993980272
364,2014-03-27,0.017104575576491587
365,2014-03-28,0.01220584790942647
366,2014-03-31,0.006334660006316106
367,2014-04-01,-0.027351078600849288
368,2014-04-02,0.014641549135432808
369,2014-04-03,0.017291438970528095
370,2014-04-04,-0.03429571801897957
371,2014-04-07,-0.0065263360250868985
372,2014-04-08,0.01652936147502171
373,2014-04-09,0.017987082501453422
374,2014-04-10,-0.010985828902936756
375,2014-04-11,0.0314760739624842
376,2014-04-14,-0.01475622689091427
377,2014-04-15,-0.017301411462397276
378,2014-04-16,0.017873003361355444
379,2014-04-17,0.014184634991956102
380,2014-04-22,0.007297197895530072
381,2014-04-23,-0.008988825073430018
382,2014-04-24,0.005066152409812563
383,2014-04-25,-0.011861139109230923
384,2014-04-28,0.006794986699418359
385,2014-04-29,-0.01478139560583891
386,2014-04-30,-0.0005727871826608499
387,2014-05-02,0.027135581662016683
388,2014-05-05,0.005561805061299996
389,2014-05-06,-0.015088355114317498
390,2014-05-07,0.006174647567020131
391,2014-05-08,-0.0011198769053959445
392,2014-05-09,0.0027972046210607004
393,2014-05-12,0.011111225425071147
394,2014-05-13,-0.004429686091588447
395,2014-05-14,-0.002222223136717272
396,2014-05-15,0.004993075560662863
397,2014-05-16,0.008815484086434289
398,2014-05-19,-0.023870187572308854
399,2014-05-20,-0.008462617738957068
400,2014-05-21,0.015739504237735957
401,2014-05-22,0.008331067346988519
402,2014-05-23,-0.018420839042605497
403,2014-05-26,0.012874513122049791
404,2014-05-27,-0.021361126999368096
405,2014-05-28,0.001135775217614654
406,2014-05-29,0.004530018815235959
407,2014-05-30,-0.006802803819926151
408,2014-06-02,-0.0011383609976700626
409,2014-06-03,0.010761984662063906
410,2014-06-04,0.006737869209619607
411,2014-06-05,-0.010689327921546976
412,2014-06-06,0.020157512857351456
413,2014-06-09,0.019215414172000678
414,2014-06-10,0.01618169073316844
415,2014-06-11,-0.007518939826931081
416,2014-06-13,0.0032293892436223715
417,2014-06-16,0.008560726209708491
418,2014-06-17,0.007431032071948618
419,2014-06-18,-0.0117022076983484
420,2014-06-20,-0.006980001493275267
421,2014-06-23,-0.012469611627129229
422,2014-06-24,0.009772064733792885
423,2014-06-25,-0.014146046556905656
424,2014-06-26,0.0005477951383219271
425,2014-06-27,-0.011567245789596114
426,2014-06-30,-0.002773871481061896
427,2014-07-01,0.004434597067865642
428,2014-07-02,-0.004434597067865642
429,2014-07-03,0.005540180375615655
430,2014-07-04,0.008800936895042355
431,2014-07-07,0.0070941090720268996
432,2014-07-08,0.003799190664674157
433,2014-07-10,0.0010828913100144888
434,2014-07-11,0.006472514505617699
435,2014-07-14,0.018114559837085764
436,2014-07-15,-0.007951273911071421
437,2014-07-16,0.004778241106081271
438,2014-07-17,-0.01655573238663699
439,2014-07-18,0.02078406871964411
440,2014-07-21,0.012057918045822902
441,2014-07-22,0.010883703939200906
442,2014-07-23,-0.008281620831721792
443,2014-07-24,-0.031681689628185516
444,2014-07-25,0.005883996807044767
445,2014-07-28,-0.008032171697264001
446,2014-07-29,-0.01899650069065517
447,2014-07-30,-0.002743431000697516
448,2014-07-31,-0.019978521875939848
449,2014-08-01,-0.0011217051091998442
450,2014-08-04,0.009494625919778343
451,2014-08-05,-0.012867310398417597
452,2014-08-06,0.016196891813202274
453,2014-08-07,0.0027663088945537595
454,2014-08-08,-0.018400296105220093
455,2014-08-11,-0.011888110907199323
456,2014-08-12,0.032495858300836566
457,2014-08-13,-0.024554693483240353
458,2014-08-14,-0.0016964097453517901
459,2014-08-15,0.016835358815558088
460,2014-08-18,0.023647019467776698
461,2014-08-19,0.01830961219533611
462,2014-08-20,0.0031965398341364804
463,2014-08-21,0.0
464,2014-08-22,0.0
465,2014-08-25,0.015307821093243579
466,2014-08-26,0.01610842833162618
467,2014-08-27,0.024943976520076294
468,2014-08-28,-0.011122410188390663
469,2014-08-29,0.03594990314174584
470,2014-09-01,0.011701743067348058
471,2014-09-02,0.0225267618719589
472,2014-09-03,-0.02398196468648539
473,2014-09-04,-0.027560749678672725
474,2014-09-05,-0.010030224260135778
475,2014-09-08,-0.03696514193221745
476,2014-09-09,-0.011573037858912727
477,2014-09-10,0.0010576415581358134
478,2014-09-11,0.004219415542707772
479,2014-09-12,-0.03535451233812159
480,2014-09-15,0.018368965972377804
481,2014-09-16,0.012766130823036015
482,2014-09-17,0.0
483,2014-09-18,-0.05095953458025804
484,2014-09-19,0.02742903717006362
485,2014-09-22,-0.02576190702567338
486,2014-09-23,0.007192230372332631
487,2014-09-24,0.0060456904683032775
488,2014-09-25,-0.04196419909903204
489,2014-09-26,0.025389289715123997
490,2014-09-29,-0.08120412924448317
491,2014-09-30,0.013801719233704546
492,2014-10-01,-0.045725731629322475
493,2014-10-02,0.03914866775821135
494,2014-10-03,0.04744667346468656
495,2014-10-06,0.06371576070924068
496,2014-10-07,-0.0064620043512237935
497,2014-10-08,-0.019089753412258936
498,2014-10-09,-0.007739120992955595
499,2014-10-10,-0.042511360021604716
500,2014-10-13,0.02063104752969247
501,2014-10-14,-0.003978408428918723
502,2014-10-15,-0.02129565369124764
503,2014-10-16,-0.03492518220561536
504,2014-10-17,0.04245920777179135
505,2014-10-20,-0.0034702174790073315
506,2014-10-21,-0.04503130474874695
507,2014-10-22,0.007847852166008362
508,2014-10-23,-0.07359922972878863
509,2014-10-24,0.028710105882431503
510,2014-10-27,0.025459246094655885
511,2014-10-28,0.07042252560862661
512,2014-10-29,-0.01845496437335914
513,2014-10-30,0.04384425408848314
514,2014-10-31,0.02747425404248416
515,2014-11-03,-0.02914701714029233
516,2014-11-04,0.009441891860419549
517,2014-11-05,-0.03544680626951813
518,2014-11-06,-0.037938605205563025
519,2014-11-07,0.03449631828836042
520,2014-11-10,-0.02032006114198559
521,2014-11-11,-0.0029368010222814434
522,2014-11-12,0.005865119452398204
523,2014-11-13,-0.023669684205667174
524,2014-11-14,-0.03596852004081974
525,2014-11-17,-0.007476732416264564
526,2014-11-18,0.016129381929883557
527,2014-11-19,0.05681653318319402
528,2014-11-21,0.03877327185801427
529,2014-11-24,-0.019768957838747436
530,2014-11-25,-0.03660013404917972
531,2014-11-26,0.044554664402577604
532,2014-11-27,0.018503471564559337
533,2014-11-28,-0.02247285585205816
534,2014-12-01,-0.06818145158882372
535,2014-12-02,-0.009165966453976715
536,2014-12-03,-0.014842696730578808
537,2014-12-04,-0.004370846932598482
538,2014-12-05,0.004370846932598482
539,2014-12-08,-0.025237870284565034
540,2014-12-09,-0.02327189704519128
541,2014-12-10,0.010409983402783762
542,2014-12-11,-0.017630231376270622
543,2014-12-12,-0.02941388520629351
544,2014-12-15,0.003386389961518077
545,2014-12-16,-0.030898441551234335
546,2014-12-17,0.06545337449811806
547,2014-12-18,-0.019123563333603766
548,2014-12-19,0.03145737758921241
549,2014-12-22,0.0006449532632464283
550,2014-12-23,0.014084739881738972
551,2014-12-26,-0.0019090047159240342
552,2014-12-29,0.008877674032017335
553,2014-12-30,-0.02752173705425509
554,2015-01-02,-0.04580953603129423
555,2015-01-05,-0.02894757603486875
556,2015-01-06,0.014578529630234982
557,2015-01-07,0.0724328473593947
558,2015-01-08,0.011472401162237134
559,2015-01-09,-0.01468267679248525
560,2015-01-12,-0.009693129205659456
561,2015-01-13,0.022472855852058604
562,2015-01-14,0.019491280980470815
563,2015-01-15,0.00682602733690274
564,2015-01-16,0.032251105713931416
565,2015-01-19,-0.030397475336215507
566,2015-01-20,0.0012336830682522226
567,2015-01-21,0.02315770832751385
568,2015-01-22,-0.025626783732151992
569,2015-01-23,0.004316997145400681
570,2015-01-26,-0.028082968742825454
571,2015-01-27,0.028082968742825454
572,2015-01-28,0.02491772796295022
573,2015-01-29,-0.012685098737044154
574,2015-01-30,-0.07378075426327824
575,2015-02-02,0.023286951378791
576,2015-02-03,0.03702964640933448
577,2015-02-04,-0.004941331857834186
578,2015-02-05,0.008017372330788142
579,2015-02-06,-0.021733298077496688
580,2015-02-09,0.0
581,2015-02-10,-0.022216083479354776
582,2015-02-11,-0.005793386013825064
583,2015-02-12,0.009637080688388089
584,2015-02-13,0.044396162226097324
585,2015-02-18,0.013365934095209031
586,2015-02-19,-0.007268293436819118
587,2015-02-20,0.009077157360845245
588,2015-02-23,0.004807701568102729
589,2015-02-24,0.007168429954801603
590,2015-02-25,-0.008368190146705423
591,2015-02-26,-0.011470153265603855
592,2015-02-27,0.012070213289609999
593,2015-03-02,-0.037901909491975694
594,2015-03-03,-0.018233702840994237
595,2015-03-04,-0.036837767822051504
596,2015-03-05,0.018911551553899564
597,2015-03-06,-0.028170876966695957
598,2015-03-09,-0.06591266528429607
599,2015-03-10,0.03692512841104367
600,2015-03-11,0.005457039463057978
601,2015-03-12,0.002717392976499866
602,2015-03-13,-0.04794249098143544
603,2015-03-16,0.05402976037008589
604,2015-03-17,0.026615010757229385
605,2015-03-18,0.04744479531985091
606,2015-03-19,-0.029871938301720302
607,2015-03-20,0.045404963109783036
608,2015-03-23,0.02315770832751385
609,2015-03-24,0.0030075210639548544
610,2015-03-25,0.0
611,2015-03-26,-0.027398912459720925
612,2015-03-27,0.0
613,2015-03-30,0.021978784603906565
614,2015-03-31,-0.015825042107616927
615,2015-04-01,0.017635057739331828
616,2015-04-02,-0.01151876937220031
617,2015-04-06,0.0012187691941294432
618,2015-04-07,-0.014106274568217891
619,2015-04-08,0.006157654545241531
620,2015-04-09,0.018851211361191833
621,2015-04-10,0.009592399691439102
622,2015-04-13,-0.016847570572611215
623,2015-04-14,-0.0251933447319046
624,2015-04-15,0.025799956822086578
625,2015-04-16,0.015644121699567748
626,2015-04-17,-0.04580953603129423
627,2015-04-20,0.01180510721628325
628,2015-04-22,0.0012344446012035881
629,2015-04-23,0.020757767342841404
630,2015-04-24,-0.025705211259274385
631,2015-04-27,-0.01499084959221042
632,2015-04-28,0.035243153946955985
633,2015-04-29,-0.021492875233453113
634,2015-04-30,0.029962436100370304
635,2015-05-04,-0.016398788380123985
636,2015-05-05,0.010356473924161058
637,2015-05-06,-0.011582025585692879
638,2015-05-07,-0.008002443690496186
639,2015-05-08,-0.01306394940342459
640,2015-05-11,-0.03634445280733756
641,2015-05-12,-0.009132483563272675
642,2015-05-13,-0.003281919585109261
643,2015-05-14,0.03805683376171931
644,2015-05-15,-0.01852496284447369
645,2015-05-18,-0.005819609053264063
646,2015-05-19,0.00323729644979176
647,2015-05-20,-0.016949558313773316
648,2015-05-21,0.008510689667908355
649,2015-05-22,-0.001957586269517808
650,2015-05-25,-0.010505677714213846
651,2015-05-26,0.0019782400121055588
652,2015-05-27,0.014388737452099676
653,2015-05-28,0.028801990903705832
654,2015-05-29,-0.02620795572665946
655,2015-06-01,0.02620795572665946
656,2015-06-02,0.018750549345376122
657,2015-06-03,0.004941331857834186
658,2015-06-05,-0.042157862776253996
659,2015-06-08,0.007044537617683755
660,2015-06-09,-0.020632582334723537
661,2015-06-10,0.009724549891994894
662,2015-06-11,-0.006472514505617255
663,2015-06-12,
664,2015-06-15,
665,2015-06-16,-0.01993421490081726
666,2015-06-17,-0.027212563524884548
667,2015-06-18,0.01777216974579776
668,2015-06-19,0.009440393779086786
669,2015-06-22,
670,2015-06-23,
671,2015-06-24,0.006116227017435971
672,2015-06-25,0.006079046076381989
673,2015-06-26,0.036367644170875124
674,2015-06-29,-0.01702726141028066
675,2015-06-30,-0.015308119232655848
676,2015-07-01,0.014647399023617336
677,2015-07-02,0.009210591430276693
678,2015-07-03,0.0006546645078331359
679,2015-07-06,-0.00986525593810983
680,2015-07-07,0.003957788807416929
681,2015-07-08,0.0006581112445491755
682,2015-07-10,0.02147820930836497
683,2015-07-13,-0.014920808762205695
684,2015-07-14,0.017493157447517227
685,2015-07-15,0.0032061585656326663
686,2015-07-16,0.007653098577717454
687,2015-07-17,-0.015365219064056301
688,2015-07-20,-0.008422466374696569
689,2015-07-21,0.024422807721137918
690,2015-07-22,0.0
691,2015-07-23,-0.04546237407675724
692,2015-07-24,-0.03999177446426616
693,2015-07-27,0.006204776886882701
694,2015-07-28,-0.009668583606070591
695,2015-07-29,0.00484597694613953
696,2015-07-30,0.019829709585717836
697,2015-07-31,0.03001225589025136
698,2015-08-03,-0.020578223656892547
699,2015-08-04,0.0006704659989678063
700,2015-08-05,-0.023737974568501574
701,2015-08-06,-0.05429602804395417
702,2015-08-07,-0.010929070532190277
703,2015-08-10,0.04861572020911176
704,2015-08-11,0.02549225194460991
705,2015-08-12,-0.016461277054071743
706,2015-08-13,
707,2015-08-14,
708,2015-08-17,0.018362097827406387
709,2015-08-18,-0.018362097827406387
710,2015-08-19,0.009223194151203984
711,2015-08-20,0.031969366056058934
712,2015-08-21,-0.0006842285590247243
713,2015-08-24,-0.046943820430230154
714,2015-08-25,0.025497131933483796
715,2015-08-26,0.02826799734748464
716,2015-08-27,0.04258793941985983
717,2015-08-28,0.0006512536863199081
718,2015-08-31,-0.031748698314579826
719,2015-09-01,-0.05242579733985009
720,2015-09-02,0.007057192309998683
721,2015-09-03,0.020877585021555234
722,2015-09-04,-0.032904613616894896
723,2015-09-08,-0.07001016557264927
724,2015-09-09,-0.011516442061559218
725,2015-09-10,-0.006974069336073363
726,2015-09-11,-0.0007779074682443543
727,2015-09-14,0.008523879582900129
728,2015-09-15,0.01607382483106079
729,2015-09-16,0.004545462371674525
730,2015-09-17,-0.026035161175768096
731,2015-09-18,-0.030723172642840524
732,2015-09-21,-0.06443186015938895
733,2015-09-22,-0.012881242943281634
734,2015-09-23,-0.05052026840721435
735,2015-09-24,0.020693495951981333
736,2015-09-25,0.011509644542653241
737,2015-09-28,0.0017590154051796425
738,2015-09-29,0.03284651377229597
739,2015-09-30,0.03426996452895503
740,2015-10-01,-0.047968808887116854
741,2015-10-02,
742,2015-10-05,
743,2015-10-06,-0.012653057886383934
744,2015-10-07,0.025148014283228104
745,2015-10-08,
746,2015-10-09,
747,2015-10-13,0.0031446566794715025
748,2015-10-14,-0.027050177533026076
749,2015-10-15,0.033309978881532754
750,2015-10-16,0.01931307614360689
751,2015-10-19,0.006102230987642621
752,2015-10-20,-0.030890487019338497
753,2015-10-21,
754,2015-10-22,
755,2015-10-23,
756,2015-10-26,
757,2015-10-27,
758,2015-10-28,
759,2015-10-29,
760,2015-10-30,
761,2015-11-03,0.023645618575347527
762,2015-11-04,0.011218066361277312
763,2015-11-05,
764,2015-11-06,
765,2015-11-09,-0.00943403223335837
766,2015-11-10,0.01722830396017727
767,2015-11-11,0.028321831756023652
768,2015-11-12,-0.0037807228399060477
769,2015-11-13,-0.009897301956194315
770,2015-11-16,0.001529052285677679
771,2015-11-17,0.011393970587053825
772,2015-11-18,0.026827242233144144
773,2015-11-19,0.03255260303774854
774,2015-11-23,-0.01795380361659582
775,2015-11-24,0.01367419651423063
776,2015-11-25,-0.03491263670528255
777,2015-11-26,-0.01416348685986435
778,2015-11-27,-0.0113251493570532
779,2015-11-30,-0.027715399846546696
780,2015-12-01,0.028474413165718193
781,2015-12-02,0.003786449052503027
782,2015-12-03,0.029786267581576986
783,2015-12-04,-0.015527114164905598
784,2015-12-07,-0.002237971840454378
785,2015-12-08,-0.016566643947891535
786,2015-12-09,0.03799339643921451
787,2015-12-10,-0.0029282597790882825
788,2015-12-11,-0.022239611927838077
789,2015-12-14,0.01709443335929972
790,2015-12-15,-0.025374495719913348
791,2015-12-16,0.020202707317519497
792,2015-12-17,0.026317308317373556
793,2015-12-18,-0.0756631824205285
794,2015-12-21,0.0
795,2015-12-22,-0.009382398771913714
796,2015-12-23,0.020987944892221666
797,2015-12-28,-0.0007695267790284177
798,2015-12-29,-0.007728013731412187
799,2015-12-30,-0.026731151373303064
800,2016-01-04,-0.03239149579123568
801,2016-01-05,0.025194343572749744
802,2016-01-06,-0.013737589781363635
803,2016-01-07,-0.06210048661014067
804,2016-01-08,-0.004338401598598551
805,2016-01-11,-0.011368727606759776
806,2016-01-12,0.0286105340412659
807,2016-01-13,-0.003424660881364172
808,2016-01-14,-0.0008580009106364805
809,2016-01-15,-0.030503454293414833
810,2016-01-18,-0.017857617400006465
811,2016-01-19,0.03974032864951438
812,2016-01-20,-0.04335044087361384
813,2016-01-21,-0.007259560012804478
814,2016-01-22,0.014466798417753335
815,2016-01-26,-0.012646961700767179
816,2016-01-27,0.05138419934647853
817,2016-01-28,0.03562717764315115
818,2016-01-29,0.06297479916138826
819,2016-02-01,-0.010224233775859126
820,2016-02-02,-0.04776302387449016
821,2016-02-03,0.03583445300921628
822,2016-02-04,0.01587334915629013
823,2016-02-05,0.023347363996991
824,2016-02-10,-0.017067908512148122
825,2016-02-11,-0.0423555119586525
826,2016-02-12,-0.012320484388040676
827,2016-02-15,0.03651521297509763
828,2016-02-16,0.0007964954622594611
829,2016-02-17,-0.0023913921320755094
830,2016-02-18,-0.007208681596943656
831,2016-02-19,0.023044325258281706
832,2016-02-22,0.014040792289236048
833,2016-02-23,-0.02668918225639505
834,2016-02-24,-0.00238948739738154
835,2016-02-25,-0.0007977662967975085
836,2016-02-26,-0.016901810802603112
837,2016-02-29,0.02485097825702587
838,2016-03-01,0.024248352710354748
839,2016-03-02,0.007698267425752192
840,2016-03-03,0.09572838570712339
841,2016-03-04,-0.006993035490970634
842,2016-03-07,-0.0035149421074445186
843,2016-03-08,0.022285044789434938
844,2016-03-09,-0.020877585021555234
845,2016-03-10,0.039977756394974584
846,2016-03-11,-0.021858793812498778
847,2016-03-14,-0.0041522551007675546
848,2016-03-15,-0.0338537265244252
849,2016-03-16,-0.021755752917061777
850,2016-03-17,0.052136047675617636
851,2016-03-18,0.0020855064910212384
852,2016-03-21,0.01242251999855748
853,2016-03-22,-0.026408761973297334
854,2016-03-23,-0.014899175929825148
855,2016-03-24,-0.0007150518717256027
856,2016-03-28,0.012086887283582648
857,2016-03-29,0.0077437908969031355
858,2016-03-30,0.005594420185324189
859,2016-03-31,-0.021854941057104504
860,2016-04-01,0.021157347725710984
861,2016-04-04,-0.02258388149116497
862,2016-04-05,0.007820871716180289
863,2016-04-06,-0.07269254375039091
864,2016-04-07,0.0015220703090683685
865,2016-04-08,0.040974074210305744
866,2016-04-11,0.01161116092767811
867,2016-04-12,0.03265016777074248
868,2016-04-13,0.036342703716208735
869,2016-04-14,-0.002022245380767451
870,2016-04-15,0.0073949916831579365
871,2016-04-18,0.017922816301131572
872,2016-04-19,-0.013245226750020489
873,2016-04-20,0.009290046907092897
874,2016-04-22,-0.005962256814417977
875,2016-04-25,-0.010016778243471691
876,2016-04-26,0.04076830180365931
877,2016-04-27,0.005782219772267894
878,2016-04-28,0.010831580890387826
879,2016-04-29,0.02503259621261744
880,2016-05-02,-0.016828069280650393
881,2016-05-03,-0.0006287331235093063
882,2016-05-04,0.0056444176196768225
883,2016-05-05,0.004368119406250148
884,2016-05-06,-0.02139785925105242
885,2016-05-09,0.009496747537256933
886,2016-05-10,0.019963294917746843
887,2016-05-11,0.022596259114573858
888,2016-05-12,0.020323533358389323
889,2016-05-13,-0.017910926566529817
890,2016-05-16,-0.0030166539623883715
891,2016-05-17,-0.013382134417735614
892,2016-05-18,-0.021665966644245138
893,2016-05-19,-0.017677227983866395
894,2016-05-20,0.007614249985245625
895,2016-05-23,-0.026907452919924246
896,2016-05-24,0.010978476426323436
897,2016-05-25,-0.015534292962184448
898,2016-05-27,-0.0019588644853327786
899,2016-05-30,-0.0065574005461592755
900,2016-05-31,0.0032840752011900065
901,2016-06-01,0.019481135571822517
902,2016-06-02,-0.005804595465967122
903,2016-06-03,0.019219041270456927
904,2016-06-06,0.0063251317769688065
905,2016-06-07,-0.013968481089536411
906,2016-06-08,0.022131791728697614
907,2016-06-09,-0.0006255865077342548
908,2016-06-10,-0.018951925415866988
909,2016-06-13,-0.02584123118388737
910,2016-06-14,-0.0026212334798740855
911,2016-06-15,-0.0059230183031218075
912,2016-06-16,0.03883983331626384
913,2016-06-17,-0.009569451016151032
914,2016-06-20,0.04266650774396252
915,2016-06-21,0.0103881160021988
916,2016-06-22,-0.019024937117720242
917,2016-06-23,0.03410817841901492
918,2016-06-24,-0.020569387003653627
919,2016-06-27,-0.01664143129500184
920,2016-06-28,
921,2016-06-29,
922,2016-06-30,-0.005342844727673768
923,2016-07-01,0.005342844727673768
924,2016-07-04,-0.0005922416869728053
925,2016-07-05,-0.03496438346308173
926,2016-07-06,-0.022333373100952514
927,2016-07-07,0.01308837630659676
928,2016-07-08,0.027482645693832186
929,2016-07-11,0.0042080014002050525
930,2016-07-12,-0.01632936193254997
931,2016-07-13,-0.01784107556802539
932,2016-07-14,0.0024797904065381182
933,2016-07-15,0.04064860487613631
934,2016-07-18,-0.0017851238960928661
935,2016-07-19,0.02528791027886479
936,2016-07-20,0.029186679158542894
937,2016-07-21,0.01844137253173539
938,2016-07-22,-0.010016778800897352
939,2016-07-25,-0.001119082377561753
940,2016-07-26,-0.0033652303211302304
941,2016-07-27,0.0
942,2016-07-28,0.021123687631070087
943,2016-07-29,0.02980442770666425
944,2016-08-01,-0.003744321036799114
945,2016-08-02,-0.013488200174211595
946,2016-08-03,0.024149334982593196
947,2016-08-04,0.007395648938860688
948,2016-08-05,0.007863736460214543
949,2016-08-08,-0.04485541155520156
950,2016-08-09,-0.01818727502797879
951,2016-08-10,-0.02477598508689649
952,2016-08-11,0.025887713939586554
953,2016-08-12,-0.021337080634443506
954,2016-08-15,-0.005691591753475667
955,2016-08-16,0.006258854180034135
956,2016-08-17,0.009596461429983272
957,2016-08-18,0.011173356777901766
958,2016-08-19,-0.004454350349380132
959,2016-08-22,-0.02829843612242744
960,2016-08-23,0.006865072532221017
961,2016-08-24,0.014714357161684788
962,2016-08-25,-0.008462617738957068
963,2016-08-26,-0.007963637081545016
964,2016-08-29,0.002281746634055448
965,2016-08-30,-0.0028530120023475547
966,2016-08-31,-0.025464397482584555
967,2016-09-01,0.042461917671378746
968,2016-09-02,0.0385723309660162
969,2016-09-05,-0.0027063073972022345
970,2016-09-06,0.005405310458010071
971,2016-09-08,-0.01740114645451518
972,2016-09-09,-0.04487572915864213
973,2016-09-12,0.020443698357167417
974,2016-09-13,-0.053692546003408115
975,2016-09-14,-0.0017810036829741804
976,2016-09-15,0.0011876485956561211
977,2016-09-16,-0.005952398527295344
978,2016-09-19,0.0017895023627385598
979,2016-09-20,-0.012593929195342302
980,2016-09-21,-0.006053347965378819
981,2016-09-22,0.03167286058312335
982,2016-09-23,-0.005899722127188589
983,2016-09-26,-0.017910926566529817
984,2016-09-27,0.006006083940449436
985,2016-09-28,0.03124327123689108
986,2016-09-29,-0.02586851989112926
987,2016-09-30,0.008894217607074761
988,2016-10-03,0.01465012931232934
989,2016-10-04,0.005800479963984362
990,2016-10-05,0.004616280291438457
991,2016-10-06,-0.016836449463112135
992,2016-10-07,0.01510778299197213
993,2016-10-10,-0.008106529393455464
994,2016-10-11,0.0040614501996465435
995,2016-10-13,-0.023433936323888904
996,2016-10-14,-0.0011862990363273873
997,2016-10-17,0.03785022413109784
998,2016-10-18,0.022599831917240465
999,2016-10-19,-0.012366655637211732
1000,2016-10-20,-0.010233176280028733
1001,2016-10-21,0.007968112959832574
1002,2016-10-24,-0.010256500751615327
1003,2016-10-25,-0.0005727871826608499
1004,2016-10-26,-0.0005732301347434188
1005,2016-10-27,-0.009795583661694529
1006,2016-10-28,0.00807386162151058
1007,2016-10-31,-0.003452247387229157
1008,2016-11-01,-0.04178313109596177
1009,2016-11-03,-0.0292703222039572
1010,2016-11-04,0.029871163333503148
1011,2016-11-07,0.029587957185496006
1012,2016-11-08,0.0029112683469918466
1013,2016-11-09,-0.02890215919604433
1014,2016-11-10,-0.07839827941914157
1015,2016-11-11,-0.08577648223977308
1016,2016-11-14,0.02850384143071283
1017,2016-11-16,0.03964240943278963
1018,2016-11-17,-0.013262793878410672
1019,2016-11-18,-0.01208879731900403
1020,2016-11-21,0.013423020332140823
1021,2016-11-22,0.026317308317373556
1022,2016-11-23,-0.036367644170875124
1023,2016-11-24,0.010050335853501569
1024,2016-11-25,-0.0026702285558788397
1025,2016-11-28,0.0006682258852057643
1026,2016-11-29,-0.04299536326006281
1027,2016-11-30,0.025474699441871973
1028,2016-12-01,-0.08287926712921712
1029,2016-12-02,0.009555383251729221
1030,2016-12-05,0.01163649494080854
1031,2016-12-06,0.01720472544963103
1032,2016-12-07,0.05798725765034929
1033,2016-12-08,-0.02581665119445553
1034,2016-12-09,0.019762142285749462
1035,2016-12-12,-0.01427139410533318
1036,2016-12-13,0.021666385788491116
1037,2016-12-14,-0.014845076937752832
1038,2016-12-15,-0.0006800408286555815
1039,2016-12-16,-0.006141268022082702
1040,2016-12-19,-0.00962868511921533
1041,2016-12-20,0.0013812156891983562
1042,2016-12-21,0.04255961441879608
1043,2016-12-22,0.01379332213233564
1044,2016-12-23,-0.0026126729427518036
1045,2016-12-26,0.008466348194212436
1046,2016-12-27,-0.007812539736793411
1047,2016-12-28,0.008460837976679514
1048,2016-12-29,0.03377192564659337
1049,2017-01-02,-0.010708763754112116
1050,2017-01-03,0.03729450347537311
1051,2017-01-04,0.006689049163611127
1052,2017-01-05,-0.0018198974334420193
1053,2017-01-06,-0.014679101946593054
1054,2017-01-09,0.010419953303653084
1055,2017-01-10,0.0018275972190240353
1056,2017-01-11,-0.03593943172588743
1057,2017-01-12,0.019369552769660014
1058,2017-01-13,-0.0012384522090171934
1059,2017-01-16,-0.014981491657746204
1060,2017-01-17,-0.009478743954543845
1061,2017-01-18,-0.03554493741941167
1062,2017-01-19,0.01825344030935039
1063,2017-01-20,0.004511770463662135
1064,2017-01-23,0.024771034736825737
1065,2017-01-24,-0.03187012876543882
1066,2017-01-26,0.024313417742877874
1067,2017-01-27,-0.02043493841430699
1068,2017-01-30,-0.014295240186826597
1069,2017-01-31,0.014940193450073025
1070,2017-02-01,0.0
1071,2017-02-02,0.037334294801969925
1072,2017-02-03,0.0024813288935150446
1073,2017-02-06,-0.005591813613205154
1074,2017-02-07,0.010536199764256793
1075,2017-02-08,0.017721270897052666
1076,2017-02-09,0.006640591663735762
1077,2017-02-10,0.038942971650505864
1078,2017-02-13,0.038040349398314355
1079,2017-02-14,0.008321767627187615
1080,2017-02-15,0.01098906693078483
1081,2017-02-16,0.008163419484511714
1082,2017-02-17,0.005405310458010071
1083,2017-02-20,-0.0026990030608078364
1084,2017-02-21,0.0026990030608078364
1085,2017-02-22,0.0202782300761446
1086,2017-02-23,-0.05037620732506687
1087,2017-02-24,0.004987541511039417
1088,2017-03-01,0.029413831529426115
1089,2017-03-02,-0.02830880382319778
1090,2017-03-03,0.004957321914370816
1091,2017-03-06,-0.011049891131638567
1092,2017-03-07,-0.00948932602111574
1093,2017-03-08,-0.018681550945580216
1094,2017-03-09,-0.008032114093579512
1095,2017-03-10,0.04008433776824827
1096,2017-03-13,-0.004993075560662863
1097,2017-03-14,-0.02420613611165834
1098,2017-03-15,0.011331622989608547
1099,2017-03-16,0.011761491273340141
1100,2017-03-17,-0.011761491273340141
1101,2017-03-20,0.0
1102,2017-03-21,-0.019915309700941464
1103,2017-03-22,-0.004608303086194088
1104,2017-03-23,0.006904572685992427
1105,2017-03-24,0.021554946222381854
1106,2017-03-27,0.010050335853501124
1107,2017-03-28,-0.010050335853501124
1108,2017-03-29,
1109,2017-03-30,
1110,2017-03-31,-0.009922959313345192
1111,2017-04-03,0.0016607255868037463
1112,2017-04-04,-0.010005642117321134
1113,2017-04-05,-0.0027972046210607004
1114,2017-04-06,-0.014104606181541968
1115,2017-04-07,0.01354422510775688
1116,2017-04-10,0.0005603810737850878
1117,2017-04-11,-0.015241615968617506
1118,2017-04-12,0.005106394074574361
1119,2017-04-13,-0.02987011271965656
1120,2017-04-17,0.02020270731751994
1121,2017-04-18,-0.012651059683190358
1122,2017-04-19,-0.015748414838507863
1123,2017-04-20,0.006446022717038868
1124,2017-04-24,0.0069848361107376356
1125,2017-04-25,-0.005234091623598225
1126,2017-04-26,0.002329703956164497
1127,2017-04-27,0.0005815643908273493
1128,2017-04-28,0.028655254118016504
1129,2017-05-02,0.017917556103234755
1130,2017-05-03,-0.01735285685072485
1131,2017-05-04,-0.015362919509185335
1132,2017-05-05,-0.00459770898439249
1133,2017-05-08,0.008032114093579512
1134,2017-05-09,0.028170876966695957
1135,2017-05-10,0.011049891131638567
1136,2017-05-11,-0.002751088316943484
1137,2017-05-12,0.02126005336428083
1138,2017-05-15,0.024508365091299833
1139,2017-05-16,0.0015777546902242534
1140,2017-05-17,-0.02554699871157773
1141,2017-05-18,-0.15415062591890072
1142,2017-05-19,0.04308358613631169
1143,2017-05-22,-0.03931710334083505
1144,2017-05-23,0.022305757514298197
1145,2017-05-24,0.03551381337452808
1146,2017-05-25,-0.01850246754799123
1147,2017-05-26,0.02439871104527258
1148,2017-05-29,0.0
1149,2017-05-30,-0.006487784478742764
1150,2017-05-31,-0.019116472221878844
1151,2017-06-01,-0.017645665705842806
1152,2017-06-02,0.017042347437165706
1153,2017-06-05,-0.019500922662725184
1154,2017-06-06,0.008578422967177257
1155,2017-06-07,0.02172692652815167
1156,2017-06-08,-0.01807272026942286
1157,2017-06-09,0.01088269507089068
1158,2017-06-12,-0.023730898339011208
1159,2017-06-13,0.0110227692907503
1160,2017-06-14,0.019898154246793087
1161,2017-06-15,0.0
1162,2017-06-16,-0.012616508216039879
1163,2017-06-19,0.02389599820074828
1164,2017-06-20,-0.03974032625633006
1165,2017-06-21,0.019465273363044044
1166,2017-06-22,-0.0030166539623883715
1167,2017-06-23,-0.004238516918783741
1168,2017-06-26,0.0024242436115065047
1169,2017-06-27,-0.01034387074956955
1170,2017-06-28,0.009132483563272231
1171,2017-06-29,0.0
1172,2017-06-30,0.023953241022492744
1173,2017-07-03,-0.0011841920029245223
1174,2017-07-04,0.0011841920029245223
1175,2017-07-05,-0.002369610043338799
1176,2017-07-06,-0.010733614955088289
1177,2017-07-07,0.0017968858322956471
1178,2017-07-10,0.01130633916613144
1179,2017-07-11,0.005899722127188589
1180,2017-07-12,0.015178341599065615
1181,2017-07-13,0.03080671546298097
1182,2017-07-14,0.0011230209244006417
1183,2017-07-17,-0.000561380889326113
1184,2017-07-18,-0.0022483989867772003
1185,2017-07-19,-0.007342648277258945
1186,2017-07-20,-0.007968112959832574
1187,2017-07-21,0.008534902449837123
1188,2017-07-24,-0.002836881335199326
1189,2017-07-25,-0.020086758566737473
1190,2017-07-26,-0.01459879942115272
1191,2017-07-27,0.0029368010222814434
1192,2017-07-28,0.0005863383683863965
1193,2017-07-31,0.001171704913539795
1194,2017-08-01,0.016260578475465248
1195,2017-08-02,-0.006356623358520164
1196,2017-08-03,-0.010489606671019835
1197,2017-08-04,-0.004109192750132884
1198,2017-08-07,0.004694844304207635
1199,2017-08-08,-0.005872007477222496
1200,2017-08-09,-0.007092168997512527
1201,2017-08-10,-0.015541316523191018
1202,2017-08-11,-0.012121360532344916
1203,2017-08-14,0.027069321968217874
1204,2017-08-15,-0.0035671261496617035
1205,2017-08-16,0.020047723310201437
1206,2017-08-17,-0.0035087171525614025
1207,2017-08-18,0.008748904121224754
1208,2017-08-21,-0.0075779438000744825
1209,2017-08-22,0.004670177781884721
1210,2017-08-23,0.025303304384646452
1211,2017-08-24,0.007918536627394168
1212,2017-08-25,-0.0033859512206197984
1213,2017-08-28,0.006198836417457887
1214,2017-08-29,-0.005633705041305781
1215,2017-08-30,-0.02054872472456104
1216,2017-08-31,0.0068965217852898775
1217,2017-09-01,0.005141399794130308
1218,2017-09-04,-0.0028530120023475547
1219,2017-09-05,0.006833796332252451
1220,2017-09-06,0.000567262426558468
1221,2017-09-07,0.0
1222,2017-09-08,0.02961943348486784
1223,2017-09-11,0.02070924090199311
1224,2017-09-12,-0.004866189388063713
1225,2017-09-13,0.0027063073972022345
1226,2017-09-14,0.010217942887738918
1227,2017-09-15,0.027962676540990827
1228,2017-09-18,-0.01943843761898867
1229,2017-09-19,0.0
1230,2017-09-20,-0.013351333174864255
1231,2017-09-21,-0.011898518198580454
1232,2017-09-22,-0.01424670671810535
1233,2017-09-25,-0.010541068185428326
1234,2017-09-26,-0.018576385572935283
1235,2017-09-27,-0.016614590626065517
1236,2017-09-28,0.00576044236205675
1237,2017-09-29,0.017084641549369284
1238,2017-10-02,-0.010215639351259576
1239,2017-10-03,0.015284645140055453
1240,2017-10-04,0.01671353715351742
1241,2017-10-05,-0.011670096648303208
1242,2017-10-06,-0.02089875611523162
1243,2017-10-09,-0.0017137964777349524
1244,2017-10-10,0.013628831055606305
1245,2017-10-11,0.02120620702731557
1246,2017-10-12,0.0
1247,2017-10-13,0.01425462655018217
1248,2017-10-16,0.012442627055541333
1249,2017-10-17,0.0026845653706688566
1250,2017-10-18,0.015429994466416908
1251,2017-10-19,0.0005278437426410321
1252,2017-10-20,-0.029453319683942603
1253,2017-10-23,-0.026991448542319496
1254,2017-10-24,0.007786413304605944
1255,2017-10-25,0.031090696177386246
1256,2017-10-26,-0.021167736864041053
1257,2017-10-27,0.01740114645451518
1258,2017-10-30,-0.027324105767860374
1259,2017-10-31,0.008276019650576671
1260,,
