,Time,Returns_CSAN3
0,2012-10-02,0.0026925137606355065
1,2012-10-03,-0.002962443393569991
2,2012-10-04,-0.007848541095027084
3,2012-10-05,0.01750942960196733
4,2012-10-08,0.003996910932767328
5,2012-10-09,0.0007987724164095766
6,2012-10-10,0.0031823460210320675
7,2012-10-11,0.022265971721230127
8,2012-10-15,-0.04612510237017853
9,2012-10-16,0.0064901424047336675
10,2012-10-17,0.00992561703488315
11,2012-10-18,-0.0010696925172828387
12,2012-10-19,0.005859859979100435
13,2012-10-22,0.003978762997079777
14,2012-10-23,-0.017885104580017686
15,2012-10-24,-0.0075713033035240684
16,2012-10-25,0.0040619861904924726
17,2012-10-26,0.029821449345321493
18,2012-10-29,0.0020965468893319184
19,2012-10-30,0.017903622704428024
20,2012-10-31,0.001540885786854851
21,2012-11-01,0.022844542037927962
22,2012-11-05,-0.001257326588225638
23,2012-11-06,-0.013915248772446542
24,2012-11-07,-0.019291565370027186
25,2012-11-08,0.02234568466355613
26,2012-11-09,0.005065798785045317
27,2012-11-12,-0.01143641327143996
28,2012-11-13,0.008146668757243347
29,2012-11-14,-0.0035552398929485918
30,2012-11-16,-0.007408385238364179
31,2012-11-19,0.022558870019067978
32,2012-11-21,-0.00653844094643663
33,2012-11-22,-0.006832858212167281
34,2012-11-23,0.014371903832749222
35,2012-11-26,-0.009812382327806013
36,2012-11-27,0.0012651845168765163
37,2012-11-28,-0.0037946613997554834
38,2012-11-29,0.007323130864341998
39,2012-11-30,-0.011387206384299908
40,2012-12-03,-0.007410280484414056
41,2012-12-04,-0.007721426581388524
42,2012-12-05,0.0025814250127713656
43,2012-12-06,0.012805127328824994
44,2012-12-07,-0.0012749336714290571
45,2012-12-10,0.0038140520434870595
46,2012-12-11,0.005064773271861611
47,2012-12-12,0.005036423457097872
48,2012-12-13,-0.002513595584479056
49,2012-12-14,0.009275755906142269
50,2012-12-17,0.02732467193951127
51,2012-12-18,0.007740821223512384
52,2012-12-19,0.011022728571850937
53,2012-12-20,-0.0019083617715063284
54,2012-12-21,-0.0007149154039547412
55,2012-12-26,0.012347454761790999
56,2012-12-27,-0.00972417758632993
57,2012-12-28,-0.005016341978027139
58,2013-01-02,0.017803118572463195
59,2013-01-03,-0.006134473160733567
60,2013-01-04,-0.0018958303435754331
61,2013-01-07,0.0033145966921295233
62,2013-01-08,0.010581160685419366
63,2013-01-09,0.0021034511919930665
64,2013-01-10,-0.011504289521373945
65,2013-01-11,0.004241990449394439
66,2013-01-14,0.01563192764614385
67,2013-01-15,-0.010473079766157412
68,2013-01-16,0.0
69,2013-01-17,0.0018696667060749128
70,2013-01-18,0.00046751432942437887
71,2013-01-21,0.012753584298747178
72,2013-01-22,0.0
73,2013-01-23,0.0
74,2013-01-24,0.02480427762169768
75,2013-01-28,0.005603855224595389
76,2013-01-29,0.02123058972258285
77,2013-01-30,0.025706044944815876
78,2013-01-31,0.0023441120658529435
79,2013-02-01,0.0
80,2013-02-04,-0.010696008092593079
81,2013-02-05,0.012819585667551259
82,2013-02-06,-0.01540482717977909
83,2013-02-07,0.031203985375826804
84,2013-02-08,-0.023256499482186666
85,2013-02-13,-0.014001661298505663
86,2013-02-14,-0.002172233793411582
87,2013-02-15,0.010811650710504939
88,2013-02-18,0.0021488757965468785
89,2013-02-19,0.01067070987100438
90,2013-02-20,-0.020375920419829274
91,2013-02-21,-0.004341931562080958
92,2013-02-22,-0.004579778476339502
93,2013-02-25,0.001310274247728671
94,2013-02-26,-0.002186378375105935
95,2013-02-27,-0.00989483658611956
96,2013-02-28,0.030683970619747036
97,2013-03-01,-0.004081244251108007
98,2013-03-04,0.004936945381625701
99,2013-03-05,0.02724905952913037
100,2013-03-06,-0.0025024544485439115
101,2013-03-07,-0.02968355046221216
102,2013-03-08,-0.0012914693464005644
103,2013-03-11,0.00815412331784815
104,2013-03-12,0.004479613256701764
105,2013-03-13,0.0091059075107216
106,2013-03-14,-0.0025321334710333154
107,2013-03-15,-0.011693354218154983
108,2013-03-18,0.013382962675097865
109,2013-03-19,-0.02846564960935183
110,2013-03-20,-0.01730269558928521
111,2013-03-21,0.007483147303128934
112,2013-03-22,-0.025760987246365996
113,2013-03-25,0.0071733711765511465
114,2013-03-26,0.019465423872475185
115,2013-03-27,0.01154240359343861
116,2013-03-28,0.0
117,2013-04-01,-0.02166960011892094
118,2013-04-02,-0.01291848079230462
119,2013-04-03,0.0029089381807518855
120,2013-04-04,-0.0006716907324513244
121,2013-04-05,-0.006957527196879809
122,2013-04-08,0.0
123,2013-04-09,0.0076292179293311335
124,2013-04-10,0.01684581377085692
125,2013-04-11,-0.02560082709948741
126,2013-04-12,-0.017513548157230385
127,2013-04-15,-0.02981149738009803
128,2013-04-16,0.05137612509453682
129,2013-04-17,-0.023402008701899568
130,2013-04-18,0.04032404826462388
131,2013-04-19,-0.006868014836141523
132,2013-04-22,-0.004455120797309142
133,2013-04-23,0.028398483112137107
134,2013-04-24,0.009506620368640917
135,2013-04-25,-0.0019372139047160175
136,2013-04-26,
137,2013-04-29,
138,2013-04-30,0.025749416541325676
139,2013-05-02,-0.012684059287498606
140,2013-05-03,0.006785517679431141
141,2013-05-06,-0.006785517679431141
142,2013-05-07,0.0
143,2013-05-08,-0.01500518368760817
144,2013-05-09,0.008599861841084522
145,2013-05-10,0.0029952063040461496
146,2013-05-13,-0.00599701835255706
147,2013-05-14,0.004073370183853786
148,2013-05-15,0.005333763711180772
149,2013-05-16,-0.018252342844871094
150,2013-05-17,0.018888947117819743
151,2013-05-20,0.023743604723645895
152,2013-05-21,0.013201680535356086
153,2013-05-22,0.0036823466978810337
154,2013-05-23,0.0008151629336814459
155,2013-05-24,-0.01686781849445751
156,2013-05-27,-0.010008459087565758
157,2013-05-28,0.00564061610111688
158,2013-05-29,-0.005430785914501524
159,2013-05-31,-0.00905087105987823
160,2013-06-03,-0.015769214603261528
161,2013-06-04,0.0025752582233624643
162,2013-06-05,-0.014675783131425924
163,2013-06-06,-0.04672559768599216
164,2013-06-07,0.015369822473077832
165,2013-06-10,-0.02154019985467226
166,2013-06-11,-0.030249885033660107
167,2013-06-12,0.02726682969777139
168,2013-06-13,0.018449866949755478
169,2013-06-14,-0.010437700056275201
170,2013-06-17,-0.013544782977683578
171,2013-06-18,0.004380849757497529
172,2013-06-19,-0.017645012191576992
173,2013-06-20,-0.006815351327413399
174,2013-06-21,-0.002361986546941086
175,2013-06-24,-0.008071069782256579
176,2013-06-25,-0.014885635554232834
177,2013-06-26,0.009869293576205695
178,2013-06-27,0.04152184281818405
179,2013-06-28,-0.0050700337098650294
180,2013-07-01,0.002307528671630532
181,2013-07-02,-0.025435239467502146
182,2013-07-03,-0.003316425813428392
183,2013-07-04,-0.004037066924563071
184,2013-07-05,-0.0011929249090143479
185,2013-07-08,0.0011929249090143479
186,2013-07-10,-0.0028626253679351343
187,2013-07-11,0.04642243390591494
188,2013-07-12,-0.011691871186106262
189,2013-07-15,0.0009207948536200661
190,2013-07-16,-0.0025388293872929957
191,2013-07-17,0.014903926569829196
192,2013-07-18,-0.0029620561844039273
193,2013-07-19,-0.0025149356607720996
194,2013-07-22,0.006840907018425213
195,2013-07-23,-0.0022733892653308274
196,2013-07-24,-0.011686390626894472
197,2013-07-25,-0.014859997797806557
198,2013-07-26,
199,2013-07-29,
200,2013-07-30,-0.0034941744758927307
201,2013-07-31,-0.007967061742242265
202,2013-08-01,0.021871070087255085
203,2013-08-02,-0.0034579527178961733
204,2013-08-05,-0.012783236662615938
205,2013-08-06,-0.013186096586419005
206,2013-08-07,-0.01168246789708638
207,2013-08-08,0.002395853990471153
208,2013-08-09,0.009049253744183083
209,2013-08-12,-0.021566146478757542
210,2013-08-13,0.007481273785361786
211,2013-08-14,-0.020405386662210923
212,2013-08-15,-0.004918720814908184
213,2013-08-16,-0.0056879408352461525
214,2013-08-19,0.009379855965354178
215,2013-08-20,-0.011117113081014818
216,2013-08-21,-0.008734807974254633
217,2013-08-22,0.02914461228224985
218,2013-08-23,0.029029900684478527
219,2013-08-26,-0.017172053749389793
220,2013-08-27,-0.027312362700129267
221,2013-08-28,0.007879974611725071
222,2013-08-29,-0.011594863024131374
223,2013-08-30,0.03174965894519932
224,2013-09-02,0.009569608923277961
225,2013-09-03,-0.02361079698462598
226,2013-09-04,0.016440199372367736
227,2013-09-05,0.007170597612258245
228,2013-09-06,-0.01005117419499868
229,2013-09-09,0.03358049657763784
230,2013-09-10,0.003714084718259958
231,2013-09-11,-0.003714084718259958
232,2013-09-12,0.0
233,2013-09-13,0.0025559273976916153
234,2013-09-16,-0.0016274258669608521
235,2013-09-17,-0.002557369879475857
236,2013-09-18,0.010426689832772063
237,2013-09-19,-0.034711679335221124
238,2013-09-20,-0.006947081879637107
239,2013-09-23,0.010996522140496623
240,2013-09-24,0.031815784764507526
241,2013-09-25,0.008482476103860215
242,2013-09-26,-0.013792119023267713
243,2013-09-27,-0.007204174926704887
244,2013-09-30,-0.003969266143915018
245,2013-10-01,0.03269885027737329
246,2013-10-02,-0.007504682640532057
247,2013-10-03,-0.008711083646813833
248,2013-10-04,0.004593288357541692
249,2013-10-07,-0.0006887851877253048
250,2013-10-08,0.011630439688889105
251,2013-10-09,0.012615737169589636
252,2013-10-10,-0.025852639293865387
253,2013-10-11,-0.005988989081595619
254,2013-10-14,0.013770067328333635
255,2013-10-15,0.008624100199645213
256,2013-10-16,-0.0027143255399177946
257,2013-10-17,0.008798437313792817
258,2013-10-18,-0.012430734305579616
259,2013-10-21,0.0009080271729589029
260,2013-10-22,0.009949495760916083
261,2013-10-23,-0.010402152950821364
262,2013-10-24,-0.013503923983480437
263,2013-10-25,-0.0006924364878555522
264,2013-10-28,0.023922414277638637
265,2013-10-29,0.005164222654840955
266,2013-10-30,-0.011259630133532372
267,2013-10-31,0.017289375403577
268,2013-11-01,-0.006029745270044629
269,2013-11-04,-0.010128739143975274
270,2013-11-05,-0.01023225256611715
271,2013-11-06,0.0020527749173933074
272,2013-11-07,0.00591388938130244
273,2013-11-08,-0.015999873033227363
274,2013-11-11,0.005744163813183878
275,2013-11-12,0.005711459277270681
276,2013-11-13,0.008844353642370795
277,2013-11-14,0.008318454719003388
278,2013-11-18,-0.017162808361374182
279,2013-11-19,-0.016073308658543617
280,2013-11-21,-0.0163385336393973
281,2013-11-22,-0.007558002875611258
282,2013-11-25,0.01925481226024317
283,2013-11-26,-0.015939172512209332
284,2013-11-27,0.00518437590829679
285,2013-11-28,-0.00802521834202885
286,2013-11-29,0.018780014945941392
287,2013-12-02,-0.02472224729165351
288,2013-12-03,-0.02559114181910971
289,2013-12-04,0.002684893365719976
290,2013-12-05,-0.017220094506073202
291,2013-12-06,0.011349207204528255
292,2013-12-09,0.0017155414631697674
293,2013-12-10,0.0002452347997712323
294,2013-12-11,-0.01903320093029537
295,2013-12-12,0.0019945052049128442
296,2013-12-13,-0.010012687701958622
297,2013-12-16,-0.00479241511895534
298,2013-12-17,-0.0015171093396264546
299,2013-12-18,0.0012639386599899716
300,2013-12-19,0.017297756034362344
301,2013-12-20,-0.013008212832004151
302,2013-12-23,0.002766701262524318
303,2013-12-26,-0.013394951591925608
304,2013-12-27,-0.0005097555142574706
305,2013-12-30,0.007607754046976556
306,2014-01-02,-0.03942353901673146
307,2014-01-03,0.009678969979702856
308,2014-01-06,-0.023704976113670284
309,2014-01-07,-0.004809782732111856
310,2014-01-08,-0.011580799393574814
311,2014-01-09,0.010510515885492122
312,2014-01-10,0.023840204018206634
313,2014-01-13,-0.0176932716098106
314,2014-01-14,0.03173270615414703
315,2014-01-15,-0.012467823217149565
316,2014-01-16,-0.006029291562331451
317,2014-01-17,0.00445768023514459
318,2014-01-20,-0.007091467821420228
319,2014-01-21,-0.014073652886185783
320,2014-01-22,0.0034718490977954097
321,2014-01-23,-0.026734388892443395
322,2014-01-24,-0.00934622543221808
323,2014-01-27,0.011533174005202262
324,2014-01-28,0.004631958314122997
325,2014-01-29,-0.012030402161328002
326,2014-01-30,-0.030731353250434523
327,2014-01-31,0.019387546943251177
328,2014-02-03,-0.04002156344327368
329,2014-02-04,0.03191772341599952
330,2014-02-05,-0.0064721550259907445
331,2014-02-06,-0.014214600351984075
332,2014-02-07,0.016470719440063508
333,2014-02-10,-0.017331443717802042
334,2014-02-11,0.013663842031974571
335,2014-02-12,-0.0045338478426470985
336,2014-02-13,-0.013438091360014948
337,2014-02-14,0.048597446312901305
338,2014-02-17,-0.004948606706108638
339,2014-02-18,-0.041924038994816115
340,2014-02-19,-0.02325712349062936
341,2014-02-20,0.02037858505584378
342,2014-02-21,0.018842543041884596
343,2014-02-24,0.03446886320164744
344,2014-02-25,-0.015418927089617451
345,2014-02-26,-0.004173503411114332
346,2014-02-27,-0.002787852052858586
347,2014-02-28,-0.031216514596341227
348,2014-03-05,-0.024514314803487647
349,2014-03-06,0.027678244144672792
350,2014-03-07,-0.02915524008336856
351,2014-03-10,0.020497908345853855
352,2014-03-11,0.0034706317455781566
353,2014-03-12,-0.005501288162346185
354,2014-03-13,-0.014334555798240611
355,2014-03-14,-0.02808607152188758
356,2014-03-17,-0.006080847372529785
357,2014-03-18,0.006080847372529785
358,2014-03-19,0.004232603633131937
359,2014-03-20,-0.008788065035831849
360,2014-03-21,0.023168280855641044
361,2014-03-24,0.020898293608006213
362,2014-03-25,-0.02268368478676397
363,2014-03-26,0.009785567450202759
364,2014-03-27,0.02649561975002479
365,2014-03-28,0.007158697165264627
366,2014-03-31,0.005972421789525395
367,2014-04-01,-0.004548125830321936
368,2014-04-02,0.034719930114229136
369,2014-04-03,-0.0005513813235675791
370,2014-04-04,0.015300956039042024
371,2014-04-07,0.004329081267761659
372,2014-04-08,-0.0207304253774363
373,2014-04-09,-0.01053173147604669
374,2014-04-10,0.029370913585136105
375,2014-04-11,0.04055215217028163
376,2014-04-14,-0.011759041442556128
377,2014-04-15,-0.027983864590608754
378,2014-04-16,0.04569890112168595
379,2014-04-17,-0.007775451234210529
380,2014-04-22,-0.017324176705030503
381,2014-04-23,-0.013864852400134797
382,2014-04-24,0.009353323223731724
383,2014-04-25,-0.01338786980677309
384,2014-04-28,0.0045721962660767446
385,2014-04-29,0.020448575140721736
386,2014-04-30,0.0002632189845415134
387,2014-05-02,0.019520413155187377
388,2014-05-05,-0.0020639440767378225
389,2014-05-06,-0.001809226493203031
390,2014-05-07,0.0069598203911462875
391,2014-05-08,-0.01059086948376109
392,2014-05-09,-0.004682946021890899
393,2014-05-12,0.014761973021199193
394,2014-05-13,0.010736954177055669
395,2014-05-14,-0.007915019423347491
396,2014-05-15,-0.005396742090460815
397,2014-05-16,-0.018205415558867788
398,2014-05-19,-0.03200293517198327
399,2014-05-20,0.0027040729850549283
400,2014-05-21,-0.00460258867120622
401,2014-05-22,0.010533227225090425
402,2014-05-23,-0.0024213214408526085
403,2014-05-26,0.003493904247688917
404,2014-05-27,-0.012693978741213918
405,2014-05-28,0.006772754511723544
406,2014-05-29,0.013409522463262213
407,2014-05-30,0.00557734284899114
408,2014-06-02,0.003965331960495089
409,2014-06-03,0.006049921607433895
410,2014-06-04,0.006535606872312361
411,2014-06-05,0.013716733152925986
412,2014-06-06,0.014035962565834392
413,2014-06-09,0.02056560331707491
414,2014-06-10,0.004459502631439349
415,2014-06-11,0.0034536008995140755
416,2014-06-13,0.017093943432771486
417,2014-06-16,-0.01463325797269066
418,2014-06-17,0.007343381555606765
419,2014-06-18,-0.012023700642448176
420,2014-06-20,-0.012417395077167104
421,2014-06-23,0.01291167753060396
422,2014-06-24,0.0024650125189600303
423,2014-06-25,-0.01163504171353269
424,2014-06-26,-0.015811320195693757
425,2014-06-27,0.016060757464382736
426,2014-06-30,-0.0017466393444380834
427,2014-07-01,-0.011031881046630332
428,2014-07-02,-0.007592434880721033
429,2014-07-03,0.014626267449953545
430,2014-07-04,0.002751456183241796
431,2014-07-07,-0.018902545638090906
432,2014-07-08,0.0025391183720580024
433,2014-07-10,0.007587601144480427
434,2014-07-11,-0.004798460215908573
435,2014-07-14,0.0035364939092681347
436,2014-07-15,-0.005055522965733861
437,2014-07-16,-0.018419734197099302
438,2014-07-17,-0.000776048388661188
439,2014-07-18,0.022484550874315445
440,2014-07-21,0.0032781294123260807
441,2014-07-22,0.004021157356270955
442,2014-07-23,-0.006287671146408158
443,2014-07-24,-0.023754963795953987
444,2014-07-25,-0.01248397202429441
445,2014-07-28,-0.033531190674949585
446,2014-07-29,0.009428899482115671
447,2014-07-30,0.005346150161043006
448,2014-07-31,-0.008839443640519029
449,2014-08-01,-0.007559964187370927
450,2014-08-04,0.015333663336531522
451,2014-08-05,-0.0050861274207858465
452,2014-08-06,-0.00700145380739059
453,2014-08-07,-0.005961374038448319
454,2014-08-08,-0.0024497820503026624
455,2014-08-11,0.008411156088750982
456,2014-08-12,0.0016222245538712876
457,2014-08-13,-0.005954827402318674
458,2014-08-14,-0.009541561295605572
459,2014-08-15,0.005463008055301977
460,2014-08-18,0.024228283436837916
461,2014-08-19,0.024172321068469227
462,2014-08-20,0.02385857024427418
463,2014-08-21,-0.004318985758421601
464,2014-08-22,0.01566024029496127
465,2014-08-25,0.02524210321693765
466,2014-08-26,0.02890407536567219
467,2014-08-27,0.042530006157242894
468,2014-08-28,0.011313100373222973
469,2014-08-29,0.04916540748417253
470,2014-09-01,-0.032434697111120236
471,2014-09-02,-0.0002191118495082911
472,2014-09-03,0.00749385526210844
473,2014-09-04,-0.015046776359766145
474,2014-09-05,-0.02232194735155746
475,2014-09-08,-0.01747871371879217
476,2014-09-09,-0.009324130494103855
477,2014-09-10,-0.009411888815400449
478,2014-09-11,-0.0037897372014010777
479,2014-09-12,-0.027426242346830776
480,2014-09-15,0.002436817341721742
481,2014-09-16,0.016887612398895246
482,2014-09-17,0.02106888768196935
483,2014-09-18,-0.017248407656611064
484,2014-09-19,-0.019736715963302842
485,2014-09-22,-0.02685143555616154
486,2014-09-23,-0.008022208153177779
487,2014-09-24,-0.0025209533351810975
488,2014-09-25,-0.02426359808360745
489,2014-09-26,0.04202058478891457
490,2014-09-29,-0.02611637085503915
491,2014-09-30,0.0010158433824472013
492,2014-10-01,-0.04523750445102648
493,2014-10-02,-0.013924828161809621
494,2014-10-03,0.017905946599251266
495,2014-10-06,0.07408673922594744
496,2014-10-07,0.001935573618655706
497,2014-10-08,-0.016713564777826484
498,2014-10-09,-0.005351315554395608
499,2014-10-10,-0.010218681173884026
500,2014-10-13,0.05953320321089306
501,2014-10-14,0.008831798340757313
502,2014-10-15,-0.027828325913132446
503,2014-10-16,-0.03626614957530405
504,2014-10-17,0.006512807864238468
505,2014-10-20,-0.02139576696503953
506,2014-10-21,-0.0769956126679725
507,2014-10-22,-0.006248098954216186
508,2014-10-23,-0.03865675312371142
509,2014-10-24,0.024136327776510758
510,2014-10-27,-0.020235185050981652
511,2014-10-28,0.047522403760924536
512,2014-10-29,-0.02474672838009928
513,2014-10-30,0.03490541170538597
514,2014-10-31,0.057719705970896484
515,2014-11-03,-0.019559870987641226
516,2014-11-04,0.009681812746797913
517,2014-11-05,-0.017376375945574285
518,2014-11-06,-0.06125613430979371
519,2014-11-07,-0.003480497161365559
520,2014-11-10,-0.0047656643772930884
521,2014-11-11,-0.02908120930084168
522,2014-11-12,0.026530187509236303
523,2014-11-13,-0.03973169936777232
524,2014-11-14,-0.00532975936321467
525,2014-11-17,0.002668413813700532
526,2014-11-18,-0.0030025043407082563
527,2014-11-19,0.028977958286974026
528,2014-11-21,0.056472946871385155
529,2014-11-24,0.009160491538631188
530,2014-11-25,-0.016858759438492577
531,2014-11-26,0.04088390790880059
532,2014-11-27,-0.03073459704010384
533,2014-11-28,-0.027297011652212433
534,2014-12-01,-0.02871007443589013
535,2014-12-02,0.02871007443589013
536,2014-12-03,-0.006309137746723259
537,2014-12-04,-0.01916991610772012
538,2014-12-05,0.0032206147000422014
539,2014-12-08,-0.04437868719354965
540,2014-12-09,-0.028987536873252395
541,2014-12-10,-0.024519581713326133
542,2014-12-11,0.005657723519796765
543,2014-12-12,-0.03992621581560396
544,2014-12-15,-0.052356109095782255
545,2014-12-16,0.02821380377418281
546,2014-12-17,0.04735694999659801
547,2014-12-18,-0.010452393061147092
548,2014-12-19,0.009017193650188382
549,2014-12-22,-0.003597126180849397
550,2014-12-23,0.02103839407009067
551,2014-12-26,0.0003527959112270551
552,2014-12-29,0.012270127435018985
553,2014-12-30,0.005212835345328237
554,2015-01-02,-0.03707400822874085
555,2015-01-05,-0.061186794214435736
556,2015-01-06,-0.04018480910201738
557,2015-01-07,0.01462183697910957
558,2015-01-08,0.012088234779856766
559,2015-01-09,-0.03149862829968031
560,2015-01-12,-0.06443181749727334
561,2015-01-13,0.05639960547742762
562,2015-01-14,0.011227102916365084
563,2015-01-15,0.05053539361694215
564,2015-01-16,-0.01720550983108904
565,2015-01-19,-0.05265415661225603
566,2015-01-20,0.04374458787336222
567,2015-01-21,0.004270944174169955
568,2015-01-22,0.050983327704646086
569,2015-01-23,0.005141362870381361
570,2015-01-26,-0.00550961918093229
571,2015-01-27,-0.024232313387767768
572,2015-01-28,-0.02715787432420491
573,2015-01-29,0.009646997074853836
574,2015-01-30,-0.05973695670601975
575,2015-02-02,0.020178246358933727
576,2015-02-03,0.02212650477595801
577,2015-02-04,-0.006272070737669111
578,2015-02-05,0.03477939407418962
579,2015-02-06,-0.0418828177868491
580,2015-02-09,0.025416812984123016
581,2015-02-10,0.017225306281879682
582,2015-02-11,0.0064308903302903175
583,2015-02-12,0.050727523509658035
584,2015-02-13,-0.002512113289520723
585,2015-02-18,0.006089934637404593
586,2015-02-19,-0.014388737452099232
587,2015-02-20,0.007220212002263082
588,2015-02-23,-0.02365893834542332
589,2015-02-24,0.01280895829258144
590,2015-02-25,-0.005469475804535495
591,2015-02-26,0.02634105028961997
592,2015-02-27,0.007450841504044625
593,2015-03-02,-0.009946831389637811
594,2015-03-03,-0.010768266485185585
595,2015-03-04,-0.023367219160621566
596,2015-03-05,-0.004442769165453164
597,2015-03-06,-0.010069113413333941
598,2015-03-09,-0.01055021089515229
599,2015-03-10,-0.000757900770608444
600,2015-03-11,0.009056741151042935
601,2015-03-12,-0.009435812245629283
602,2015-03-13,-0.03002538811537825
603,2015-03-16,0.009334956936051686
604,2015-03-17,0.025230696176229195
605,2015-03-18,0.05543720689122544
606,2015-03-19,-0.02239172683791102
607,2015-03-20,0.019530494556879052
608,2015-03-23,-0.0007165890668519026
609,2015-03-24,0.005361907490760931
610,2015-03-25,0.03709319579190673
611,2015-03-26,-0.020476196563892213
612,2015-03-27,-0.04371892998521876
613,2015-03-30,0.014906657225954856
614,2015-03-31,0.006474842997420183
615,2015-04-01,0.038337771108284624
616,2015-04-02,0.0006898930939378545
617,2015-04-06,-0.007267690628107282
618,2015-04-07,0.017900581246385272
619,2015-04-08,0.008493341645749108
620,2015-04-09,-0.014310295800533002
621,2015-04-10,0.008882907894667724
622,2015-04-13,0.0067796869853786745
623,2015-04-14,-0.013605617809203885
624,2015-04-15,0.020339616433500574
625,2015-04-16,-0.01794525925051671
626,2015-04-17,-0.012721505585408188
627,2015-04-20,-0.0045084175549297
628,2015-04-22,0.03651659777210359
629,2015-04-23,0.006680084849321144
630,2015-04-24,-0.01949648309472929
631,2015-04-27,-0.016772599827361123
632,2015-04-28,0.01575378498259017
633,2015-04-29,-0.018172967126994788
634,2015-04-30,0.02054866822738788
635,2015-05-04,-0.016749665212461462
636,2015-05-05,-0.04080763176001989
637,2015-05-06,0.02131522934843133
638,2015-05-07,-0.03287184024319867
639,2015-05-08,0.007599059408159636
640,2015-05-11,-0.03522003728236012
641,2015-05-12,0.011878350281329997
642,2015-05-13,0.012832476499756496
643,2015-05-14,0.01122993125319205
644,2015-05-15,-0.0018028128517721953
645,2015-05-18,-0.002167594818487828
646,2015-05-19,-0.010909199100353373
647,2015-05-20,0.018116437505302674
648,2015-05-21,0.006799131456433738
649,2015-05-22,-0.006799131456433738
650,2015-05-25,-0.009017193650188382
651,2015-05-26,-0.030533915190843253
652,2015-05-27,0.0026114545712196957
653,2015-05-28,-0.03410709466468287
654,2015-05-29,-0.030530785606558197
655,2015-06-01,-0.001591050423325413
656,2015-06-02,0.02903303060455631
657,2015-06-03,0.010003930679598039
658,2015-06-05,-0.014266715583323819
659,2015-06-08,0.0027147583087514526
660,2015-06-09,0.016897483456153495
661,2015-06-10,0.01661673398473651
662,2015-06-11,0.0
663,2015-06-12,-0.011299592707116002
664,2015-06-15,-0.023377151484298864
665,2015-06-16,-0.025128962122223708
666,2015-06-17,
667,2015-06-18,
668,2015-06-19,-0.024135115136344698
669,2015-06-22,
670,2015-06-23,
671,2015-06-24,-0.00495518461885025
672,2015-06-25,-0.013464331123557827
673,2015-06-26,
674,2015-06-29,
675,2015-06-30,-0.003175866107218539
676,2015-07-01,-0.01280529702567268
677,2015-07-02,-0.029840759023465946
678,2015-07-03,-0.012946474147275566
679,2015-07-06,-0.03377115042018408
680,2015-07-07,-0.008295223473274937
681,2015-07-08,-0.005715513596323607
682,2015-07-10,0.0321068793100201
683,2015-07-13,0.006808536939653553
684,2015-07-14,0.01138532222512545
685,2015-07-15,-0.031086130277579116
686,2015-07-16,-0.016132941659811717
687,2015-07-17,-0.022223136784710107
688,2015-07-20,-0.020432084688766672
689,2015-07-21,-0.02508255100968082
690,2015-07-22,-0.002354651484783865
691,2015-07-23,-0.023856094307378672
692,2015-07-24,-0.002901307714597401
693,2015-07-27,0.01203383956372317
694,2015-07-28,-0.01203383956372317
695,2015-07-29,-0.00777835715623354
696,2015-07-30,0.0009756098334809948
697,2015-07-31,0.014040366546058891
698,2015-08-03,-0.01990840308763442
699,2015-08-04,-0.006889741990165454
700,2015-08-05,-0.011922644956906314
701,2015-08-06,0.021750782792922863
702,2015-08-07,-0.022250657834574028
703,2015-08-10,0.019312261988722934
704,2015-08-11,0.012670783864328072
705,2015-08-12,-0.007290433262679308
706,2015-08-13,-0.014742232232254349
707,2015-08-14,0.0
708,2015-08-17,-0.0352681883424073
709,2015-08-18,-0.02072613051711647
710,2015-08-19,-0.013706065904367293
711,2015-08-20,-0.046722240104742685
712,2015-08-21,0.012710809781158794
713,2015-08-24,-0.019967330598984923
714,2015-08-25,0.018318580523684513
715,2015-08-26,0.03193776184908481
716,2015-08-27,0.028363194055364804
717,2015-08-28,-0.010934709601198023
718,2015-08-31,-0.05101777434172483
719,2015-09-01,-0.027934777331553917
720,2015-09-02,0.002828912697651287
721,2015-09-03,0.0495968846421988
722,2015-09-04,0.038496712501083774
723,2015-09-08,0.023518516924804445
724,2015-09-09,-0.048663896251023964
725,2015-09-10,0.004235051327211359
726,2015-09-11,
727,2015-09-14,
728,2015-09-15,-0.02406059308515829
729,2015-09-16,0.03612710449827494
730,2015-09-17,0.0034921462278862947
731,2015-09-18,-0.027772498731664985
732,2015-09-21,
733,2015-09-22,
734,2015-09-23,-0.04037235039837839
735,2015-09-24,0.005868141672394689
736,2015-09-25,0.016354993936391615
737,2015-09-28,-0.009463845359572787
738,2015-09-29,0.0036910139452088764
739,2015-09-30,0.05777221080815975
740,2015-10-01,
741,2015-10-02,
742,2015-10-05,-0.005170446422776642
743,2015-10-06,0.04739792255176667
744,2015-10-07,0.04008464409254531
745,2015-10-08,
746,2015-10-09,
747,2015-10-13,-0.041445363631963605
748,2015-10-14,0.004444362871096175
749,2015-10-15,-0.01564268767951038
750,2015-10-16,0.016086048380338003
751,2015-10-19,0.010582109797129036
752,2015-10-20,
753,2015-10-21,
754,2015-10-22,
755,2015-10-23,
756,2015-10-26,
757,2015-10-27,
758,2015-10-28,
759,2015-10-29,
760,2015-10-30,
761,2015-11-03,0.02832828623023609
762,2015-11-04,-0.0067101100399393765
763,2015-11-05,0.02387125629210196
764,2015-11-06,
765,2015-11-09,
766,2015-11-10,0.015085598016936874
767,2015-11-11,0.014473204224607628
768,2015-11-12,0.028710105882431503
769,2015-11-13,-0.026770279824295695
770,2015-11-16,-0.00778210168236404
771,2015-11-17,0.0
772,2015-11-18,0.0007809840150767577
773,2015-11-19,0.014723202520888545
774,2015-11-23,0.0026886899239282336
775,2015-11-24,0.0049742209895788925
776,2015-11-25,-0.042891602797250794
777,2015-11-26,0.012274951194334083
778,2015-11-27,-0.009887365499832601
779,2015-11-30,-0.04304359133563063
780,2015-12-01,0.026613648518090116
781,2015-12-02,0.0016148973712453163
782,2015-12-03,0.025095879375363506
783,2015-12-04,-0.02066846229064634
784,2015-12-07,0.008000042667076546
785,2015-12-08,-0.02828471383858222
786,2015-12-09,0.049180369060045415
787,2015-12-10,-0.01177403734561766
788,2015-12-11,-0.013113639145383438
789,2015-12-14,-0.0016013214310768298
790,2015-12-15,-0.00040064115943660994
791,2015-12-16,0.0039999253330260665
792,2015-12-17,0.009535312612480418
793,2015-12-18,-0.03459721495354451
794,2015-12-21,-0.0012287529704928524
795,2015-12-22,0.008163310639160759
796,2015-12-23,0.007290473617803883
797,2015-12-28,0.021162618490835783
798,2015-12-29,0.004336730714351589
799,2015-12-30,-0.008692231561391761
800,2016-01-04,-0.04879020385197075
801,2016-01-05,0.0049875829704078
802,2016-01-06,-0.019255554768113026
803,2016-01-07,-0.011049836186584727
804,2016-01-08,0.0
805,2016-01-11,0.0017079850072714287
806,2016-01-12,-0.054802225361080925
807,2016-01-13,0.03585243391930337
808,2016-01-14,0.00520387112762144
809,2016-01-15,-0.01393759495602609
810,2016-01-18,-0.02576775289376254
811,2016-01-19,-0.005415130683275482
812,2016-01-20,0.02325690637293132
813,2016-01-21,-0.0008846086183980084
814,2016-01-22,0.03692063125797018
815,2016-01-26,0.002129883613902983
816,2016-01-27,0.021053409197832273
817,2016-01-28,0.023879273789943145
818,2016-01-29,0.02252705924696441
819,2016-02-01,-0.0011939503905895599
820,2016-02-02,-0.02051977005594674
821,2016-02-03,-0.025526293338948847
822,2016-02-04,0.003330519384403985
823,2016-02-05,-0.028669755711450584
824,2016-02-10,0.008517981836903221
825,2016-02-11,-0.02926198454903073
826,2016-02-12,0.027988867439386667
827,2016-02-15,0.031761969193115025
828,2016-02-16,0.008193450347325548
829,2016-02-17,-0.004498065240865046
830,2016-02-18,0.0
831,2016-02-19,-0.016529301951210496
832,2016-02-22,0.03480392219469186
833,2016-02-23,0.010806628866276924
834,2016-02-24,0.0317362181416585
835,2016-02-25,0.003849157873111242
836,2016-02-26,0.00038409831914121284
837,2016-02-29,0.026900617599189935
838,2016-03-01,0.024008540052009142
839,2016-03-02,0.00835908934875551
840,2016-03-03,0.018289913406859704
841,2016-03-04,0.0134135793964556
842,2016-03-07,-0.012348013657814239
843,2016-03-08,-0.0017764793839400994
844,2016-03-09,0.007793131758193184
845,2016-03-10,0.014015646388344738
846,2016-03-11,0.00034788659248041753
847,2016-03-14,0.002778744406951361
848,2016-03-15,-0.011161608725730243
849,2016-03-16,0.006990556377322044
850,2016-03-17,0.05390222021011981
851,2016-03-18,0.0036238221772508794
852,2016-03-21,0.007861160692947067
853,2016-03-22,0.025448336985400832
854,2016-03-23,0.0019065464639660412
855,2016-03-24,-0.016000341346440905
856,2016-03-28,0.019802658921732608
857,2016-03-29,0.00504732916802153
858,2016-03-30,-0.0012594774766374606
859,2016-03-31,-0.011088376101680897
860,2016-04-01,0.014548043021590296
861,2016-04-04,-0.08140414421191267
862,2016-04-05,0.003739525010530098
863,2016-04-06,-0.012978290309679341
864,2016-04-07,0.0173798888229042
865,2016-04-08,0.017083014375185
866,2016-04-11,-0.010349015750888313
867,2016-04-12,0.015318348405898519
868,2016-04-13,0.03347188127967282
869,2016-04-14,0.0003194759573426076
870,2016-04-15,0.015219126977675135
871,2016-04-18,-0.002520480145924431
872,2016-04-19,0.029528204549205128
873,2016-04-20,-0.009230957855075772
874,2016-04-22,-0.004337026826257251
875,2016-04-25,-0.03250006866721744
876,2016-04-26,-0.018123440741700136
877,2016-04-27,0.06265880413503622
878,2016-04-28,-0.015456259192294652
879,2016-04-29,-0.008132606854490021
880,2016-05-02,-0.012642361608560915
881,2016-05-03,-0.008624905588375587
882,2016-05-04,0.013067915048250445
883,2016-05-05,-0.009864837357746126
884,2016-05-06,0.011130691937129011
885,2016-05-09,-0.01722533790743208
886,2016-05-10,0.015642777070453473
887,2016-05-11,0.019759181036362428
888,2016-05-12,0.03898176201501169
889,2016-05-13,0.023322090265243123
890,2016-05-16,-0.003507691304566407
891,2016-05-17,0.03170288467632654
892,2016-05-18,-0.023827796580638605
893,2016-05-19,-0.026197202023540367
894,2016-05-20,0.00802024224907516
895,2016-05-23,0.0
896,2016-05-24,-0.0101101072309282
897,2016-05-25,0.003877737951955673
898,2016-05-27,-0.017720842157721073
899,2016-05-30,-0.0036429608648762546
900,2016-05-31,-0.0015218081682140117
901,2016-06-01,0.013914289192594076
902,2016-06-02,0.005691163995290349
903,2016-06-03,0.003875425868789417
904,2016-06-06,0.011536853126097757
905,2016-06-07,-0.004716989878138733
906,2016-06-08,0.015249591481640401
907,2016-06-09,-0.015840782749228843
908,2016-06-10,-0.03031896601891182
909,2016-06-13,0.00698560146759819
910,2016-06-14,-0.03511296912832185
911,2016-06-15,0.00842826929041074
912,2016-06-16,0.0009322045250530486
913,2016-06-17,0.016631149424079172
914,2016-06-20,0.018160244292306338
915,2016-06-21,0.008957928055582265
916,2016-06-22,-0.02834069689398344
917,2016-06-23,0.007312585907019553
918,2016-06-24,-0.03679496905256574
919,2016-06-27,0.02242389157371294
920,2016-06-28,0.026741095479202226
921,2016-06-29,-0.009036176351107095
922,2016-06-30,0.007836146186093629
923,2016-07-01,0.011343345509460256
924,2016-07-04,0.007098551060075842
925,2016-07-05,-0.0065050792149579095
926,2016-07-06,0.017059296056669115
927,2016-07-07,-0.002628122329524807
928,2016-07-08,0.00873365072898924
929,2016-07-11,0.00722024797348686
930,2016-07-12,-0.004036885470165341
931,2016-07-13,-0.006086064021749937
932,2016-07-14,0.014430263996084047
933,2016-07-15,-0.03143454304453552
934,2016-07-18,0.015258511998895052
935,2016-07-19,0.0046484685679848425
936,2016-07-20,0.004338459318653953
937,2016-07-21,-0.01219533081387425
938,2016-07-22,-0.0038051269036509794
939,2016-07-25,-0.016260492027011964
940,2016-07-26,0.019188839696894
941,2016-07-27,-0.005571133095456204
942,2016-07-28,0.0038151478622712176
943,2016-07-29,-0.0026396848481948787
944,2016-08-01,-0.009442354153386567
945,2016-08-02,-0.02188008760707838
946,2016-08-03,-0.010662644488299122
947,2016-08-04,-0.012326873736399513
948,2016-08-05,0.04782999866995885
949,2016-08-08,-0.009802603080719674
950,2016-08-09,0.012164517306526346
951,2016-08-10,0.007052688444403987
952,2016-08-11,-0.002932641355005927
953,2016-08-12,0.0002937013675494704
954,2016-08-15,0.006438359963555129
955,2016-08-16,0.020785996931363737
956,2016-08-17,0.03177551134796497
957,2016-08-18,0.0030399635250364376
958,2016-08-19,-0.011657139729849053
959,2016-08-22,-0.019166342331213393
960,2016-08-23,0.0028418035203139347
961,2016-08-24,0.01716165343595577
962,2016-08-25,0.007226351724903601
963,2016-08-26,0.002765433178343102
964,2016-08-29,0.010712889601641518
965,2016-08-30,0.05190788830649051
966,2016-08-31,-0.024420276777722627
967,2016-09-01,0.0002658338886090128
968,2016-09-02,0.010573664465250321
969,2016-09-05,0.0060296160930524145
970,2016-09-06,-0.009453746879362068
971,2016-09-08,-0.0039656891637944724
972,2016-09-09,-0.02684725003618782
973,2016-09-12,0.004615129804623308
974,2016-09-13,-0.02857329040219403
975,2016-09-14,-0.010365774428442887
976,2016-09-15,0.01564720428261568
977,2016-09-16,-0.020163159149953813
978,2016-09-19,0.009011607535778232
979,2016-09-20,0.037958381450270196
980,2016-09-21,0.017391796227621104
981,2016-09-22,-0.006920496079174221
982,2016-09-23,-0.005087680074420842
983,2016-09-26,-0.020887779619437996
984,2016-09-27,0.006012617102350237
985,2016-09-28,0.032174382550347325
986,2016-09-29,-0.011143707488606491
987,2016-09-30,0.0061178273818787154
988,2016-10-03,0.015785700063302155
989,2016-10-04,-0.005496755176186863
990,2016-10-05,0.04063305277745677
991,2016-10-06,0.01872480123600706
992,2016-10-07,-0.0007422491806257092
993,2016-10-10,-0.009700461590414378
994,2016-10-11,0.009947906208743085
995,2016-10-13,0.026134104270944203
996,2016-10-14,-0.0007234776545703703
997,2016-10-17,0.006013247078814565
998,2016-10-18,0.04867591646766556
999,2016-10-19,-0.03960445329526596
1000,2016-10-20,0.009460760975712912
1001,2016-10-21,0.019811904975530314
1002,2016-10-24,-0.01488060456403284
1003,2016-10-25,0.0070028996854554215
1004,2016-10-26,-0.04180143031182748
1005,2016-10-27,0.04040473551766066
1006,2016-10-28,-0.007247279029161113
1007,2016-10-31,0.007014267956865883
1008,2016-11-01,-0.028596986930386592
1009,2016-11-03,-0.02623414962179682
1010,2016-11-04,0.0007380735882098755
1011,2016-11-07,0.04520002507917775
1012,2016-11-08,0.016552400098510223
1013,2016-11-09,-0.024576988639240405
1014,2016-11-10,-0.036192127720074296
1015,2016-11-11,-0.09531020437434945
1016,2016-11-14,0.02666824708216131
1017,2016-11-16,-0.02666824708216131
1018,2016-11-17,-0.04138521616285429
1019,2016-11-18,0.0400329779764399
1020,2016-11-21,0.019298294153491824
1021,2016-11-22,0.010037089415183775
1022,2016-11-23,-0.014026933888461546
1023,2016-11-24,0.010604500506179448
1024,2016-11-25,0.01388009731525175
1025,2016-11-28,0.0012995193342835165
1026,2016-11-29,-0.00808456624117948
1027,2016-11-30,0.033220539512721636
1028,2016-12-01,-0.03479281446974003
1029,2016-12-02,0.0015722749570183936
1030,2016-12-05,-0.0316557624083349
1031,2016-12-06,0.05290005960543409
1032,2016-12-07,-0.002823670211377305
1033,2016-12-08,-0.015544431961341587
1034,2016-12-09,0.011938865346037275
1035,2016-12-12,-0.015076917125375289
1036,2016-12-13,-0.027347993298033835
1037,2016-12-14,-0.01874808317636889
1038,2016-12-15,0.02089914606142651
1039,2016-12-16,-0.0021510628850576197
1040,2016-12-19,-0.02728682106976077
1041,2016-12-20,0.005517145029087178
1042,2016-12-21,0.0046659067678738175
1043,2016-12-22,0.016295825251576357
1044,2016-12-23,-0.006215396477377677
1045,2016-12-26,-0.010628223912520607
1046,2016-12-27,-0.021881526985449984
1047,2016-12-28,0.05581955470820077
1048,2016-12-29,0.010275521843907232
1049,2017-01-02,-0.026561985155536316
1050,2017-01-03,0.045516180312835
1051,2017-01-04,0.0005142967258784381
1052,2017-01-05,-0.001801106788139606
1053,2017-01-06,-0.023450839549334024
1054,2017-01-09,0.015175540191445958
1055,2017-01-10,-0.02444584868713795
1056,2017-01-11,0.010060900193091804
1057,2017-01-12,0.01516374153508071
1058,2017-01-13,0.0020735621737606458
1059,2017-01-16,-0.006754975022989829
1060,2017-01-17,0.03534301136673701
1061,2017-01-18,-0.013171441185400479
1062,2017-01-19,0.009137144439594014
1063,2017-01-20,0.017282784158373588
1064,2017-01-23,0.0012408488997501799
1065,2017-01-24,0.012324533618585765
1066,2017-01-26,-0.0012256405505368662
1067,2017-01-27,-0.005410760930653069
1068,2017-01-30,-0.010910051187109193
1069,2017-01-31,0.003981070149963184
1070,2017-02-01,0.008653756670460755
1071,2017-02-02,0.015632927636183513
1072,2017-02-03,0.03313386166099752
1073,2017-02-06,-0.0011731145040378976
1074,2017-02-07,-0.009671003893018781
1075,2017-02-08,-0.01866080487647226
1076,2017-02-09,0.002652841300157416
1077,2017-02-10,0.010303217893484096
1078,2017-02-13,-0.007897659812539537
1079,2017-02-14,0.011941866585506222
1080,2017-02-15,0.010157167993536387
1081,2017-02-16,-0.003531422109898319
1082,2017-02-17,0.004705796919244776
1083,2017-02-20,0.009345909366595517
1084,2017-02-21,0.00948971361793971
1085,2017-02-22,-0.05128112166613885
1086,2017-02-23,-0.01293496969446517
1087,2017-02-24,-0.020097363929768353
1088,2017-03-01,-0.02281472789148342
1089,2017-03-02,0.00791731874294177
1090,2017-03-03,-0.023161122514774757
1091,2017-03-06,0.024432255232743394
1092,2017-03-07,-0.03096225101047123
1093,2017-03-08,-0.004201686853699815
1094,2017-03-09,0.01825346614914336
1095,2017-03-10,-0.016675737733222284
1096,2017-03-13,0.024397757987339563
1097,2017-03-14,-0.04135637873105846
1098,2017-03-15,0.02845297389515089
1099,2017-03-16,0.002853094882432128
1100,2017-03-17,-0.019880409132873034
1101,2017-03-20,0.002902020354909496
1102,2017-03-21,-0.04031720557500851
1103,2017-03-22,0.031054257247719264
1104,2017-03-23,-0.021500424513457794
1105,2017-03-24,0.02203205662242702
1106,2017-03-27,0.0050364320504243665
1107,2017-03-28,0.031236271964653728
1108,2017-03-29,
1109,2017-03-30,
1110,2017-03-31,0.014254484867293193
1111,2017-04-03,0.001028832355585596
1112,2017-04-04,-0.017635337061842726
1113,2017-04-05,-0.006035945131472431
1114,2017-04-06,-0.0005266192646735668
1115,2017-04-07,0.01904322529523661
1116,2017-04-10,0.0025805949805026707
1117,2017-04-11,-0.008021701598829534
1118,2017-04-12,0.010595782781078977
1119,2017-04-13,-0.018158760247741323
1120,2017-04-17,0.004179734293519033
1121,2017-04-18,-0.01735515510489538
1122,2017-04-19,-0.02688333867068282
1123,2017-04-20,-0.012889277401495036
1124,2017-04-24,0.009887474124129714
1125,2017-04-25,0.01114293361310903
1126,2017-04-26,-0.03213232550821754
1127,2017-04-27,-0.003634870339209506
1128,2017-04-28,0.03873578522262333
1129,2017-05-02,-0.009476258938899917
1130,2017-05-03,-0.02367289187598276
1131,2017-05-04,-0.03543956784856972
1132,2017-05-05,0.01745133689225664
1133,2017-05-08,0.028793128532554224
1134,2017-05-09,0.019105411132249284
1135,2017-05-10,0.017685347453722855
1136,2017-05-11,-0.015524990204110356
1137,2017-05-12,0.01233256933893756
1138,2017-05-15,0.012445573224807216
1139,2017-05-16,0.03032493689186877
1140,2017-05-17,-0.015695600942299937
1141,2017-05-18,-0.08748297769578839
1142,2017-05-19,0.012936034738533664
1143,2017-05-22,-0.027763822167975682
1144,2017-05-23,0.023283277133256508
1145,2017-05-24,0.008662845847280831
1146,2017-05-25,0.009966860191334082
1147,2017-05-26,0.007137060215650859
1148,2017-05-29,0.0
1149,2017-05-30,0.0010934118242640345
1150,2017-05-31,-0.015696288757157895
1151,2017-06-01,0.014329261830653639
1152,2017-06-02,-0.014884536715351615
1153,2017-06-05,-0.04196813967907831
1154,2017-06-06,-0.003771859922690357
1155,2017-06-07,0.00029059729050295857
1156,2017-06-08,-0.03369112977900324
1157,2017-06-09,-0.0298984742908619
1158,2017-06-12,-0.018440903310547707
1159,2017-06-13,-0.012698646831750704
1160,2017-06-14,0.012698646831750704
1161,2017-06-15,0.0
1162,2017-06-16,-0.019108893243787506
1163,2017-06-19,0.0057711284612307345
1164,2017-06-20,-0.01871626047997843
1165,2017-06-21,-0.014105564132813608
1166,2017-06-22,0.017032871380858516
1167,2017-06-23,0.032276263925103965
1168,2017-06-26,0.027908850144657382
1169,2017-06-27,0.01306413801168027
1170,2017-06-28,0.01942963528041064
1171,2017-06-29,0.017315179990263108
1172,2017-06-30,0.006091476325441825
1173,2017-07-03,-0.011049864783717833
1174,2017-07-04,0.006121546501063779
1175,2017-07-05,-0.014637263671841705
1176,2017-07-06,-0.006212089105641194
1177,2017-07-07,-0.014947960988981546
1178,2017-07-10,0.004507806348691634
1179,2017-07-11,0.004189234133814779
1180,2017-07-12,0.029712377511883492
1181,2017-07-13,0.02433901172817965
1182,2017-07-14,0.004234360715876129
1183,2017-07-17,-0.0014094152944892357
1184,2017-07-18,-0.0014114045499784567
1185,2017-07-19,0.022899603427420256
1186,2017-07-20,-0.011663614590629479
1187,2017-07-21,-0.008415168992323085
1188,2017-07-24,0.005618020315427241
1189,2017-07-25,0.007256464997945411
1190,2017-07-26,-0.0058569126547260986
1191,2017-07-27,0.007524070607793476
1192,2017-07-28,-0.0106057652035636
1193,2017-07-31,0.01282423539292532
1194,2017-08-01,-0.021277343045621233
1195,2017-08-02,0.010135249905246724
1196,2017-08-03,-0.016379976503686056
1197,2017-08-04,0.02613609569859543
1198,2017-08-07,0.031133045056323194
1199,2017-08-08,-0.017358722212023725
1200,2017-08-09,-0.009898348892297903
1201,2017-08-10,-0.0011058060139013115
1202,2017-08-11,-0.004158065473697015
1203,2017-08-14,0.02360804091524704
1204,2017-08-15,0.015879757294140706
1205,2017-08-16,-0.0037453226299657416
1206,2017-08-17,-0.009695739577721962
1207,2017-08-18,0.01876733290894128
1208,2017-08-21,-0.01229312631872137
1209,2017-08-22,0.008301051928335301
1210,2017-08-23,0.004788516731796921
1211,2017-08-24,0.012396360446941923
1212,2017-08-25,0.007832911804351195
1213,2017-08-28,0.006739216796983083
1214,2017-08-29,-0.0007752681713446563
1215,2017-08-30,-0.008568194923068262
1216,2017-08-31,0.0062386998875019195
1217,2017-09-01,0.009285622441170815
1218,2017-09-04,0.007417887674862733
1219,2017-09-05,-0.002296212143181542
1220,2017-09-06,-0.003838827392733002
1221,2017-09-07,0.0
1222,2017-09-08,-0.007980503263696814
1223,2017-09-11,0.004384326816746054
1224,2017-09-12,0.0002572494546542181
1225,2017-09-13,0.008964127128045618
1226,2017-09-14,-0.010766625409363684
1227,2017-09-15,0.014329876734525016
1228,2017-09-18,-0.018720895025750472
1229,2017-09-19,-0.0010360270152789397
1230,2017-09-20,0.010568470580119005
1231,2017-09-21,-0.0023103591331841145
1232,2017-09-22,-0.028942210825947168
1233,2017-09-25,0.0002645681803556954
1234,2017-09-26,-0.0018530514162971023
1235,2017-09-27,-0.032586779502143504
1236,2017-09-28,-0.014614874976320191
1237,2017-09-29,0.005540207999924274
1238,2017-10-02,0.014534713375541575
1239,2017-10-03,0.028450683991848358
1240,2017-10-04,0.018094081974081355
1241,2017-10-05,-0.007826807499903943
1242,2017-10-06,-0.008152602790024499
1243,2017-10-09,-0.011152478842079372
1244,2017-10-10,0.023747738996527712
1245,2017-10-11,-0.0026109153894804393
1246,2017-10-12,0.0
1247,2017-10-13,0.030129690716360624
1248,2017-10-16,-0.013278948950624425
1249,2017-10-17,-0.0165893903000911
1250,2017-10-18,0.004693646349333225
1251,2017-10-19,-0.007834984134443168
1252,2017-10-20,0.009394667340658636
1253,2017-10-23,-0.009656841198197874
1254,2017-10-24,0.0015722749570183936
1255,2017-10-25,-0.004987515326173586
1256,2017-10-26,-0.003690987532108281
1257,2017-10-27,0.006581568931323112
1258,2017-10-30,-0.03226513587857838
1259,2017-10-31,0.013459152649398565
1260,,
