,Time,Returns_CSNA3
0,2012-10-02,-0.021978906718775004
1,2012-10-03,-0.02065632492566083
2,2012-10-04,0.01798609636978199
3,2012-10-05,-0.015267472130788384
4,2012-10-08,0.031182927436687713
5,2012-10-09,-0.028471674081311793
6,2012-10-10,-0.01729674437426887
7,2012-10-11,0.029852963149681333
8,2012-10-15,0.024649135274653844
9,2012-10-16,0.00779562198245598
10,2012-10-17,0.012859157048290104
11,2012-10-18,0.005944815809320492
12,2012-10-19,-0.03445646633528643
13,2012-10-22,0.01651493423833461
14,2012-10-23,-0.01826932065322806
15,2012-10-24,-0.016821999158042278
16,2012-10-25,0.01242251999855748
17,2012-10-26,-0.02409755157906046
18,2012-10-29,0.0089928663605634
19,2012-10-30,0.02213459114675498
20,2012-10-31,-0.016777435477512093
21,2012-11-01,0.023758266618852275
22,2012-11-05,-0.008733679968754515
23,2012-11-06,0.03702532258984581
24,2012-11-07,-0.03702532258984581
25,2012-11-08,-0.025767751748911216
26,2012-11-09,-0.005415175687776497
27,2012-11-12,-0.014585491018892949
28,2012-11-13,-0.008298802814695083
29,2012-11-14,-0.0406291118887383
30,2012-11-16,-0.05347808808236065
31,2012-11-19,0.03988564580446008
32,2012-11-21,0.015519225147600846
33,2012-11-22,-0.014542185499774263
34,2012-11-23,0.043942121856498595
35,2012-11-26,-0.043942121856498595
36,2012-11-27,-0.00981362144832465
37,2012-11-28,-0.0049431637975194676
38,2012-11-29,0.09179016172867138
39,2012-11-30,-0.05291257368598323
40,2012-12-03,-0.005736153395524912
41,2012-12-04,-0.003842463901544857
42,2012-12-05,0.0181216213190174
43,2012-12-06,-0.0075901692666757725
44,2012-12-07,0.02073589847917834
45,2012-12-10,0.04914546706888823
46,2012-12-11,0.021090412657660096
47,2012-12-12,0.011240931161368817
48,2012-12-13,-0.014725255243979607
49,2012-12-14,0.013004084423206663
50,2012-12-17,0.0008609557139651614
51,2012-12-18,0.04952753669884791
52,2012-12-19,-0.005749502491260827
53,2012-12-20,-0.010766149539460201
54,2012-12-21,-0.02358997342650815
55,2012-12-26,0.004253515558056531
56,2012-12-27,-0.017123706078591372
57,2012-12-28,0.023891921424730178
58,2013-01-02,0.062111463543487844
59,2013-01-03,0.014162313812504213
60,2013-01-04,-0.038221212820197525
61,2013-01-07,-0.0048820275973087135
62,2013-01-08,-0.009012760721507806
63,2013-01-09,0.027599154350928856
64,2013-01-10,0.017460761063876618
65,2013-01-11,-0.007106228088295641
66,2013-01-14,0.006319136351478516
67,2013-01-15,-0.01827623377260057
68,2013-01-16,-0.0024086723809118027
69,2013-01-17,-0.037678494623730074
70,2013-01-18,0.0016680571006970624
71,2013-01-21,-0.021904835388049992
72,2013-01-22,0.0
73,2013-01-23,0.01940170516993156
74,2013-01-24,-0.050546090871697036
75,2013-01-28,-0.031238595432773852
76,2013-01-29,0.02241241280450179
77,2013-01-30,-0.04255961441879608
78,2013-01-31,-0.005565877077445158
79,2013-02-01,0.0365337433324564
80,2013-02-04,-0.029119436893228823
81,2013-02-05,0.004606180414897576
82,2013-02-06,0.009149194653587767
83,2013-02-07,-0.016529301951210496
84,2013-02-08,-0.02058070770002063
85,2013-02-13,0.002831526195738121
86,2013-02-14,0.0009420631879013541
87,2013-02-15,0.0009411765400639815
88,2013-02-18,-0.008502649240640814
89,2013-02-19,-0.01819102340183809
90,2013-02-20,-0.03941396854087653
91,2013-02-21,-0.009086382555957506
92,2013-02-22,-0.014300550142196222
93,2013-02-25,0.007175838070071272
94,2013-02-26,0.021223636451626948
95,2013-02-27,-0.0030045090202990288
96,2013-02-28,0.0030045090202990288
97,2013-03-01,-0.02839947452169822
98,2013-03-04,0.008196767204178723
99,2013-03-05,0.015190165493975005
100,2013-03-06,0.05380270599297621
101,2013-03-07,0.011363758650315248
102,2013-03-08,0.0018814680997056854
103,2013-03-11,-0.014198061505292792
104,2013-03-12,-0.0019083975257601082
105,2013-03-13,-0.03104031939464935
106,2013-03-14,-0.00493828164058252
107,2013-03-15,-0.03219593980048785
108,2013-03-18,0.015220994010355149
109,2013-03-19,-0.06769893125897175
110,2013-03-20,0.014973541790162415
111,2013-03-21,-0.03236528450203169
112,2013-03-22,0.01954459607297032
113,2013-03-25,-0.026145280104322488
114,2013-03-26,0.014246816312707633
115,2013-03-27,-0.010941028178208079
116,2013-03-28,0.004390786417489689
117,2013-04-01,0.051238528375324055
118,2013-04-02,-0.08238676396236322
119,2013-04-03,0.005633817718256218
120,2013-04-04,-0.03196619206249274
121,2013-04-05,-0.022288312661837395
122,2013-04-08,-0.011933315835012781
123,2013-04-09,0.01666705248521172
124,2013-04-10,-0.0035482000560973503
125,2013-04-11,-0.030068410742887686
126,2013-04-12,-0.0012217472503222027
127,2013-04-15,-0.04372964061194384
128,2013-04-16,-0.019342962843130973
129,2013-04-17,0.0026007817000572864
130,2013-04-18,0.015464225697581657
131,2013-04-19,0.0038289772370969644
132,2013-04-22,0.0012730746467983778
133,2013-04-23,0.013897886361008638
134,2013-04-24,0.01122906371641319
135,2013-04-25,-0.025126950077421828
136,2013-04-26,
137,2013-04-29,
138,2013-04-30,0.006341175338447247
139,2013-05-02,-0.016571443589262103
140,2013-05-03,-0.0025740039951731575
141,2013-05-06,-0.005167970158442614
142,2013-05-07,0.0
143,2013-05-08,-0.01566611674439944
144,2013-05-09,-0.010582109330536937
145,2013-05-10,-0.033809846416320344
146,2013-05-13,-0.019445057119223286
147,2013-05-14,-0.034240149400637465
148,2013-05-15,-0.02647213404197668
149,2013-05-16,-0.0014914245866699538
150,2013-05-17,0.0029806281381377087
151,2013-05-20,0.019160497739075577
152,2013-05-21,0.021661496781179457
153,2013-05-22,0.0
154,2013-05-23,-0.004294924282880697
155,2013-05-24,0.011412392051744824
156,2013-05-27,0.0014174346809732175
157,2013-05-28,-0.015703391928449717
158,2013-05-29,-0.029199154692262308
159,2013-05-31,-0.020958851020843605
160,2013-06-03,0.022439236191277745
161,2013-06-04,-0.0059347355198144935
162,2013-06-05,-0.042559614418795855
163,2013-06-06,-0.017228303960177493
164,2013-06-07,-0.0370114649768194
165,2013-06-10,-0.009884759232541951
166,2013-06-11,-0.037103750203377084
167,2013-06-12,0.008554372096658769
168,2013-06-13,0.07860017906459493
169,2013-06-14,0.02795213038373956
170,2013-06-17,-0.018547672355760936
171,2013-06-18,0.027694077581837062
172,2013-06-19,-0.01683283815023251
173,2013-06-20,0.024391453124159135
174,2013-06-21,-0.039943866131644024
175,2013-06-24,-0.03023301066019357
176,2013-06-25,0.01920058985661699
177,2013-06-26,-0.024058899007693313
178,2013-06-27,0.003241493924170946
179,2013-06-28,-0.03624779039234105
180,2013-07-01,0.018288123994148586
181,2013-07-02,-0.06289243023090241
182,2013-07-03,-0.026668247082161534
183,2013-07-04,0.021391189981317726
184,2013-07-05,-0.03957350906450796
185,2013-07-08,0.0018331810816607508
186,2013-07-10,0.005479465764625768
187,2013-07-11,0.07709595748819464
188,2013-07-12,-0.055473493475028945
189,2013-07-15,0.08045397644347063
190,2013-07-16,-0.03344793406754021
191,2013-07-17,0.02186798663658074
192,2013-07-18,-0.0033333364197580817
193,2013-07-19,0.0016680571006968403
194,2013-07-22,0.04879016416943194
195,2013-07-23,0.029712897318511677
196,2013-07-24,-0.028126854162876747
197,2013-07-25,0.014162313812504435
198,2013-07-26,
199,2013-07-29,
200,2013-07-30,-0.06106548061650385
201,2013-07-31,-0.01510602743101308
202,2013-08-01,0.0075815374523977574
203,2013-08-02,-0.026015239141235824
204,2013-08-05,0.016910472148316424
205,2013-08-06,-0.012270092591814219
206,2013-08-07,0.0015420203518152764
207,2013-08-08,0.03927997416843998
208,2013-08-09,0.044902546620712025
209,2013-08-12,0.02793477733155414
210,2013-08-13,0.031188968692423602
211,2013-08-14,0.021136850309316113
212,2013-08-15,0.019418085857101808
213,2013-08-16,0.0681378051672179
214,2013-08-19,0.0615400181413146
215,2013-08-20,-0.03553382439439012
216,2013-08-21,0.00813485020627569
217,2013-08-22,0.0452565915881209
218,2013-08-23,-0.02577173445599712
219,2013-08-26,-0.0068337395785649235
220,2013-08-27,-0.020785967759834545
221,2013-08-28,0.0034944706497732625
222,2013-08-29,-0.010520260674179216
223,2013-08-30,-0.0011757790890118969
224,2013-09-02,0.03922071315328113
225,2013-09-03,0.0011305823702860707
226,2013-09-04,0.025656733593363956
227,2013-09-05,0.008771986072837024
228,2013-09-06,0.003269757681556573
229,2013-09-09,0.01939715988273516
230,2013-09-10,0.0085016452553206
231,2013-09-11,-0.0085016452553206
232,2013-09-12,-0.0010678057608299873
233,2013-09-13,0.007450806155865575
234,2013-09-16,-0.014957543819619001
235,2013-09-17,0.0042964620335053105
236,2013-09-18,0.012779726646398704
237,2013-09-19,-0.001058761348242232
238,2013-09-20,-0.02033242863307505
239,2013-09-23,0.00968270071641708
240,2013-09-24,0.002139038248749614
241,2013-09-25,0.009569451016150587
242,2013-09-26,0.030226376148792422
243,2013-09-27,-0.00721280818924086
244,2013-09-30,-0.02195592640141575
245,2013-10-01,-0.0063626937878287215
246,2013-10-02,-0.001064396055786787
247,2013-10-03,0.008483613977815274
248,2013-10-04,0.03221057684873907
249,2013-10-07,0.008146684567817974
250,2013-10-08,0.009086382555957506
251,2013-10-09,-0.0030196298737199534
252,2013-10-10,0.04629088381435453
253,2013-10-11,0.02095314751475552
254,2013-10-14,0.04424684873638407
255,2013-10-15,0.031072184589376217
256,2013-10-16,0.025885828448298565
257,2013-10-17,-0.01458627319436534
258,2013-10-18,0.016288401264895835
259,2013-10-21,0.01267444089672809
260,2013-10-22,0.04031808924378222
261,2013-10-23,-0.015441184488377946
262,2013-10-24,-0.027398974188114433
263,2013-10-25,-0.015267472130788384
264,2013-10-28,0.02030526616074546
265,2013-10-29,-0.010101095986503772
266,2013-10-30,0.010938266399567631
267,2013-10-31,0.02479465861321639
268,2013-11-01,0.04781787435049267
269,2013-11-04,-0.010954726139865922
270,2013-11-05,0.0007864727106130509
271,2013-11-06,-0.0015735644474301758
272,2013-11-07,-0.01587334915629013
273,2013-11-08,0.0244974716003874
274,2013-11-11,0.0038956029008301307
275,2013-11-12,-0.036425246198481975
276,2013-11-13,-0.018722565611555275
277,2013-11-14,0.03630895011363133
278,2013-11-18,0.016503321514477864
279,2013-11-19,-0.020473156025389017
280,2013-11-21,0.0023837913552759993
281,2013-11-22,-0.00796816964917646
282,2013-11-25,-0.02101936722407549
283,2013-11-26,-0.03491626510622803
284,2013-11-27,0.01177473654453376
285,2013-11-28,-0.016863806052004993
286,2013-11-29,0.01267444089672809
287,2013-12-02,0.004189365155276903
288,2013-12-03,-0.016013827250300317
289,2013-12-04,0.024340270026853794
290,2013-12-05,0.03583445300921628
291,2013-12-06,0.0007996801705640877
292,2013-12-09,0.018218325665197543
293,2013-12-10,0.008597161197211545
294,2013-12-11,-0.017268874978829007
295,2013-12-12,-0.003966685090105226
296,2013-12-13,0.0047581374464167325
297,2013-12-16,0.035745841488394436
298,2013-12-17,-0.007662872745568983
299,2013-12-18,0.048057294953779195
300,2013-12-19,0.03103821871098189
301,2013-12-20,-0.015759638492950145
302,2013-12-23,0.03337192889915208
303,2013-12-26,0.006958970324303149
304,2013-12-27,-0.004866189651172803
305,2013-12-30,0.0020884100872704536
306,2014-01-02,-0.023927953695235704
307,2014-01-03,0.030857988359905608
308,2014-01-06,-0.013208395015794405
309,2014-01-07,-0.009845367852529208
310,2014-01-08,0.01194253744325291
311,2014-01-09,-0.02833050662622627
312,2014-01-10,-0.0021574981400211968
313,2014-01-13,0.00143884916909931
314,2014-01-14,-0.020334760226910387
315,2014-01-15,0.007309974071438408
316,2014-01-16,0.00725692589678717
317,2014-01-17,-0.005801321564086415
318,2014-01-20,-0.005103911918176163
319,2014-01-21,-0.07748749547837397
320,2014-01-22,-0.016726793805313722
321,2014-01-23,-0.029341958284015313
322,2014-01-24,-0.02427913315508201
323,2014-01-27,-0.03888178754420757
324,2014-01-28,0.014866911340333466
325,2014-01-29,-0.012227226569560212
326,2014-01-30,-0.011489300047755613
327,2014-01-31,-0.005347606326595589
328,2014-02-03,-0.05228150651004082
329,2014-02-04,0.05228150651004082
330,2014-02-05,-0.02809428089603694
331,2014-02-06,0.05542079394140753
332,2014-02-07,0.010380716054561034
333,2014-02-10,-0.03324890695822047
334,2014-02-11,0.031526253646774194
335,2014-02-12,0.013698844358161821
336,2014-02-13,-0.008539761548134628
337,2014-02-14,0.0017137964777349524
338,2014-02-17,-0.0357336493483964
339,2014-02-18,-0.0509664435920274
340,2014-02-19,0.0500787382518868
341,2014-02-20,0.015859363240107616
342,2014-02-21,-0.011428695823622714
343,2014-02-24,-0.016043124840575462
344,2014-02-25,-0.035669076206735095
345,2014-02-26,-0.0065390237670563955
346,2014-02-27,0.029549703101867664
347,2014-02-28,-0.10142529035844872
348,2014-03-05,-0.037972750993771065
349,2014-03-06,0.008333381559144204
350,2014-03-07,-0.05216722933502416
351,2014-03-10,-0.03333642026759209
352,2014-03-11,-0.022858138076049972
353,2014-03-12,0.00920604890772303
354,2014-03-13,-0.013841051411871863
355,2014-03-14,0.10987990454256202
356,2014-03-17,0.002079002827833243
357,2014-03-18,0.01851904776723723
358,2014-03-19,-0.01644435822637691
359,2014-03-20,-0.004153692368693562
360,2014-03-21,0.002079002827833243
361,2014-03-24,0.016478230732384525
362,2014-03-25,0.016211094628082456
363,2014-03-26,-0.02751064988201568
364,2014-03-27,0.04247352255872805
365,2014-03-28,-0.021011278212593076
366,2014-03-31,-0.005068434570458802
367,2014-04-01,-0.01536128516148727
368,2014-04-02,0.019418085857101808
369,2014-04-03,-0.008130126083250033
370,2014-04-04,0.01719819829722047
371,2014-04-07,-0.014141649814671808
372,2014-04-08,-0.02263471117687388
373,2014-04-09,-0.053431511710334334
374,2014-04-10,0.0010970928143732017
375,2014-04-11,0.004376374599798893
376,2014-04-14,0.019460073554712132
377,2014-04-15,-0.042652719953987006
378,2014-04-16,0.023192646399274874
379,2014-04-17,0.022666917564291733
380,2014-04-22,-0.012889544725996682
381,2014-04-23,-0.010869672236903938
382,2014-04-24,-0.02098365230059107
383,2014-04-25,-0.01801850550267803
384,2014-04-28,-0.017192400540372965
385,2014-04-29,0.016055390753297427
386,2014-04-30,-0.02651452154343481
387,2014-05-02,0.04455334213311346
388,2014-05-05,-0.0022371373983562926
389,2014-05-06,0.03520715663592622
390,2014-05-07,-0.03520715663592622
391,2014-05-08,0.006696453595121277
392,2014-05-09,0.00554632592055615
393,2014-05-12,0.03264707783666587
394,2014-05-13,-0.005367699415003813
395,2014-05-14,0.008574543424583414
396,2014-05-15,0.005321992337941062
397,2014-05-16,-0.008528836347520663
398,2014-05-19,-0.026031838717946787
399,2014-05-20,-0.04495138786226649
400,2014-05-21,0.0
401,2014-05-22,0.002296212260350483
402,2014-05-23,-0.004597709248629567
403,2014-05-26,0.036203048663960846
404,2014-05-27,0.0
405,2014-05-28,-0.012297527810406272
406,2014-05-29,-0.009039609577725205
407,2014-05-30,-0.025288703951924063
408,2014-06-02,0.016166633855347
409,2014-06-03,0.012521506798040871
410,2014-06-04,-0.0033994367014638094
411,2014-06-05,-0.0011357184639271267
412,2014-06-06,0.04553812878305452
413,2014-06-09,0.0257248912384358
414,2014-06-10,0.0
415,2014-06-11,0.013662850477117683
416,2014-06-13,-0.01896790270681059
417,2014-06-16,-0.008547060578458332
418,2014-06-17,-0.010787591128997409
419,2014-06-18,0.0288635750533337
420,2014-06-20,-0.02345523304407271
421,2014-06-23,0.026611469225510387
422,2014-06-24,0.008368249670516636
423,2014-06-25,-0.004175371410480633
424,2014-06-26,0.0
425,2014-06-27,-0.02114243657380932
426,2014-06-30,0.004264398786457679
427,2014-07-01,-0.006403437035207293
428,2014-07-02,0.03368739598367565
429,2014-07-03,0.05243136289794981
430,2014-07-04,-0.006899978089996761
431,2014-07-07,0.03785022413109784
432,2014-07-08,-0.006688988150796771
433,2014-07-10,0.011439590909394504
434,2014-07-11,0.007554332431781496
435,2014-07-14,0.04055855436668887
436,2014-07-15,0.03810828864865856
437,2014-07-16,-0.00523104941755248
438,2014-07-17,-0.06874315241960316
439,2014-07-18,0.07917802971218268
440,2014-07-21,0.013745920904635334
441,2014-07-22,-0.013745920904635334
442,2014-07-23,-0.022748137525936407
443,2014-07-24,0.008810629682154847
444,2014-07-25,-0.008810629682154847
445,2014-07-28,0.017544309650909362
446,2014-07-29,-0.02643325706815558
447,2014-07-30,0.0008924587830199116
448,2014-07-31,0.021183492916180047
449,2014-08-01,0.027564191271936878
450,2014-08-04,0.009302392662313252
451,2014-08-05,-0.015267472130788384
452,2014-08-06,-0.012037978559479079
453,2014-08-07,-0.014815085785140347
454,2014-08-08,-0.00970453138917815
455,2014-08-11,0.004422828970002346
456,2014-08-12,-0.034114618777405514
457,2014-08-13,-0.022161571802852276
458,2014-08-14,-0.014104606181541968
459,2014-08-15,-0.010471299867295336
460,2014-08-18,0.01707821394303677
461,2014-08-19,0.00843096328879911
462,2014-08-20,0.006508623627387244
463,2014-08-21,-0.02534157196047948
464,2014-08-22,-0.009551170984342772
465,2014-08-25,0.017126964792800514
466,2014-08-26,-0.0075757938084577425
467,2014-08-27,-0.001902950146086102
468,2014-08-28,-0.05480823649499511
469,2014-08-29,-0.010111309604320606
470,2014-09-01,-0.019497795713267152
471,2014-09-02,0.03061463581960666
472,2014-09-03,0.02088589097983462
473,2014-09-04,-0.01587334915629013
474,2014-09-05,-0.02429269256904476
475,2014-09-08,-0.029108084158070646
476,2014-09-09,0.004210532536343514
477,2014-09-10,0.004192878260036004
478,2014-09-11,-0.008403410796379518
479,2014-09-12,-0.008474626990972123
480,2014-09-15,0.02831862018924447
481,2014-09-16,0.009264090959798299
482,2014-09-17,-0.011334485074106393
483,2014-09-18,0.034626677309567366
484,2014-09-19,0.006982572011131172
485,2014-09-22,-0.0333532684736797
486,2014-09-23,0.0020533888118423604
487,2014-09-24,0.006134988567515709
488,2014-09-25,-0.01955800889965653
489,2014-09-26,-0.043554414410399644
490,2014-09-29,-0.04781344262019038
491,2014-09-30,-0.009153381986487297
492,2014-10-01,-0.022081083075255137
493,2014-10-02,0.02552342726622836
494,2014-10-03,0.012521506798040871
495,2014-10-06,0.010129518238855884
496,2014-10-07,0.0078081824478117845
497,2014-10-08,0.0033277900926744763
498,2014-10-09,-0.03722934176835624
499,2014-10-10,-0.03152625364677375
500,2014-10-13,0.023447733081572775
501,2014-10-14,0.03752572189150216
502,2014-10-15,-0.0033538320984312087
503,2014-10-16,-0.02724345561110697
504,2014-10-17,-0.024462489473489057
505,2014-10-20,-0.00710062154957658
506,2014-10-21,-0.008348289391471031
507,2014-10-22,-0.007211569715560806
508,2014-10-23,0.036712234112258546
509,2014-10-24,0.05870760082677817
510,2014-10-27,-0.078673032072476
511,2014-10-28,-0.009535233150999911
512,2014-10-29,-0.04281999718292839
513,2014-10-30,-0.02531780798428951
514,2014-10-31,0.056089466651043196
515,2014-11-03,-0.015883046173002846
516,2014-11-04,0.02912827292302378
517,2014-11-05,-0.03282969602621
518,2014-11-06,-0.046814367033715776
519,2014-11-07,0.019243698392627184
520,2014-11-10,-0.00509555242659987
521,2014-11-11,-0.04572971801632608
522,2014-11-12,-0.010752791776261539
523,2014-11-13,-0.013605652055778794
524,2014-11-14,-0.036266177984394465
525,2014-11-17,-0.02008675856673725
526,2014-11-18,-0.03840944811487135
527,2014-11-19,-0.039943866131644024
528,2014-11-21,0.0459498901918558
529,2014-11-24,0.011904902506318482
530,2014-11-25,-0.011904902506318482
531,2014-11-26,-0.08266590573012755
532,2014-11-27,-0.0246926125903717
533,2014-11-28,0.008298802814695083
534,2014-12-01,-0.04912079733495012
535,2014-12-02,-0.024605810802200256
536,2014-12-03,0.005323881252750073
537,2014-12-04,-0.01966104439915739
538,2014-12-05,0.0
539,2014-12-08,-0.05949709886464505
540,2014-12-09,-0.0291565842914554
541,2014-12-10,-0.042302379690689396
542,2014-12-11,-0.010341353794732777
543,2014-12-12,-0.05118387921155643
544,2014-12-15,0.017354014693151676
545,2014-12-16,0.07056869016416245
546,2014-12-17,0.10275190577081594
547,2014-12-18,-0.048157452980972515
548,2014-12-19,0.08193844283843554
549,2014-12-22,0.025885828448298787
550,2014-12-23,0.06910643687234397
551,2014-12-26,-0.038902798669599115
552,2014-12-29,-0.037041271680348986
553,2014-12-30,-0.031361455204051314
554,2015-01-02,-0.10634428356795911
555,2015-01-05,-0.0504647939259093
556,2015-01-06,0.07765093423006597
557,2015-01-07,0.1036348896903565
558,2015-01-08,-0.03336569384380028
559,2015-01-09,-0.04380262265839274
560,2015-01-12,-0.016933612529439923
561,2015-01-13,-0.0347525319908395
562,2015-01-14,-0.027890253981832425
563,2015-01-15,-0.01629363948610041
564,2015-01-16,0.057842642398972854
565,2015-01-19,-0.06816265143096234
566,2015-01-20,0.05056688954058286
567,2015-01-21,0.03679020914652664
568,2015-01-22,0.018832948333092236
569,2015-01-23,-0.0695260626486105
570,2015-01-26,0.00399202126953746
571,2015-01-27,-0.046899522280813954
572,2015-01-28,-0.047017206516710486
573,2015-01-29,-0.03790866398189774
574,2015-01-30,-0.04652001563489283
575,2015-02-02,0.03738753207162038
576,2015-02-03,0.04265517560191601
577,2015-02-04,-0.026727648905814805
578,2015-02-05,0.0
579,2015-02-06,0.03111362084906899
580,2015-02-09,0.08591668613044834
581,2015-02-10,0.004008021397538641
582,2015-02-11,0.007968169649176904
583,2015-02-12,-0.044632154020768144
584,2015-02-13,0.022565059992089687
585,2015-02-18,0.02008099605704916
586,2015-02-19,0.023576730563996895
587,2015-02-20,0.024929383042525455
588,2015-02-23,-0.04255961441879608
589,2015-02-24,0.023438572972017457
590,2015-02-25,0.0
591,2015-02-26,-0.007751976804317939
592,2015-02-27,0.005819609053264063
593,2015-03-02,0.0
594,2015-03-03,0.005785937067043889
595,2015-03-04,0.007662872745569205
596,2015-03-05,-0.034955015033576675
597,2015-03-06,-0.005946499187726273
598,2015-03-09,0.02938507215974373
599,2015-03-10,-0.0019323677510538761
600,2015-03-11,0.00962471337420956
601,2015-03-12,0.024599159013367844
602,2015-03-13,0.025831694613524192
603,2015-03-16,0.016260520871780315
604,2015-03-17,0.04725288485054535
605,2015-03-18,-0.025975486403260417
606,2015-03-19,-0.026668247082161534
607,2015-03-20,0.057758834152192406
608,2015-03-23,0.008467451099098522
609,2015-03-24,-0.013582551765868978
610,2015-03-25,0.038563034734310664
611,2015-03-26,-0.006600684031352166
612,2015-03-27,-0.07385329241211847
613,2015-03-30,0.017668304133313883
614,2015-03-31,-0.05212320821636407
615,2015-04-01,0.029092960941664803
616,2015-04-02,0.008920665758379354
617,2015-04-06,0.029748475400774632
618,2015-04-07,-0.013889112160667239
619,2015-04-08,-0.019418085857101364
620,2015-04-09,0.007104825623744704
621,2015-04-10,0.01231326023335666
622,2015-04-13,-0.007017572658646554
623,2015-04-14,0.04138521616285451
624,2015-04-15,0.07011836400868576
625,2015-04-16,0.029482352564507153
626,2015-04-17,-0.061485083650680616
627,2015-04-20,-0.004889985294191934
628,2015-04-22,0.0724726488129912
629,2015-04-23,0.08167803101426707
630,2015-04-24,0.0
631,2015-04-27,0.10241500542806947
632,2015-04-28,-0.006341175338447247
633,2015-04-29,-0.007662872745568983
634,2015-04-30,0.029060794263124023
635,2015-05-04,0.07783700071358846
636,2015-05-05,0.04174322903957606
637,2015-05-06,0.0
638,2015-05-07,-0.0829013015330835
639,2015-05-08,-0.03792503430032834
640,2015-05-11,0.0733060832169139
641,2015-05-12,-0.03658225026221951
642,2015-05-13,-0.048009219186360585
643,2015-05-14,0.0012602396122876058
644,2015-05-15,-0.005050515786068299
645,2015-05-18,-0.04266969202361848
646,2015-05-19,-0.05708071074344123
647,2015-05-20,0.027587956518828838
648,2015-05-21,-0.001361470598320924
649,2015-05-22,-0.022039459566291386
650,2015-05-25,-0.0027894020875784964
651,2015-05-26,-0.02833050662622605
652,2015-05-27,0.012848142477849045
653,2015-05-28,-0.06899287148695143
654,2015-05-29,-0.06921000317817483
655,2015-06-01,0.02731093439407073
656,2015-06-02,0.06740682833131673
657,2015-06-03,-0.036203048663960624
658,2015-06-05,-0.05040436952397309
659,2015-06-08,-0.02122528661528178
660,2015-06-09,0.009852296443011666
661,2015-06-10,-0.008203491452827727
662,2015-06-11,0.004930166107858458
663,2015-06-12,0.014646315517239383
664,2015-06-15,-0.024531074749781334
665,2015-06-16,-0.044000329262437354
666,2015-06-17,-0.015693434546046436
667,2015-06-18,0.013961832381768513
668,2015-06-19,-0.012205905679503637
669,2015-06-22,
670,2015-06-23,
671,2015-06-24,-0.014159528603634675
672,2015-06-25,-0.041862345360911934
673,2015-06-26,0.03829091299331466
674,2015-06-29,-0.04762804898925466
675,2015-06-30,-0.026617540999955835
676,2015-07-01,-0.02536721387842311
677,2015-07-02,
678,2015-07-03,
679,2015-07-06,0.024897551621727132
680,2015-07-07,0.010193768189542984
681,2015-07-08,-0.056323539917044085
682,2015-07-10,-0.030503454293414833
683,2015-07-13,0.07046671110525193
684,2015-07-14,-0.012448293526567955
685,2015-07-15,-0.03181604518465986
686,2015-07-16,-0.01083434216571022
687,2015-07-17,-0.022027322318290743
688,2015-07-20,-0.040914797638506695
689,2015-07-21,-0.05975493050201508
690,2015-07-22,-0.035091319811270116
691,2015-07-23,0.02519024882855847
692,2015-07-24,-0.01503787736454032
693,2015-07-27,-0.041242958534049246
694,2015-07-28,0.10008345855698275
695,2015-07-29,-0.011976191046715767
696,2015-07-30,-0.0024125464053841306
697,2015-07-31,0.04948005726336979
698,2015-08-03,0.0
699,2015-08-04,0.004587164006906175
700,2015-08-05,-0.0022909517465556917
701,2015-08-06,-0.032636929313022645
702,2015-08-07,-0.04855322541699092
703,2015-08-10,
704,2015-08-11,
705,2015-08-12,
706,2015-08-13,
707,2015-08-14,-0.04520543676804678
708,2015-08-17,-0.011628037995119023
709,2015-08-18,-0.041797128678461526
710,2015-08-19,-0.053220696204909546
711,2015-08-20,0.012779726646398926
712,2015-08-21,
713,2015-08-24,
714,2015-08-25,-0.03584613177313578
715,2015-08-26,0.1234441910911217
716,2015-08-27,0.11563018229528232
717,2015-08-28,-0.047067510857985884
718,2015-08-31,0.05279818556697102
719,2015-09-01,0.008534902449837345
720,2015-09-02,0.04973400567413844
721,2015-09-03,0.037041271680348986
722,2015-09-04,0.04569322765889883
723,2015-09-08,0.055502784322687404
724,2015-09-09,0.016298381733119482
725,2015-09-10,0.0734479061231561
726,2015-09-11,0.09609021104512361
727,2015-09-14,-0.041797128678461526
728,2015-09-15,0.0
729,2015-09-16,0.04568818417142806
730,2015-09-17,
731,2015-09-18,
732,2015-09-21,-0.01577596259416758
733,2015-09-22,-0.10026945316367519
734,2015-09-23,-0.22951143959691267
735,2015-09-24,0.03144152583481907
736,2015-09-25,-0.04629328397084498
737,2015-09-28,-0.012547216052088528
738,2015-09-29,
739,2015-09-30,
740,2015-10-01,
741,2015-10-02,
742,2015-10-05,
743,2015-10-06,
744,2015-10-07,
745,2015-10-08,
746,2015-10-09,
747,2015-10-13,
748,2015-10-14,
749,2015-10-15,0.054778206014054476
750,2015-10-16,0.0679973512454497
751,2015-10-19,0.02167572547904051
752,2015-10-20,
753,2015-10-21,
754,2015-10-22,
755,2015-10-23,
756,2015-10-26,
757,2015-10-27,
758,2015-10-28,
759,2015-10-29,
760,2015-10-30,
761,2015-11-03,0.15349213518706062
762,2015-11-04,
763,2015-11-05,
764,2015-11-06,0.010050335853501347
765,2015-11-09,0.01192857086527388
766,2015-11-10,0.01957009619409722
767,2015-11-11,0.03428907347863208
768,2015-11-12,0.014870162479451388
769,2015-11-13,-0.10086061033497384
770,2015-11-16,0.004073325387635718
771,2015-11-17,-0.0020345886977874983
772,2015-11-18,0.1596635329013707
773,2015-11-19,0.017212128881121336
774,2015-11-23,-0.022434072862272947
775,2015-11-24,0.05103148001244584
776,2015-11-25,0.0115417604401713
777,2015-11-26,-0.013201511858535797
778,2015-11-27,-0.023530497410194195
779,2015-11-30,-0.06680866967211019
780,2015-12-01,-0.06769501277135159
781,2015-12-02,-0.03162318843051204
782,2015-12-03,0.009990093075086248
783,2015-12-04,-0.03232604701714936
784,2015-12-07,-0.002055499182096021
785,2015-12-08,-0.06591120494954339
786,2015-12-09,0.02173998663640586
787,2015-12-10,-0.006472514505617477
788,2015-12-11,-0.02409755157906046
789,2015-12-14,-0.015642777070453473
790,2015-12-15,-0.006779686985378897
791,2015-12-16,-0.02758795651882906
792,2015-12-17,0.0023282897595910956
793,2015-12-18,-0.025914288765470195
794,2015-12-21,-0.04390949261556876
795,2015-12-22,0.002490661312451792
796,2015-12-23,0.074285639383469
797,2015-12-28,-0.021004272770532184
798,2015-12-29,-0.009478743954543623
799,2015-12-30,-0.04879016416943216
800,2016-01-04,-0.03562717764315115
801,2016-01-05,-0.05047552141026057
802,2016-01-06,-0.08231595257155155
803,2016-01-07,-0.023953241022492744
804,2016-01-08,0.035718082602079315
805,2016-01-11,-0.01472780671024343
806,2016-01-12,-0.027069321968218096
807,2016-01-13,-0.024692612590371477
808,2016-01-14,0.030771658666753687
809,2016-01-15,-0.04019088058324538
810,2016-01-18,0.009419221916491693
811,2016-01-19,0.024692612590371477
812,2016-01-20,-0.018462062839735394
813,2016-01-21,0.030583423372080087
814,2016-01-22,0.03840944811487135
815,2016-01-26,-0.008733679968754515
816,2016-01-27,0.01739174271186905
817,2016-01-28,-0.008658062743114536
818,2016-01-29,0.028573372444056
819,2016-02-01,0.05480823649499511
820,2016-02-02,0.00531916147759981
821,2016-02-03,0.00529101763441564
822,2016-02-04,0.09314905517883698
823,2016-02-05,0.05153365011518285
824,2016-02-10,-0.006872879287762146
825,2016-02-11,-0.1143406914654106
826,2016-02-12,0.03544674899574751
827,2016-02-15,0.019705071079332503
828,2016-02-16,0.07741261034678226
829,2016-02-17,0.026727648905814805
830,2016-02-18,0.008752791109594593
831,2016-02-19,0.008676844025689023
832,2016-02-22,0.1005975709532736
833,2016-02-23,0.019342962843130973
834,2016-02-24,0.0019138761822843353
835,2016-02-25,-0.0019138761822843353
836,2016-02-26,-0.04305948946044702
837,2016-02-29,0.03922071315328135
838,2016-03-01,0.03774032798284721
839,2016-03-02,0.0452565915881209
840,2016-03-03,0.1401466317432416
841,2016-03-04,0.15106901328985023
842,2016-03-07,0.08491482449753684
843,2016-03-08,-0.14628377087382893
844,2016-03-09,-0.041642771959778724
845,2016-03-10,0.07211604404318939
846,2016-03-11,-0.03753046439340957
847,2016-03-14,-0.02002928187557229
848,2016-03-15,-0.1310571645581713
849,2016-03-16,0.10024034591218345
850,2016-03-17,0.1670540846631663
851,2016-03-18,-0.0012618298204221112
852,2016-03-21,-0.002528446353358582
853,2016-03-22,0.029927420541473015
854,2016-03-23,-0.0686419327221639
855,2016-03-24,0.0246926125903717
856,2016-03-28,0.0012828738128893846
857,2016-03-29,-0.05264373348542195
858,2016-03-30,0.006734032181344052
859,2016-03-31,-0.04390279796526375
860,2016-04-01,0.03038907879854058
861,2016-04-04,-0.05595865364804431
862,2016-04-05,0.0894065877155843
863,2016-04-06,0.01047129986729578
864,2016-04-07,-0.01178795575204239
865,2016-04-08,0.08338160893905089
866,2016-04-11,0.08589964813693962
867,2016-04-12,0.18157971699732212
868,2016-04-13,0.18725679198068557
869,2016-04-14,-0.12608664617494325
870,2016-04-15,0.039354950350610096
871,2016-04-18,0.014987790965491854
872,2016-04-19,0.09455858262501282
873,2016-04-20,0.0267078189149359
874,2016-04-22,-0.019217147185778494
875,2016-04-25,-0.09628079995742977
876,2016-04-26,0.010625355378936163
877,2016-04-27,0.05149652576717445
878,2016-04-28,0.0007719027785824117
879,2016-04-29,0.01379332213233564
880,2016-05-02,-0.018433701688838067
881,2016-05-03,-0.05415335762417728
882,2016-05-04,-0.037520032471263676
883,2016-05-05,-0.06584211754741709
884,2016-05-06,0.010830430774369404
885,2016-05-09,-0.10595913884241925
886,2016-05-10,0.043930929225727056
887,2016-05-11,-0.05094147371194424
888,2016-05-12,-0.03268932536046698
889,2016-05-13,-0.13665151996076652
890,2016-05-16,-0.009569451016150587
891,2016-05-17,-0.008449054486527885
892,2016-05-18,-0.05480823649499467
893,2016-05-19,-0.04719093146012643
894,2016-05-20,-0.023083170182873758
895,2016-05-23,-0.006891826037921156
896,2016-05-24,-0.05399038389653965
897,2016-05-25,-0.014706147389695223
898,2016-05-27,-0.048567966634910587
899,2016-05-30,0.009287992466470607
900,2016-05-31,0.0076746347531087
901,2016-06-01,-0.026337695885035206
902,2016-06-02,0.06679265057734884
903,2016-06-03,0.07494672246500333
904,2016-06-06,0.006788892333686292
905,2016-06-07,-0.05564717871439151
906,2016-06-08,0.15230962376873003
907,2016-06-09,-0.07656799799458414
908,2016-06-10,-0.08148052244316406
909,2016-06-13,0.007168489478612372
910,2016-06-14,-0.048290289127780994
911,2016-06-15,0.05398831024241879
912,2016-06-16,0.028013036227674037
913,2016-06-17,0.012354309500935079
914,2016-06-20,0.01489533294644052
915,2016-06-21,0.0053619431413851615
916,2016-06-22,-0.008053734807096813
917,2016-06-23,0.08521281535371505
918,2016-06-24,-0.09197416633175881
919,2016-06-27,-0.009543358046899764
920,2016-06-28,0.028361117621698018
921,2016-06-29,0.04044908878117637
922,2016-06-30,0.0
923,2016-07-01,0.11351135039108007
924,2016-07-04,0.05981849521091043
925,2016-07-05,-0.07709008171957121
926,2016-07-06,0.050944801615248725
927,2016-07-07,-0.059108112254409484
928,2016-07-08,0.059108112254409484
929,2016-07-11,0.008791265411170812
930,2016-07-12,0.045972819998804315
931,2016-07-13,0.007287903157591202
932,2016-07-14,0.014418375424271712
933,2016-07-15,0.04693822153769123
934,2016-07-18,0.022190973308478856
935,2016-07-19,-0.006701796266018523
936,2016-07-20,-0.015489177042460334
937,2016-07-21,0.05226842854575686
938,2016-07-22,0.007380107297622729
939,2016-07-25,0.009149194653587767
940,2016-07-26,0.020730801002684096
941,2016-07-27,0.012411506843343023
942,2016-07-28,0.0
943,2016-07-29,-0.024978997206865916
944,2016-08-01,-0.03586591318849708
945,2016-08-02,-0.06179571926846572
946,2016-08-03,0.05521983836230859
947,2016-08-04,0.02604798431897759
948,2016-08-05,0.011866866779899343
949,2016-08-08,-0.02573671464404992
950,2016-08-09,0.01845070791311665
951,2016-08-10,-0.04105053983035756
952,2016-08-11,0.044700178917906896
953,2016-08-12,-0.01838287060053334
954,2016-08-15,0.03374693242527682
955,2016-08-16,-0.05721117176024393
956,2016-08-17,-0.018208457065600925
957,2016-08-18,-0.015594857957906605
958,2016-08-19,-0.008880176756858926
959,2016-08-22,-0.08692128284118361
960,2016-08-23,0.015021741695837587
961,2016-08-24,-0.07287992336866056
962,2016-08-25,0.011389644764357776
963,2016-08-26,-0.0034032931317078408
964,2016-08-29,0.028013036227673815
965,2016-08-30,-0.03142795132774312
966,2016-08-31,-0.019574603124629775
967,2016-09-01,0.02298951822469908
968,2016-09-02,0.09737416402517596
969,2016-09-05,0.001030396793896493
970,2016-09-06,-0.025027375105246552
971,2016-09-08,-0.02350535567365286
972,2016-09-09,-0.067064230580546
973,2016-09-12,0.016055390753297427
974,2016-09-13,-0.07682453168263637
975,2016-09-14,0.014634407518437698
976,2016-09-15,0.0012099215027130406
977,2016-09-16,-0.03194374795533195
978,2016-09-19,0.05937540241600292
979,2016-09-20,-0.0011771631730148613
980,2016-09-21,0.0426577642937338
981,2016-09-22,0.004504512121104476
982,2016-09-23,-0.021579485873682636
983,2016-09-26,-0.0046030000719610165
984,2016-09-27,-0.0069444723528113705
985,2016-09-28,0.07709008171957121
986,2016-09-29,-0.026145280104322488
987,2016-09-30,0.0033057881344995543
988,2016-10-03,0.04516896836791151
989,2016-10-04,-0.00950878796902721
990,2016-10-05,0.025158559636154987
991,2016-10-06,0.017445285934648336
992,2016-10-07,0.012133617011426345
993,2016-10-10,0.024815169119723812
994,2016-10-11,0.0
995,2016-10-13,-0.031875208530448784
996,2016-10-14,0.03383407301578201
997,2016-10-17,0.007797310460031515
998,2016-10-18,0.02965305739030155
999,2016-10-19,-0.027713192572474732
1000,2016-10-20,-0.012676912818783581
1001,2016-10-21,0.0009808730555920242
1002,2016-10-24,0.021339316034995726
1003,2016-10-25,0.02558168871173283
1004,2016-10-26,-0.011288925154807394
1005,2016-10-27,0.023376473536189213
1006,2016-10-28,0.0018467225931644293
1007,2016-10-31,-0.0092679069307815
1008,2016-11-01,-0.0476734694693568
1009,2016-11-03,-0.052116001139014045
1010,2016-11-04,-0.006191970247920953
1011,2016-11-07,0.0651206498044421
1012,2016-11-08,0.023011561893206522
1013,2016-11-09,0.027117136089424676
1014,2016-11-10,0.03712513263892925
1015,2016-11-11,-0.07664109232520833
1016,2016-11-14,0.050525245194648516
1017,2016-11-16,-0.042877024356391846
1018,2016-11-17,0.006644542718668767
1019,2016-11-18,0.027066514623642846
1020,2016-11-21,0.05377639678080426
1021,2016-11-22,0.045210257752829275
1022,2016-11-23,0.0645906465513284
1023,2016-11-24,-0.017350592988595093
1024,2016-11-25,0.025138794348940063
1025,2016-11-28,0.03431522353638172
1026,2016-11-29,-0.046805627918162784
1027,2016-11-30,-0.02384850704669539
1028,2016-12-01,-0.06394872460027345
1029,2016-12-02,0.021214202444862718
1030,2016-12-05,-0.005894753911349415
1031,2016-12-06,0.01258933958356323
1032,2016-12-07,0.0033305609471647735
1033,2016-12-08,-0.03209734997487779
1034,2016-12-09,-0.030503454293414833
1035,2016-12-12,-0.023277684869345894
1036,2016-12-13,-0.007272759329079559
1037,2016-12-14,-0.03245532889397795
1038,2016-12-15,0.029714349562555586
1039,2016-12-16,-0.01940014654579114
1040,2016-12-19,-0.060566321277138346
1041,2016-12-20,-0.02103232260574117
1042,2016-12-21,-0.005073577600701373
1043,2016-12-22,-0.02367583568528442
1044,2016-12-23,0.035809452696710764
1045,2016-12-26,0.02088589097983462
1046,2016-12-27,0.0545851144922711
1047,2016-12-28,0.008352716775728464
1048,2016-12-29,0.002768806568132831
1049,2017-01-02,0.0009212345193208016
1050,2017-01-03,0.050279889722074866
1051,2017-01-04,-0.009678914099835012
1052,2017-01-05,0.03390155167568132
1053,2017-01-06,-0.03655759573379758
1054,2017-01-09,0.01495848393033583
1055,2017-01-10,0.021599111803461746
1056,2017-01-11,0.012739025777429802
1057,2017-01-12,0.04375439967531003
1058,2017-01-13,-0.013008313513001024
1059,2017-01-16,0.010582109330536937
1060,2017-01-17,-0.012220111334775297
1061,2017-01-18,-0.023218290102007266
1062,2017-01-19,-0.016920877488336927
1063,2017-01-20,0.020270964373619194
1064,2017-01-23,0.03693485069402991
1065,2017-01-24,-0.0016129035754648413
1066,2017-01-26,-0.021207972685092003
1067,2017-01-27,-0.0024762703532634767
1068,2017-01-30,-0.053470521461416176
1069,2017-01-31,0.0069505058265235675
1070,2017-02-01,0.0094787439545434
1071,2017-02-02,0.039517542033612685
1072,2017-02-03,-0.04640225081110971
1073,2017-02-06,-0.03963530685739558
1074,2017-02-07,0.02133414247499088
1075,2017-02-08,-0.001760563835032869
1076,2017-02-09,-0.000881445627805455
1077,2017-02-10,0.08044962527833732
1078,2017-02-13,0.023322327694351053
1079,2017-02-14,-0.012800174766961714
1080,2017-02-15,0.018349138668196652
1081,2017-02-16,-0.009531446265552468
1082,2017-02-17,-0.0015974444291573242
1083,2017-02-20,0.01507366898572604
1084,2017-02-21,-0.003944778291016249
1085,2017-02-22,-0.015936592262812965
1086,2017-02-23,-0.03681397312271617
1087,2017-02-24,-0.0016680571006970624
1088,2017-03-01,0.01161838795386494
1089,2017-03-02,-0.03185516624121787
1090,2017-03-03,0.02023677828735293
1091,2017-03-06,-0.03655315571950046
1092,2017-03-07,-0.021882711249507913
1093,2017-03-08,-0.0630057730924034
1094,2017-03-09,-0.009469767737031898
1095,2017-03-10,0.02443730627943763
1096,2017-03-13,0.025665936795464805
1097,2017-03-14,-0.029386871321154917
1098,2017-03-15,0.06232264758525696
1099,2017-03-16,-0.02752060057632555
1100,2017-03-17,-0.0441654112976817
1101,2017-03-20,0.02965926390865281
1102,2017-03-21,-0.09375887228876278
1103,2017-03-22,0.0030045090202990288
1104,2017-03-23,-0.012072581234269464
1105,2017-03-24,-0.009151055217357484
1106,2017-03-27,0.040045390692214244
1107,2017-03-28,-0.04619295103671961
1108,2017-03-29,
1109,2017-03-30,
1110,2017-03-31,-0.009830772783127717
1111,2017-04-03,-0.015487035201162236
1112,2017-04-04,0.03505287675504265
1113,2017-04-05,-0.04965167617619537
1114,2017-04-06,-0.020572154075208182
1115,2017-04-07,0.009195467093100262
1116,2017-04-10,-0.0337437482983618
1117,2017-04-11,-0.007125920889967219
1118,2017-04-12,-0.09102853672661482
1119,2017-04-13,-0.034531983542375855
1120,2017-04-17,0.03191760296830459
1121,2017-04-18,-0.04415432941674169
1122,2017-04-19,-0.029148489714417414
1123,2017-04-20,0.049460630168399744
1124,2017-04-24,-0.010781775603288413
1125,2017-04-25,0.032002731086173686
1126,2017-04-26,0.041136905560489545
1127,2017-04-27,-0.043765027966759185
1128,2017-04-28,0.01954459607297032
1129,2017-05-02,0.022960192281501257
1130,2017-05-03,-0.04250478835447158
1131,2017-05-04,-0.07087433958665668
1132,2017-05-05,0.04420609250449581
1133,2017-05-08,-0.032970019237569925
1134,2017-05-09,0.032970019237569925
1135,2017-05-10,0.021391189981317282
1136,2017-05-11,-0.007968169649176904
1137,2017-05-12,-0.03252319170555995
1138,2017-05-15,0.058840500022933506
1139,2017-05-16,0.011620531023018632
1140,2017-05-17,-0.04060806789627103
1141,2017-05-18,-0.14970425187012348
1142,2017-05-19,0.06899287148695143
1143,2017-05-22,0.0028943580263645075
1144,2017-05-23,0.010064786616140742
1145,2017-05-24,-0.015861904300466856
1146,2017-05-25,0.010123007631448688
1147,2017-05-26,0.0028735651957316755
1148,2017-05-29,0.0
1149,2017-05-30,0.029684158287700324
1150,2017-05-31,-0.0455919413223389
1151,2017-06-01,-0.025093567597656907
1152,2017-06-02,0.008928630744301502
1153,2017-06-05,-0.019447134935521637
1154,2017-06-06,-0.003025720916537189
1155,2017-06-07,-0.019893540519570596
1156,2017-06-08,0.019893540519570596
1157,2017-06-09,0.016529301951210718
1158,2017-06-12,-0.030259494763112516
1159,2017-06-13,-0.010810916104215584
1160,2017-06-14,0.004647568396546786
1161,2017-06-15,0.0
1162,2017-06-16,-0.03619592613147282
1163,2017-06-19,0.0
1164,2017-06-20,-0.03589292306060665
1165,2017-06-21,0.018107490627390366
1166,2017-06-22,0.03210548620796483
1167,2017-06-23,0.007867861200613557
1168,2017-06-26,0.021706278581863137
1169,2017-06-27,0.05519670908700558
1170,2017-06-28,0.03704127168034921
1171,2017-06-29,-0.0399482504716584
1172,2017-06-30,0.044135276825874925
1173,2017-07-03,0.015204162960434031
1174,2017-07-04,-0.011034594723709157
1175,2017-07-05,-0.021023899791707157
1176,2017-07-06,0.0
1177,2017-07-07,0.018246120227804807
1178,2017-07-10,0.01106511981247249
1179,2017-07-11,0.06264539605620811
1180,2017-07-12,0.022989518224698635
1181,2017-07-13,-0.024282343227004066
1182,2017-07-14,0.005161301780225447
1183,2017-07-17,0.003853569315990235
1184,2017-07-18,-0.014202950177993667
1185,2017-07-19,0.020592748276764272
1186,2017-07-20,-0.03764234160287527
1187,2017-07-21,-0.025453483990196313
1188,2017-07-24,0.030730541091039898
1189,2017-07-25,0.028536307264934724
1190,2017-07-26,-0.045789555412493854
1191,2017-07-27,-0.013477292943480768
1192,2017-07-28,0.01481508578514057
1193,2017-07-31,0.018543577712168968
1194,2017-08-01,-0.010554187678689875
1195,2017-08-02,0.01709443335929972
1196,2017-08-03,-0.01709443335929972
1197,2017-08-04,0.03901665234245133
1198,2017-08-07,0.0831775064789082
1199,2017-08-08,0.018605187831034264
1200,2017-08-09,-0.029224756658494666
1201,2017-08-10,-0.03255260303774854
1202,2017-08-11,0.03728633968794748
1203,2017-08-14,-0.010682594169971082
1204,2017-08-15,-0.02905773447954285
1205,2017-08-16,-0.0036923118871277083
1206,2017-08-17,-0.006184311608784299
1207,2017-08-18,0.009876623495912007
1208,2017-08-21,-0.018599420236265818
1209,2017-08-22,0.009962722503674026
1210,2017-08-23,0.02327110525102949
1211,2017-08-24,0.03800932596698425
1212,2017-08-25,-0.0023337233462203955
1213,2017-08-28,-0.005858247568367947
1214,2017-08-29,0.004689340363386307
1215,2017-08-30,0.0
1216,2017-08-31,0.016241656328631837
1217,2017-09-01,0.06461044030046281
1218,2017-09-04,0.02028900348602347
1219,2017-09-05,0.020921265160639635
1220,2017-09-06,0.017445285934648336
1221,2017-09-07,0.0
1222,2017-09-08,0.017146158834970837
1223,2017-09-11,0.048790164169431716
1224,2017-09-12,0.01230493519037923
1225,2017-09-13,-0.0199531560286359
1226,2017-09-14,-0.002883231214084958
1227,2017-09-15,0.04332127487533244
1228,2017-09-18,0.033532820108082007
1229,2017-09-19,-0.02893511085945244
1230,2017-09-20,-0.032636929313022645
1231,2017-09-21,-0.029824240310713623
1232,2017-09-22,-0.052116001139014045
1233,2017-09-25,-0.03347592919638931
1234,2017-09-26,0.00952892334587796
1235,2017-09-27,-0.02345523304407271
1236,2017-09-28,-0.0207091869645617
1237,2017-09-29,0.05673003036899926
1238,2017-10-02,0.027708288777575252
1239,2017-10-03,0.09457380274601279
1240,2017-10-04,-0.00925075977215073
1241,2017-10-05,-0.021607228587754435
1242,2017-10-06,-0.02695062056146691
1243,2017-10-09,-0.03474294844387282
1244,2017-10-10,0.010050335853501569
1245,2017-10-11,-0.03562717764315115
1246,2017-10-12,0.0
1247,2017-10-13,0.057388669424663696
1248,2017-10-16,-0.008845266514966532
1249,2017-10-17,-0.026001464815201825
1250,2017-10-18,0.004044494896506379
1251,2017-10-19,-0.005058179727352563
1252,2017-10-20,0.029972273535792127
1253,2017-10-23,-0.03200273108617413
1254,2017-10-24,0.018127384592556695
1255,2017-10-25,-0.012048338516174262
1256,2017-10-26,-0.03704127168034921
1257,2017-10-27,-0.05162436540530724
1258,2017-10-30,-0.057937837106218915
1259,2017-10-31,-0.01413451093490492
1260,,
