,Time,Returns_GOAU4
0,2012-10-02,-0.011800706866765598
1,2012-10-03,-0.011113512203035025
2,2012-10-04,-0.012075890822285995
3,2012-10-05,0.0012559766931370397
4,2012-10-08,0.006256496034262593
5,2012-10-09,0.009929829211558161
6,2012-10-10,-0.011177967531448285
7,2012-10-11,0.01569631564731866
8,2012-10-15,-0.01320151185853602
9,2012-10-16,0.025016723418694653
10,2012-10-17,-0.004465239721425984
11,2012-10-18,-0.03182748563827831
12,2012-10-19,-0.04641998063515862
13,2012-10-22,0.017012449192319146
14,2012-10-23,-0.018773744192742914
15,2012-10-24,0.010085548982510684
16,2012-10-25,-0.0013098015692643017
17,2012-10-26,-0.028358081665025292
18,2012-10-29,0.023540993304942415
19,2012-10-30,0.008305971248768529
20,2012-10-31,-0.009184363907829951
21,2012-11-01,0.02087032272557998
22,2012-11-05,-0.015174841706435682
23,2012-11-06,0.04275982920192467
24,2012-11-07,-0.028876742277731626
25,2012-11-08,-0.002588396669224391
26,2012-11-09,-0.007805807366283002
27,2012-11-12,0.0060764943916393754
28,2012-11-13,-0.008255575711060725
29,2012-11-14,-0.0238422336455133
30,2012-11-16,-0.0157624519941284
31,2012-11-19,0.02421638462254716
32,2012-11-21,0.025373189702798893
33,2012-11-22,0.004740366558275255
34,2012-11-23,0.030485002508849668
35,2012-11-26,-0.022776142228440932
36,2012-11-27,-0.02069047947356939
37,2012-11-28,0.0172716728708866
38,2012-11-29,0.01022151126332016
39,2012-11-30,-0.049956053299872405
40,2012-12-03,-0.00535959287962573
41,2012-12-04,0.008472737419423115
42,2012-12-05,0.011040076804158527
43,2012-12-06,-0.00307891153542883
44,2012-12-07,0.022648964663202875
45,2012-12-10,0.019194490322470337
46,2012-12-11,-0.0033855301063088206
47,2012-12-12,-0.012798766586452182
48,2012-12-13,-0.016887216272937433
49,2012-12-14,-0.008771942019974777
50,2012-12-17,-0.011965620008102196
51,2012-12-18,0.028567093107781716
52,2012-12-19,-0.013083439722707091
53,2012-12-20,-0.00484053739775403
54,2012-12-21,-0.012874806318412091
55,2012-12-26,0.005347651009348642
56,2012-12-27,-0.006688988150796327
57,2012-12-28,0.024310589500616153
58,2013-01-02,0.03854862810042725
59,2013-01-03,0.013355874657732247
60,2013-01-04,-0.019678298380411796
61,2013-01-07,0.022989559547012206
62,2013-01-08,-0.02045581658393747
63,2013-01-09,-0.02088292469759434
64,2013-01-10,-0.001292738813947203
65,2013-01-11,-0.011711302542936064
66,2013-01-14,0.00348432408261079
67,2013-01-15,-0.010929070532190277
68,2013-01-16,-0.004405293467916405
69,2013-01-17,0.012722303364159693
70,2013-01-18,-0.013605739836887398
71,2013-01-21,0.0004417937090543944
72,2013-01-22,0.0
73,2013-01-23,0.004846936231589716
74,2013-01-24,-0.019082007883849172
75,2013-01-28,-0.037895426858691295
76,2013-01-29,0.020723789771515566
77,2013-01-30,-0.0013683468185594627
78,2013-01-31,0.01719503865356886
79,2013-02-01,-0.002695464284838689
80,2013-02-04,-0.01085492340943528
81,2013-02-05,0.0077010573124129955
82,2013-02-06,0.004053146733166368
83,2013-02-07,-0.016769076762308988
84,2013-02-08,0.0036496392540477096
85,2013-02-13,0.0171562225370665
86,2013-02-14,0.0017888645599710706
87,2013-02-15,-0.01940047312175963
88,2013-02-18,-0.034765956231488815
89,2013-02-19,-0.020010195053501434
90,2013-02-20,-0.0432713020638289
91,2013-02-21,0.012484556662244906
92,2013-02-22,0.010858990937823165
93,2013-02-25,0.012198247754902969
94,2013-02-26,0.03712939494238787
95,2013-02-27,-0.017440884762081055
96,2013-02-28,-0.003811343164882075
97,2013-03-01,-0.03299673363693412
98,2013-03-04,-0.004945608497787912
99,2013-03-05,-0.028666785729648758
100,2013-03-06,0.034105661796174136
101,2013-03-07,-0.008417974521582217
102,2013-03-08,0.010388369199217262
103,2013-03-11,0.003929278139889636
104,2013-03-12,-0.022807086166028334
105,2013-03-13,-0.009574323337011581
106,2013-03-14,-0.015306369868794967
107,2013-03-15,-0.018158786425751305
108,2013-03-18,0.0015693961256602051
109,2013-03-19,-0.017932864533074522
110,2013-03-20,-0.008551735708540065
111,2013-03-21,-0.007002398852351099
112,2013-03-22,0.012355784371718137
113,2013-03-25,-0.0096567813109103
114,2013-03-26,0.0442876825364964
115,2013-03-27,-0.0010318886364539814
116,2013-03-28,
117,2013-04-01,
118,2013-04-02,-0.02997852764136999
119,2013-04-03,0.00903540560959959
120,2013-04-04,-0.016000341346440905
121,2013-04-05,0.032789770793852924
122,2013-04-08,-0.02849791871231222
123,2013-04-09,0.011179195774657646
124,2013-04-10,-0.008506112119357034
125,2013-04-11,0.0010672359604226855
126,2013-04-12,-0.018843087801479808
127,2013-04-15,-0.03034715638929164
128,2013-04-16,0.030890487019338053
129,2013-04-17,0.01616409159365606
130,2013-04-18,0.03260020638159711
131,2013-04-19,-0.0025899521706214124
132,2013-04-22,0.003624078426172961
133,2013-04-23,0.017926267029571896
134,2013-04-24,-0.007643451224884856
135,2013-04-25,-0.002048080645458139
136,2013-04-26,
137,2013-04-29,
138,2013-04-30,0.035835326595724304
139,2013-05-02,-0.040470822920991356
140,2013-05-03,0.0005160258179022215
141,2013-05-06,0.0077102412288319044
142,2013-05-07,-0.012883455042245195
143,2013-05-08,-0.030544763713142853
144,2013-05-09,-0.01400130497809382
145,2013-05-10,-0.026375265163616657
146,2013-05-13,-0.022523475935404047
147,2013-05-14,-0.003422650329892196
148,2013-05-15,-0.02020270731751994
149,2013-05-16,0.0075516476343295835
150,2013-05-17,0.009789884708746754
151,2013-05-20,0.011396077424280726
152,2013-05-21,0.015181624167478702
153,2013-05-22,0.0038986404156573506
154,2013-05-23,-0.033920777100564514
155,2013-05-24,-0.019745125783379613
156,2013-05-27,0.005264709748077134
157,2013-05-28,0.0046565861009990606
158,2013-05-29,-0.015803548104066145
159,2013-05-31,-0.030550442368225017
160,2013-06-03,0.027596171473744935
161,2013-06-04,0.0041333983895861515
162,2013-06-05,-0.03355611521661439
163,2013-06-06,-0.0006095702718464935
164,2013-06-07,-0.012270030863421155
165,2013-06-10,-0.023736341627223823
166,2013-06-11,-0.02885740478900356
167,2013-06-12,0.0019499518690793138
168,2013-06-13,0.055569912579870095
169,2013-06-14,-0.001844513223707267
170,2013-06-17,0.004910998206627326
171,2013-06-18,0.004886998119625563
172,2013-06-19,-0.025302182862218192
173,2013-06-20,0.016119381879883488
174,2013-06-21,-0.04786808019446376
175,2013-06-24,-0.03278982282299081
176,2013-06-25,0.018494582636164214
177,2013-06-26,-0.011850039917495447
178,2013-06-27,0.059143197819334414
179,2013-06-28,-0.0018744147943503542
180,2013-07-01,0.03743916851663487
181,2013-07-02,-0.015174798019235158
182,2013-07-03,0.02476719771067426
183,2013-07-04,0.0071343348721661926
184,2013-07-05,-0.027020497876926175
185,2013-07-08,-0.02091097104488515
186,2013-07-10,0.00557795062605404
187,2013-07-11,0.02261012976976362
188,2013-07-12,-0.02880977764928927
189,2013-07-15,0.016039825681036568
190,2013-07-16,0.014581060275292046
191,2013-07-17,0.036712292251791734
192,2013-07-18,0.015003051178745341
193,2013-07-19,-0.009206049437422426
194,2013-07-22,0.012636641807981963
195,2013-07-23,0.036979003241087494
196,2013-07-24,0.0021977481977355495
197,2013-07-25,0.0179498981980184
198,2013-07-26,
199,2013-07-29,
200,2013-07-30,-0.025903846447954848
201,2013-07-31,0.017709372617951136
202,2013-08-01,0.045572077329568916
203,2013-08-02,-0.01106725364551231
204,2013-08-05,-0.006913135564352135
205,2013-08-06,-0.012889544725997126
206,2013-08-07,0.033486999093965686
207,2013-08-08,0.011434688297546458
208,2013-08-09,0.005154702002544642
209,2013-08-12,0.006661515624028613
210,2013-08-13,-0.014403593004997273
211,2013-08-14,-0.001555561671092054
212,2013-08-15,-0.010433062813947291
213,2013-08-16,0.05508786878036398
214,2013-08-19,0.05362308452111009
215,2013-08-20,-0.01421156117088529
216,2013-08-21,-0.0009545585450347893
217,2013-08-22,0.028714516948161517
218,2013-08-23,-0.017318429972782656
219,2013-08-26,0.0
220,2013-08-27,-0.007107302907535917
221,2013-08-28,0.004743747036162649
222,2013-08-29,0.0066038449102583385
223,2013-08-30,-0.004712544065371915
224,2013-09-02,0.031158065729930406
225,2013-09-03,-0.020352228848898424
226,2013-09-04,0.014842526997412175
227,2013-09-05,-0.029908725352056464
228,2013-09-06,-0.004278589840619684
229,2013-09-09,0.03464766043579637
230,2013-09-10,0.01461876227304204
231,2013-09-11,-0.009569405664676012
232,2013-09-12,-0.005509701851486248
233,2013-09-13,0.003217745823920648
234,2013-09-16,-0.014794629535068715
235,2013-09-17,-0.01738352483204908
236,2013-09-18,0.0023668650102659505
237,2013-09-19,-0.011890746521521667
238,2013-09-20,-0.009615410390264145
239,2013-09-23,0.014388689142922129
240,2013-09-24,-0.0023837436225804254
241,2013-09-25,0.007134346381178158
242,2013-09-26,0.014117881545784972
243,2013-09-27,0.0037313476128582046
244,2013-09-30,-0.015009662650565136
245,2013-10-01,-0.0161985438032759
246,2013-10-02,0.019501212528342027
247,2013-10-03,-0.012799463972248404
248,2013-10-04,0.027759958403126728
249,2013-10-07,0.010157105100412789
250,2013-10-08,-0.0004594532587138822
251,2013-10-09,0.00869376309152381
252,2013-10-10,-0.006857261155783334
253,2013-10-11,0.0320497309951584
254,2013-10-14,0.008845657165359455
255,2013-10-15,0.001759833312958925
256,2013-10-16,0.007444746449579487
257,2013-10-17,-0.04643695999659858
258,2013-10-18,-0.01659019655635685
259,2013-10-21,0.022059718064732614
260,2013-10-22,0.016231239651300466
261,2013-10-23,-0.015322561715082728
262,2013-10-24,-0.010041207371051186
263,2013-10-25,-0.013856988789865632
264,2013-10-28,0.011100946559446268
265,2013-10-29,-0.015762959665257537
266,2013-10-30,0.017141953218650308
267,2013-10-31,0.05147701660008286
268,2013-11-01,0.0185870922683673
269,2013-11-04,-0.015972711694296482
270,2013-11-05,-0.011378722581744771
271,2013-11-06,0.006143152272330532
272,2013-11-07,-0.007023733570976187
273,2013-11-08,0.0035180333769724292
274,2013-11-11,0.007870525980166132
275,2013-11-12,-0.012270049037806707
276,2013-11-13,-0.00044101434011345475
277,2013-11-14,0.01662326153927074
278,2013-11-18,0.023157167360875253
279,2013-11-19,-0.01710169903010872
280,2013-11-21,-0.002158515839157271
281,2013-11-22,-0.012173976439122214
282,2013-11-25,-0.026148220841919034
283,2013-11-26,-0.0017977532931712226
284,2013-11-27,0.021802821862759725
285,2013-11-28,-0.0017620709793138012
286,2013-11-29,0.000881489680668146
287,2013-12-02,-0.0053004098187035
288,2013-12-03,-0.012477925098492992
289,2013-12-04,0.0
290,2013-12-05,0.0274232582235161
291,2013-12-06,-0.0056880047100524855
292,2013-12-09,0.0
293,2013-12-10,0.01307773622991748
294,2013-12-11,-0.01747528050237568
295,2013-12-12,-0.018234882921642548
296,2013-12-13,-0.005851963451241282
297,2013-12-16,0.014788528534345868
298,2013-12-17,0.007533826903552754
299,2013-12-18,0.02053823512772812
300,2013-12-19,0.02898745160385019
301,2013-12-20,-0.008015145208266183
302,2013-12-23,0.0016927214855866346
303,2013-12-26,-0.010199833435122319
304,2013-12-27,-0.004709963849620635
305,2013-12-30,0.004282704710456997
306,2014-01-02,-0.01941804228411792
307,2014-01-03,-0.00963234221508591
308,2014-01-06,-0.0017612950004237682
309,2014-01-07,-0.006189321261239833
310,2014-01-08,-0.0022197123924141415
311,2014-01-09,-0.008928675587351442
312,2014-01-10,0.013363272655217528
313,2014-01-13,-0.021015797402811565
314,2014-01-14,-0.01594194545693295
315,2014-01-15,0.010958967876038006
316,2014-01-16,0.0027210901143606137
317,2014-01-17,-0.011387050847042168
318,2014-01-20,-0.013837812738763056
319,2014-01-21,-0.019226851636544584
320,2014-01-22,0.015970184417684052
321,2014-01-23,-0.013605605457454928
322,2014-01-24,0.006591314037425189
323,2014-01-27,-0.022782143911318276
324,2014-01-28,0.0
325,2014-01-29,0.019962640097545226
326,2014-01-30,-0.00518996223202528
327,2014-01-31,0.013158131881202184
328,2014-02-03,-0.044876264848295655
329,2014-02-04,0.0004881620795011976
330,2014-02-05,-0.011782168698259987
331,2014-02-06,0.02583624024172737
332,2014-02-07,0.02048168763474223
333,2014-02-10,-0.040900480630783775
334,2014-02-11,0.009288651482207921
335,2014-02-12,-0.031136640123989867
336,2014-02-13,0.0035078963558565768
337,2014-02-14,0.0034955841710306856
338,2014-02-17,-0.01963310028237153
339,2014-02-18,-0.05324848631114332
340,2014-02-19,0.022794519930315893
341,2014-02-20,0.004184106522573838
342,2014-02-21,-0.03343367827890642
343,2014-02-24,0.027675954815462145
344,2014-02-25,-0.01747463144862893
345,2014-02-26,-0.01724175301570119
346,2014-02-27,-0.005449659412374963
347,2014-02-28,-0.021541789129944533
348,2014-03-05,-0.012925158863123176
349,2014-03-06,-0.006810525950136537
350,2014-03-07,-0.022459856349976715
351,2014-03-10,-0.028953277978783554
352,2014-03-11,0.0011983823723467069
353,2014-03-12,0.02132770414393681
354,2014-03-13,-0.023125786684181193
355,2014-03-14,0.021365856631798685
356,2014-03-17,-0.0070713904840125075
357,2014-03-18,0.017004279048451476
358,2014-03-19,-0.0005815643908273493
359,2014-03-20,-0.015240681423069002
360,2014-03-21,0.02335190758247041
361,2014-03-24,-0.003468211568927515
362,2014-03-25,0.004621614234281424
363,2014-03-26,-0.016856022945984428
364,2014-03-27,0.0023419800617303643
365,2014-03-28,0.003502630551202035
366,2014-03-31,0.014463659720281186
367,2014-04-01,-0.01796629027148322
368,2014-04-02,0.024264621999630975
369,2014-04-03,-0.0017137964777349524
370,2014-04-04,-0.030182268711896665
371,2014-04-07,-0.0047253487055378685
372,2014-04-08,0.0029560766427079166
373,2014-04-09,-0.01426896895283658
374,2014-04-10,-0.010837011210115044
375,2014-04-11,-0.004246230091179637
376,2014-04-14,0.0054562120533829805
377,2014-04-15,-0.03319302781525435
378,2014-04-16,0.014888612493750841
379,2014-04-17,0.041019019444545446
380,2014-04-22,-0.02877890372279479
381,2014-04-23,0.0030366861162249847
382,2014-04-24,-0.001213653098414813
383,2014-04-25,-0.004259148642939969
384,2014-04-28,0.003651799665427724
385,2014-04-29,-0.004872117120720443
386,2014-04-30,-0.012903343785844346
387,2014-05-02,0.04711021923449188
388,2014-05-05,-0.002954270894480082
389,2014-05-06,0.008836523149470032
390,2014-05-07,0.03741455099845936
391,2014-05-08,-0.011935407046446578
392,2014-05-09,-0.0034364294985809174
393,2014-05-12,0.015371836545027495
394,2014-05-13,-0.005665794032850613
395,2014-05-14,-0.025900728432157738
396,2014-05-15,0.016194685919980856
397,2014-05-16,-0.0028727972320847783
398,2014-05-19,-0.016826565172345376
399,2014-05-20,-0.026684121830592655
400,2014-05-21,-0.01574835792204654
401,2014-05-22,0.01874878021499926
402,2014-05-23,-0.01691889248786005
403,2014-05-26,0.011511790260498422
404,2014-05-27,0.014947961435872958
405,2014-05-28,-0.005952398527295344
406,2014-05-29,0.004764749931639223
407,2014-05-30,-0.03138465288187264
408,2014-06-02,0.011582025585692879
409,2014-06-03,0.029852963149681333
410,2014-06-04,-0.008862687257845447
411,2014-06-05,-0.01374380720259838
412,2014-06-06,0.010176681052936676
413,2014-06-09,0.02179756341110739
414,2014-06-10,0.0011648224962930165
415,2014-06-11,-0.018801904670420644
416,2014-06-13,-0.025226561430406136
417,2014-06-16,-0.0036564330804225165
418,2014-06-17,0.007299363531674707
419,2014-06-18,0.026317367349248943
420,2014-06-20,-0.011876683194454785
421,2014-06-23,-0.002392285758381796
422,2014-06-24,0.011312892310128664
423,2014-06-25,-0.02578853711749529
424,2014-06-26,-0.021492875233453113
425,2014-06-27,-0.03216934500663626
426,2014-06-30,0.0019212301778939178
427,2014-07-01,0.0006395906837801668
428,2014-07-02,0.02774452863365484
429,2014-07-03,0.030017567687651514
430,2014-07-04,0.0036144016340715623
431,2014-07-07,0.015513438540532665
432,2014-07-08,-0.0023710148147051413
433,2014-07-10,-0.008343374035474582
434,2014-07-11,-0.0011974851730367497
435,2014-07-14,0.023098390770564414
436,2014-07-15,0.01913656541967379
437,2014-07-16,-0.01796629027148322
438,2014-07-17,-0.02247291566067311
439,2014-07-18,-0.019324213017788416
440,2014-07-21,-0.004889985294191934
441,2014-07-22,-0.00923367594694513
442,2014-07-23,0.010458415842840907
443,2014-07-24,0.026571671201957248
444,2014-07-25,-0.0005961847986966085
445,2014-07-28,0.004165432979063244
446,2014-07-29,-0.008947211224321183
447,2014-07-30,-0.03350919670592711
448,2014-07-31,0.0
449,2014-08-01,-0.01813110056064282
450,2014-08-04,0.015028460681002276
451,2014-08-05,-0.011250118654596353
452,2014-08-06,0.016209831239320405
453,2014-08-07,-0.014953549667058752
454,2014-08-08,0.011236135340170428
455,2014-08-11,-0.013121150035941387
456,2014-08-12,-0.006309169193265074
457,2014-08-13,-0.032157111634531166
458,2014-08-14,-0.01117330059812538
459,2014-08-15,0.0026402655601764913
460,2014-08-18,-0.011269592258230876
461,2014-08-19,0.02696644822981442
462,2014-08-20,0.008400695607476916
463,2014-08-21,0.009606221805439574
464,2014-08-22,0.00571974867278735
465,2014-08-25,0.021317483695491468
466,2014-08-26,0.012330550422741116
467,2014-08-27,0.0
468,2014-08-28,-0.039367782791019934
469,2014-08-29,0.014552613671296122
470,2014-09-01,-0.02738152598745991
471,2014-09-02,0.029890937592885525
472,2014-09-03,0.019237329209283782
473,2014-09-04,0.024287775531756317
474,2014-09-05,-0.023059212761396886
475,2014-09-08,-0.02927652166179806
476,2014-09-09,-0.024961295964438523
477,2014-09-10,-0.02161892255419051
478,2014-09-11,-0.016021704531265613
479,2014-09-12,0.003359089487033895
480,2014-09-15,0.008681189745046503
481,2014-09-16,-0.0019966728763232133
482,2014-09-17,0.009283886310007983
483,2014-09-18,0.004609820478161275
484,2014-09-19,-0.001314924581309107
485,2014-09-22,-0.025992799572523317
486,2014-09-23,0.00538721841621026
487,2014-09-24,0.004021453140778064
488,2014-09-25,0.0013368985948414291
489,2014-09-26,-0.020925501973031668
490,2014-09-29,-0.024863159192643813
491,2014-09-30,-0.010544913176614656
492,2014-10-01,-0.005669752962949026
493,2014-10-02,0.02872351583127264
494,2014-10-03,-0.002073972399129431
495,2014-10-06,0.015110177596449503
496,2014-10-07,-0.013727051511498
497,2014-10-08,-0.006239188350491975
498,2014-10-09,-0.026781022677642152
499,2014-10-10,-0.04754094476900006
500,2014-10-13,0.02002291587510774
501,2014-10-14,0.024656796612860354
502,2014-10-15,-0.008633147144702757
503,2014-10-16,-0.020438667677274314
504,2014-10-17,0.006615239118719529
505,2014-10-20,-0.017738824337381942
506,2014-10-21,-0.0037355291850871275
507,2014-10-22,0.0052258424266464765
508,2014-10-23,0.03439782960149973
509,2014-10-24,0.00788252021226965
510,2014-10-27,-0.03930636992664294
511,2014-10-28,-0.0029739798871264433
512,2014-10-29,-0.01576017611160596
513,2014-10-30,-0.024503523055913856
514,2014-10-31,0.03802739558923918
515,2014-11-03,-0.004487666469387808
516,2014-11-04,0.036795909702045826
517,2014-11-05,-0.006524126076943304
518,2014-11-06,-0.0131773502658028
519,2014-11-07,0.0225874812318807
520,2014-11-10,-0.01670943344768938
521,2014-11-11,-0.0237223874403516
522,2014-11-12,-0.002253098962909039
523,2014-11-13,-0.02281467776617152
524,2014-11-14,0.012232568435634583
525,2014-11-17,-0.04269177592034312
526,2014-11-18,-0.020834086902842053
527,2014-11-19,0.006456842448633537
528,2014-11-21,0.030113210386023326
529,2014-11-24,0.029990713683682113
530,2014-11-25,-0.0045558165358605685
531,2014-11-26,-0.04833364738451218
532,2014-11-27,0.006369448285479695
533,2014-11-28,0.023530497410194418
534,2014-12-01,-0.07232066157962613
535,2014-12-02,-0.007528266420791407
536,2014-12-03,0.01417280913945973
537,2014-12-04,-0.015012792389184959
538,2014-12-05,0.004192878260036004
539,2014-12-08,-0.038384243008315444
540,2014-12-09,-0.04354308463461587
541,2014-12-10,-0.011877709306791662
542,2014-12-11,-0.030800381505721397
543,2014-12-12,-0.06561334816229891
544,2014-12-15,-0.030834919777007475
545,2014-12-16,0.061729255251864235
546,2014-12-17,0.035666431043482216
547,2014-12-18,0.02061928720273576
548,2014-12-19,0.05767363874701292
549,2014-12-22,-0.043854902039417
550,2014-12-23,0.04297886168553733
551,2014-12-26,-0.036594891075613756
552,2014-12-29,0.027792017329658414
553,2014-12-30,-0.01424779222190109
554,2015-01-02,-0.030043224487792397
555,2015-01-05,-0.04828197538946677
556,2015-01-06,0.09345677474616787
557,2015-01-07,0.0707580970115207
558,2015-01-08,-0.03432735538660703
559,2015-01-09,-0.055156210748411816
560,2015-01-12,-0.02644933023320295
561,2015-01-13,-0.023376473536189213
562,2015-01-14,-0.03563207959192116
563,2015-01-15,0.011696039763191557
564,2015-01-16,0.04082199452025481
565,2015-01-19,-0.03309994842634456
566,2015-01-20,0.004796172263493048
567,2015-01-21,-0.0028749420855991303
568,2015-01-22,-0.04615448515471954
569,2015-01-23,-0.035809452696710764
570,2015-01-26,-0.00104220957844392
571,2015-01-27,-0.012591981697359866
572,2015-01-28,-0.017039815909011047
573,2015-01-29,0.04309652718337187
574,2015-01-30,0.014300550142196222
575,2015-02-02,0.03879153696987325
576,2015-02-03,0.03828218657101701
577,2015-02-04,-0.03050760902388694
578,2015-02-05,0.010592299322945475
579,2015-02-06,0.006682602434366913
580,2015-02-09,0.038268785427899576
581,2015-02-10,-0.06624938554120074
582,2015-02-11,0.04683129968409894
583,2015-02-12,-0.028411001832779892
584,2015-02-13,0.04691291721810176
585,2015-02-18,0.012750628118782803
586,2015-02-19,-0.012750628118782803
587,2015-02-20,0.012750628118782803
588,2015-02-23,-0.025665936795464805
589,2015-02-24,0.0037071404828195043
590,2015-02-25,0.015603804430267765
591,2015-02-26,0.013568729206069108
592,2015-02-27,0.0017953326186743723
593,2015-03-02,-0.04587960575069383
594,2015-03-03,0.03415191156933428
595,2015-03-04,0.04089458716665195
596,2015-03-05,0.02409755157906046
597,2015-03-06,0.009310266151095536
598,2015-03-09,0.01089244116642396
599,2015-03-10,-0.029600469776290605
600,2015-03-11,0.01786521355786963
601,2015-03-12,-0.012728215959953548
602,2015-03-13,0.0017064850557582112
603,2015-03-16,-0.018065007397638944
604,2015-03-17,0.03329372809946385
605,2015-03-18,0.03140754021073455
606,2015-03-19,-0.017234731071274823
607,2015-03-20,0.005777977279888713
608,2015-03-23,-0.003297612221556445
609,2015-03-24,-0.02677984301572156
610,2015-03-25,0.01932021455778221
611,2015-03-26,-0.04422489373785732
612,2015-03-27,-0.08622117544712893
613,2015-03-30,0.04539918092687367
614,2015-03-31,-0.026619286275277432
615,2015-04-01,0.025713078691739444
616,2015-04-02,-0.02292626778455986
617,2015-04-06,0.0
618,2015-04-07,-0.007448824012990851
619,2015-04-08,-0.018868484304382704
620,2015-04-09,-0.0038167985267008042
621,2015-04-10,-0.008641436395341096
622,2015-04-13,0.001926782869700272
623,2015-04-14,0.021895210702656875
624,2015-04-15,0.024187225614003882
625,2015-04-16,-0.05672598140077767
626,2015-04-17,-0.037665502886474744
627,2015-04-20,0.005037794029957077
628,2015-04-22,0.026774033605057035
629,2015-04-23,0.03367321510658794
630,2015-04-24,-0.012375217427653684
631,2015-04-27,-0.0612234600881183
632,2015-04-28,0.01515946160737247
633,2015-04-29,-0.02026411791905547
634,2015-04-30,0.0030659196218350004
635,2015-05-04,0.05266989745502082
636,2015-05-05,0.006753523015779805
637,2015-05-06,-0.025317807984289953
638,2015-05-07,-0.03410561248651067
639,2015-05-08,0.035091319811269894
640,2015-05-11,0.010779134254827127
641,2015-05-12,-0.03976667112807952
642,2015-05-13,-0.05847176845533353
643,2015-05-14,-0.02835522575512517
644,2015-05-15,0.01318700428195374
645,2015-05-18,-0.03895873873795086
646,2015-05-19,-0.031126432147609684
647,2015-05-20,-0.016529301951210496
648,2015-05-21,0.017699577099401065
649,2015-05-22,-0.04668711397265346
650,2015-05-25,0.006108754488321377
651,2015-05-26,-0.03975678860655396
652,2015-05-27,0.008832864998508771
653,2015-05-28,-0.006301218076729231
654,2015-05-29,-0.01400404808401623
655,2015-06-01,0.05122918976879065
656,2015-06-02,0.010902591338215473
657,2015-06-03,-0.0036210057669525675
658,2015-06-05,-0.047038374177816866
659,2015-06-08,-0.01790329149252745
660,2015-06-09,-0.012987195526811046
661,2015-06-10,-0.019802627296179764
662,2015-06-11,0.025017762975287905
663,2015-06-12,-0.027687991531166745
664,2015-06-15,-0.010752791776261539
665,2015-06-16,
666,2015-06-17,
667,2015-06-18,0.02114243657380932
668,2015-06-19,
669,2015-06-22,
670,2015-06-23,-0.012977831748714141
671,2015-06-24,-0.030953097477012914
672,2015-06-25,-0.012048338516174484
673,2015-06-26,0.01950549462425677
674,2015-06-29,-0.010455659104338766
675,2015-06-30,-0.05081924839621288
676,2015-07-01,-0.05354076692802989
677,2015-07-02,-0.03390155167568132
678,2015-07-03,-0.040462863613180966
679,2015-07-06,0.007155665595412364
680,2015-07-07,-0.0216224640131657
681,2015-07-08,-0.031454952167886185
682,2015-07-10,-0.06203539091945287
683,2015-07-13,0.04114194333117527
684,2015-07-14,-0.10728174583572025
685,2015-07-15,-0.03037109787629877
686,2015-07-16,0.026088436084298117
687,2015-07-17,-0.05741090721333908
688,2015-07-20,-0.09281329960573781
689,2015-07-21,-0.027814688182877134
690,2015-07-22,-0.08841095734405302
691,2015-07-23,0.03576722385863129
692,2015-07-24,-0.016349138001529484
693,2015-07-27,-0.06234313057413554
694,2015-07-28,0.042925044717033733
695,2015-07-29,-0.008438868645864517
696,2015-07-30,-0.05815592015707405
697,2015-07-31,0.05815592015707405
698,2015-08-03,0.011236073266925883
699,2015-08-04,0.10088122485378026
700,2015-08-05,0.04445176257083361
701,2015-08-06,-0.059719234701622215
702,2015-08-07,-0.04189094170915997
703,2015-08-10,
704,2015-08-11,
705,2015-08-12,-0.0028208763416412985
706,2015-08-13,-0.03448617607116922
707,2015-08-14,
708,2015-08-17,
709,2015-08-18,-0.037041271680348986
710,2015-08-19,-0.02547908530098497
711,2015-08-20,0.0
712,2015-08-21,-0.04284015867649238
713,2015-08-24,-0.1292117314800062
714,2015-08-25,-0.05513207069471615
715,2015-08-26,0.08159864388287952
716,2015-08-27,0.1455853169683352
717,2015-08-28,0.0032206147000422014
718,2015-08-31,-0.032682647430358536
719,2015-09-01,0.029462032730316334
720,2015-09-02,0.12136085700426746
721,2015-09-03,0.011363758650315026
722,2015-09-04,0.0
723,2015-09-08,0.04420609250449581
724,2015-09-09,-0.008141157583700043
725,2015-09-10,0.05306284497521152
726,2015-09-11,-0.0025873235649509496
727,2015-09-14,-0.06419315763905975
728,2015-09-15,0.005509655810969738
729,2015-09-16,0.024424552007074718
730,2015-09-17,-0.005376357036380286
731,2015-09-18,
732,2015-09-21,
733,2015-09-22,
734,2015-09-23,-0.04070329311350385
735,2015-09-24,0.008862687257845225
736,2015-09-25,
737,2015-09-28,
738,2015-09-29,-0.028710105882431503
739,2015-09-30,-0.056587474629463674
740,2015-10-01,
741,2015-10-02,
742,2015-10-05,
743,2015-10-06,
744,2015-10-07,
745,2015-10-08,
746,2015-10-09,-0.038071947949407825
747,2015-10-13,0.0
748,2015-10-14,-0.10370351445019677
749,2015-10-15,0.0
750,2015-10-16,
751,2015-10-19,
752,2015-10-20,
753,2015-10-21,
754,2015-10-22,
755,2015-10-23,
756,2015-10-26,-0.014285957247476722
757,2015-10-27,
758,2015-10-28,
759,2015-10-29,
760,2015-10-30,
761,2015-11-03,0.07767303831821815
762,2015-11-04,-0.03623584845404493
763,2015-11-05,0.0
764,2015-11-06,-0.03759841355700755
765,2015-11-09,0.0076336248550711305
766,2015-11-10,-0.030890487019338386
767,2015-11-11,0.019418085857101586
768,2015-11-12,-0.059423420470800625
769,2015-11-13,-0.004089985251525263
770,2015-11-16,-0.0634462217389622
771,2015-11-17,-0.09138775158942869
772,2015-11-18,-0.014458083175229786
773,2015-11-19,-0.004866189651173025
774,2015-11-23,-0.086568016308459
775,2015-11-24,0.026248226074936376
776,2015-11-25,0.025576841789649696
777,2015-11-26,0.010050335853501458
778,2015-11-27,-0.010050335853501458
779,2015-11-30,0.0
780,2015-12-01,-0.030771658666753687
781,2015-12-02,-0.03174869831458016
782,2015-12-03,0.021277398447284712
783,2015-12-04,-0.09373247766270709
784,2015-12-07,-0.041303806141235744
785,2015-12-08,-0.06213178110700612
786,2015-12-09,0.012739025777429747
787,2015-12-10,-0.019169916107720175
788,2015-12-11,-0.0666913744986723
789,2015-12-14,-0.027973852042406155
790,2015-12-15,0.014084739881739028
791,2015-12-16,0.013889112160667128
792,2015-12-17,0.006872879287762035
793,2015-12-18,0.053345980705292784
794,2015-12-21,-0.013072081567352789
795,2015-12-22,0.03236528450203169
796,2015-12-23,0.05574198300823513
797,2015-12-28,0.0
798,2015-12-29,-0.006042314455962705
799,2015-12-30,0.006042314455962705
800,2016-01-04,-0.036813973122716226
801,2016-01-05,-0.08474122845509074
802,2016-01-06,-0.13840232285911908
803,2016-01-07,-0.06453852113757122
804,2016-01-08,0.04082199452025517
805,2016-01-11,-0.024292692569044594
806,2016-01-12,-0.03333642026759184
807,2016-01-13,-0.07933674223652092
808,2016-01-14,0.027150989065950856
809,2016-01-15,-0.018018505502678334
810,2016-01-18,0.0
811,2016-01-19,-0.04652001563489289
812,2016-01-20,-0.019231361927887613
813,2016-01-21,-0.039609138095045876
814,2016-01-22,0.0
815,2016-01-26,-0.020408871631207123
816,2016-01-27,0.020408871631207123
817,2016-01-28,0.0
818,2016-01-29,0.039609138095045876
819,2016-02-01,0.1102031401336142
820,2016-02-02,0.008658062743114592
821,2016-02-03,0.01709443335930011
822,2016-02-04,0.09684982598991773
823,2016-02-05,0.07410797215372183
824,2016-02-10,0.062303883336154886
825,2016-02-11,-0.16766439899398114
826,2016-02-12,0.023530497410194112
827,2016-02-15,0.007722046093910306
828,2016-02-16,0.07410797215372183
829,2016-02-17,0.028170876966696345
830,2016-02-18,-0.049832373747875636
831,2016-02-19,0.014493007302566696
832,2016-02-22,0.02135312447056903
833,2016-02-23,-0.05055227916283117
834,2016-02-24,-0.045462374076757406
835,2016-02-25,-0.11488027599842213
836,2016-02-26,0.0
837,2016-02-29,0.05085841723349108
838,2016-03-01,0.03252319170556006
839,2016-03-02,0.0
840,2016-03-03,0.14149956227369948
841,2016-03-04,0.14217448878054262
842,2016-03-07,0.041303806141235744
843,2016-03-08,0.011494379425735057
844,2016-03-09,0.0663226429310727
845,2016-03-10,0.13952941127307605
846,2016-03-11,-0.04276185933808163
847,2016-03-14,-0.02457126073050553
848,2016-03-15,-0.20955470725231334
849,2016-03-16,0.07673379423138954
850,2016-03-17,0.10763066419236533
851,2016-03-18,0.07847161544149539
852,2016-03-21,-0.02386748140664352
853,2016-03-22,0.03791923486229376
854,2016-03-23,-0.08743429938967429
855,2016-03-24,0.0543343509633295
856,2016-03-28,0.05608946665104364
857,2016-03-29,0.01801850550267825
858,2016-03-30,0.08552217343816193
859,2016-03-31,0.0
860,2016-04-01,0.028284713838582
861,2016-04-04,-0.04065600564112881
862,2016-04-05,-0.008333381559144315
863,2016-04-06,-0.025425098365810084
864,2016-04-07,-0.048361071693421076
865,2016-04-08,0.10265415406008327
866,2016-04-11,0.016129381929883668
867,2016-04-12,0.05069311431551804
868,2016-04-13,0.12493945432763987
869,2016-04-14,-0.12493945432763987
870,2016-04-15,0.08033514809088604
871,2016-04-18,-0.03208831455150074
872,2016-04-19,0.04948005726336979
873,2016-04-20,0.017094433359300165
874,2016-04-22,-0.006802747322752323
875,2016-04-25,-0.07070081383210769
876,2016-04-26,0.018149318505677137
877,2016-04-27,0.05255149532643055
878,2016-04-28,-0.02069039325744626
879,2016-04-29,0.013841051411871419
880,2016-05-02,-0.03141619623337899
881,2016-05-03,-0.0697530387603491
882,2016-05-04,0.040974074210305744
883,2016-05-05,-0.029631797606371135
884,2016-05-06,0.022305757514298197
885,2016-05-09,-0.045120435280469606
886,2016-05-10,0.030305349495329037
887,2016-05-11,0.01848481467410301
888,2016-05-12,-0.01848481467410301
889,2016-05-13,-0.06952606264861028
890,2016-05-16,-0.07904320734045289
891,2016-05-17,-0.05334598070529284
892,2016-05-18,-0.00917437627604123
893,2016-05-19,-0.047178560275090486
894,2016-05-20,0.02386748140664352
895,2016-05-23,-0.03357629553360442
896,2016-05-24,-0.024692612590371477
897,2016-05-25,0.024692612590371477
898,2016-05-27,-0.034742948443872934
899,2016-05-30,-0.02040887163120708
900,2016-05-31,-0.005167970158442614
901,2016-06-01,0.010309369658861312
902,2016-06-02,0.030305349495328815
903,2016-06-03,0.06733312006858716
904,2016-06-06,0.03203935374461675
905,2016-06-07,-0.022780028331820024
906,2016-06-08,0.06684001812585039
907,2016-06-09,-0.06224230887722082
908,2016-06-10,-0.06148508365068095
909,2016-06-13,-0.034742948443872934
910,2016-06-14,-0.030771658666753687
911,2016-06-15,0.055710607014005764
912,2016-06-16,-0.01488861249375062
913,2016-06-17,0.004987541511038973
914,2016-06-20,-0.004987541511038973
915,2016-06-21,-0.015113637810048153
916,2016-06-22,0.02506396866321625
917,2016-06-23,0.08080403241529599
918,2016-06-24,-0.06606175067809261
919,2016-06-27,-0.024692612590371477
920,2016-06-28,
921,2016-06-29,
922,2016-06-30,-0.01488861249375062
923,2016-07-01,0.03440142671733237
924,2016-07-04,0.01913934021069741
925,2016-07-05,-0.04359043607486168
926,2016-07-06,0.024451095864164274
927,2016-07-07,-0.024451095864164274
928,2016-07-08,0.009852296443011666
929,2016-07-11,0.03373813963185002
930,2016-07-12,0.06867686579621934
931,2016-07-13,0.021882711249507802
932,2016-07-14,0.012903404835907795
933,2016-07-15,0.0377403279828471
934,2016-07-18,0.06376661835898922
935,2016-07-19,-0.03137512256775388
936,2016-07-20,-0.024194728587056735
937,2016-07-21,0.020202707317519386
938,2016-07-22,0.03922071315328124
939,2016-07-25,0.007662872745569205
940,2016-07-26,0.015151805020602205
941,2016-07-27,0.044124804908937776
942,2016-07-28,-0.018149318505677137
943,2016-07-29,-0.0036697288889624424
944,2016-08-01,0.03255260303774854
945,2016-08-02,-0.05485836055204674
946,2016-08-03,0.07249550203815347
947,2016-08-04,0.02758795651882906
948,2016-08-05,0.04000533461369904
949,2016-08-08,-0.04683129968409894
950,2016-08-09,0.020339684237122624
951,2016-08-10,0.029754261081792688
952,2016-08-11,0.03834335519764753
953,2016-08-12,0.003129893008927631
954,2016-08-15,0.11778303565638337
955,2016-08-16,0.011049836186585171
956,2016-08-17,0.07410797215372167
957,2016-08-18,0.0
958,2016-08-19,0.020202707317519497
959,2016-08-22,-0.05392834202555563
960,2016-08-23,0.020888487947355427
961,2016-08-24,-0.06954673469690076
962,2016-08-25,0.0027662534928900584
963,2016-08-26,0.01371763622879918
964,2016-08-29,0.008141157583700043
965,2016-08-30,0.002699056969164948
966,2016-08-31,0.0
967,2016-09-01,-0.02732410427455423
968,2016-09-02,0.07726878079081101
969,2016-09-05,0.005115100666770456
970,2016-09-06,0.020202707317519497
971,2016-09-08,0.041621674690819566
972,2016-09-09,-0.054200456897679494
973,2016-09-12,0.04939275532957632
974,2016-09-13,-0.08810726751026698
975,2016-09-14,-0.00792606527242068
976,2016-09-15,0.018397365139716237
977,2016-09-16,-0.029064132943911414
978,2016-09-19,-0.005376357036380286
979,2016-09-20,-0.05826890812397578
980,2016-09-21,0.052863489557067656
981,2016-09-22,-0.0219186857076461
982,2016-09-23,0.005524875931969708
983,2016-09-26,-0.025105921131076236
984,2016-09-27,-0.03741443585025772
985,2016-09-28,0.03741443585025772
986,2016-09-29,-0.028655255760376086
987,2016-09-30,-0.0029112102074584367
988,2016-10-03,0.028737609767356842
989,2016-10-04,-0.014265577158822484
990,2016-10-05,0.03667547855840669
991,2016-10-06,0.03804806763752988
992,2016-10-07,0.028911343494419928
993,2016-10-10,0.0025873235649509496
994,2016-10-11,-0.01825344030935039
995,2016-10-13,-0.021277398447284712
996,2016-10-14,0.021277398447284712
997,2016-10-17,0.010471299867295558
998,2016-10-18,0.04580953603129401
999,2016-10-19,0.0074349784875182845
1000,2016-10-20,0.024391453124159135
1001,2016-10-21,0.06529124981443735
1002,2016-10-24,0.03982827295151292
1003,2016-10-25,-0.006528858882463684
1004,2016-10-26,-0.006571765163234433
1005,2016-10-27,0.017429635135283617
1006,2016-10-28,0.029789436802106994
1007,2016-10-31,-0.004201686853699815
1008,2016-11-01,-0.043017385083690796
1009,2016-11-03,-0.006615239118719307
1010,2016-11-04,-0.026907452919924246
1011,2016-11-07,0.08701137698962969
1012,2016-11-08,0.0
1013,2016-11-09,0.03681397312271639
1014,2016-11-10,0.02772454801485469
1015,2016-11-11,-0.05211600113901382
1016,2016-11-14,0.0714589639821448
1017,2016-11-16,-0.0632621967779663
1018,2016-11-17,0.010152371464017929
1019,2016-11-18,0.01801850550267825
1020,2016-11-21,0.031252543504104446
1021,2016-11-22,0.03588675933352414
1022,2016-11-23,0.07675487682244064
1023,2016-11-24,0.005141399500418586
1024,2016-11-25,0.023649750883593113
1025,2016-11-28,0.04727856835274924
1026,2016-11-29,-0.037311708437357316
1027,2016-11-30,-0.03532747520261448
1028,2016-12-01,-0.07833184326990672
1029,2016-12-02,0.021978906718775004
1030,2016-12-05,0.012601426878003918
1031,2016-12-06,0.005352376738591902
1032,2016-12-07,0.026340416614408557
1033,2016-12-08,0.01034491984239283
1034,2016-12-09,-0.051022499603208704
1035,2016-12-12,-0.09260625747192397
1036,2016-12-13,-0.04040953833787664
1037,2016-12-14,-0.0726815514348047
1038,2016-12-15,0.08497678829184219
1039,2016-12-16,-0.07176073690031592
1040,2016-12-19,-0.024364438874140637
1041,2016-12-20,0.028731258040481045
1042,2016-12-21,0.023682484643559265
1043,2016-12-22,-0.041265355201425935
1044,2016-12-23,0.006629858538669486
1045,2016-12-26,0.017467693040390975
1046,2016-12-27,0.04030237902402223
1047,2016-12-28,-0.008350779217420001
1048,2016-12-29,0.006269613013595521
1049,2017-01-02,-0.01257878220686015
1050,2017-01-03,0.03319806940959591
1051,2017-01-04,0.010152371464017929
1052,2017-01-05,0.04734612059719834
1053,2017-01-06,0.0
1054,2017-01-09,0.007677580899034364
1055,2017-01-10,0.011406967793376355
1056,2017-01-11,0.04797968188813506
1057,2017-01-12,0.005390848634876599
1058,2017-01-13,0.008920665758379354
1059,2017-01-16,0.028022849433304797
1060,2017-01-17,0.003448279278915889
1061,2017-01-18,-0.01038071605456059
1062,2017-01-19,-0.046271599287819765
1063,2017-01-20,0.003636367643383709
1064,2017-01-23,0.04437285154297688
1065,2017-01-24,-0.013986241974740077
1066,2017-01-26,-0.014184634991956324
1067,2017-01-27,0.02643325706815558
1068,2017-01-30,-0.053584246134106284
1069,2017-01-31,0.030716055230446848
1070,2017-02-01,0.024605810802200256
1071,2017-02-02,0.003466207976486224
1072,2017-02-03,-0.005203827875027045
1073,2017-02-06,-0.022868190903659436
1074,2017-02-07,-0.010733555643108739
1075,2017-02-08,-0.01266985274105159
1076,2017-02-09,-0.003649639087549561
1077,2017-02-10,0.032376928724459964
1078,2017-02-13,0.01056347850956918
1079,2017-02-14,-0.01056347850956918
1080,2017-02-15,0.031361455204051314
1081,2017-02-16,0.022053480714857354
1082,2017-02-17,-0.015215847237253222
1083,2017-02-20,0.018565934122535266
1084,2017-02-21,0.019868203216725
1085,2017-02-22,-0.03503277351577028
1086,2017-02-23,-0.031036973995576256
1087,2017-02-24,0.02593057992100234
1088,2017-03-01,0.02527514495819494
1089,2017-03-02,-0.016778917129109283
1090,2017-03-03,0.03000225030379866
1091,2017-03-06,0.02912827292302378
1092,2017-03-07,0.036025822256761986
1093,2017-03-08,-0.07837742835447514
1094,2017-03-09,0.0
1095,2017-03-10,-0.02527514495819494
1096,2017-03-13,0.020270964373619194
1097,2017-03-14,0.0
1098,2017-03-15,0.02965620958288806
1099,2017-03-16,-0.031329850140917825
1100,2017-03-17,-0.037547072595251585
1101,2017-03-20,0.0
1102,2017-03-21,-0.0967024529147118
1103,2017-03-22,0.0357516909638429
1104,2017-03-23,-0.03192759452543936
1105,2017-03-24,-0.04090151422130295
1106,2017-03-27,0.007920833491444013
1107,2017-03-28,-0.005934735519814716
1108,2017-03-29,
1109,2017-03-30,
1110,2017-03-31,-0.006042314455962705
1111,2017-04-03,-0.026613648518089894
1112,2017-04-04,0.012371291802546702
1113,2017-04-05,-0.0397126374068677
1114,2017-04-06,-0.039135428943601
1115,2017-04-07,0.0022148403295527697
1116,2017-04-10,-0.011123585218662413
1117,2017-04-11,-0.03182086661107886
1118,2017-04-12,-0.042459207771791574
1119,2017-04-13,-0.0024125464053841306
1120,2017-04-17,0.035590945102702776
1121,2017-04-18,-0.04529975922966356
1122,2017-04-19,0.0024360547978812264
1123,2017-04-20,0.03114024073572308
1124,2017-04-24,0.018692133012152556
1125,2017-04-25,0.02061928720273576
1126,2017-04-26,0.009029406719394117
1127,2017-04-27,-0.013574869091068864
1128,2017-04-28,0.04672707640796925
1129,2017-05-02,0.021506205220963803
1130,2017-05-03,-0.041265355201425935
1131,2017-05-04,-0.06646202546666657
1132,2017-05-05,0.00472814119594589
1133,2017-05-08,-0.009478743954543623
1134,2017-05-09,0.03738753207162038
1135,2017-05-10,0.0382498821339996
1136,2017-05-11,0.023992426743221218
1137,2017-05-12,-0.04631478218111962
1138,2017-05-15,0.04199512103660319
1139,2017-05-16,0.04858399985574424
1140,2017-05-17,-0.022941569242406645
1141,2017-05-18,-0.18739770982581527
1142,2017-05-19,0.1175002702084369
1143,2017-05-22,-0.036870535808327665
1144,2017-05-23,0.061452779213663655
1145,2017-05-24,-0.015573173462970047
1146,2017-05-25,-0.0022446698538238774
1147,2017-05-26,-0.002249719734015221
1148,2017-05-29,0.0
1149,2017-05-30,0.02227263560912296
1150,2017-05-31,-0.01777824602128386
1151,2017-06-01,-0.031893363775953754
1152,2017-06-02,0.009216655104924198
1153,2017-06-05,-0.013857034661426404
1154,2017-06-06,0.022989518224698857
1155,2017-06-07,-0.01373019281190202
1156,2017-06-08,0.029514060513163853
1157,2017-06-09,0.002234637801416417
1158,2017-06-12,-0.01801850550267825
1159,2017-06-13,0.002270148534539107
1160,2017-06-14,-0.013698844358162043
1161,2017-06-15,0.0
1162,2017-06-16,0.02272825107755616
1163,2017-06-19,0.0
1164,2017-06-20,-0.029648693922129876
1165,2017-06-21,0.031893363775953754
1166,2017-06-22,0.013363227812167144
1167,2017-06-23,0.030503454293414833
1168,2017-06-26,0.02123222010577397
1169,2017-06-27,-0.02123222010577397
1170,2017-06-28,0.062390292599281416
1171,2017-06-29,-0.006066752682237331
1172,2017-06-30,0.008080852053938603
1173,2017-07-03,0.029734598942878998
1174,2017-07-04,-0.011787955752042167
1175,2017-07-05,0.013739175883304089
1176,2017-07-06,0.026924703370592606
1177,2017-07-07,-0.00570886422032002
1178,2017-07-10,0.011385322225125227
1179,2017-07-11,-0.0037807228399058257
1180,2017-07-12,0.03535251871571954
1181,2017-07-13,-0.005499555566038428
1182,2017-07-14,0.0
1183,2017-07-17,0.0
1184,2017-07-18,-0.01481508578514057
1185,2017-07-19,0.04022480131050887
1186,2017-07-20,-0.045837538215466545
1187,2017-07-21,-0.013220211428134565
1188,2017-07-24,0.040974074210305744
1189,2017-07-25,0.0036429912785009844
1190,2017-07-26,-0.05225069034387797
1191,2017-07-27,-0.01156082240107592
1192,2017-07-28,0.005797117684325892
1193,2017-07-31,0.01339732957182127
1194,2017-08-01,-0.015325970478226925
1195,2017-08-02,0.03788331790230148
1196,2017-08-03,-0.013096538919845635
1197,2017-08-04,0.016807118316381375
1198,2017-08-07,0.03636764417087468
1199,2017-08-08,0.0035650661644961446
1200,2017-08-09,-0.03623584845404482
1201,2017-08-10,0.007352974305258719
1202,2017-08-11,-0.007352974305258719
1203,2017-08-14,0.0
1204,2017-08-15,-0.028065452898283993
1205,2017-08-16,0.024368591016957986
1206,2017-08-17,-0.005571045049455492
1207,2017-08-18,0.0037174764001324245
1208,2017-08-21,-0.03204798302635847
1209,2017-08-22,0.03204798302635847
1210,2017-08-23,0.07158690666399803
1211,2017-08-24,-0.024476746426554064
1212,2017-08-25,-0.005323881252750073
1213,2017-08-28,-0.005352376738591902
1214,2017-08-29,0.0035714323675972715
1215,2017-08-30,0.021164811192043276
1216,2017-08-31,-0.01229163851155679
1217,2017-09-01,0.053323035189419166
1218,2017-09-04,0.04902942724031867
1219,2017-09-05,-0.0193242728264027
1220,2017-09-06,0.014528100562909652
1221,2017-09-07,0.0
1222,2017-09-08,-0.04423325497682562
1223,2017-09-11,0.02807781475454041
1224,2017-09-12,-0.02473333003169298
1225,2017-09-13,-0.015139061215684313
1226,2017-09-14,-0.0257524961024147
1227,2017-09-15,0.01553094203087646
1228,2017-09-18,0.020339684237122846
1229,2017-09-19,-0.025489910213438716
1230,2017-09-20,-0.019114396023315106
1231,2017-09-21,-0.01413451093490492
1232,2017-09-22,-0.01795380361659582
1233,2017-09-25,-0.05205636195605301
1234,2017-09-26,0.011385322225125227
1235,2017-09-27,-0.015209418663528762
1236,2017-09-28,-0.019342962843130973
1237,2017-09-29,0.03266380681879166
1238,2017-10-02,0.007532992307545117
1239,2017-10-03,0.05298042572784656
1240,2017-10-04,0.01413451093490492
1241,2017-10-05,-0.04485056616535177
1242,2017-10-06,-0.020389955703049356
1243,2017-10-09,0.005602255548669888
1244,2017-10-10,0.05259598369431817
1245,2017-10-11,-0.01602883827589885
1246,2017-10-12,0.0
1247,2017-10-13,0.017794063800468107
1248,2017-10-16,-0.016000341346441127
1249,2017-10-17,-0.014440684154794381
1250,2017-10-18,0.01801850550267825
1251,2017-10-19,0.010657294473988
1252,2017-10-20,-0.010657294473988
1253,2017-10-23,-0.007168489478612594
1254,2017-10-24,0.023112139875748783
1255,2017-10-25,0.008748962193235288
1256,2017-10-26,-0.04089458716665195
1257,2017-10-27,-0.0018165309263977747
1258,2017-10-30,-0.05225069034387797
1259,2017-10-31,-0.021297997678934255
1260,,
