,Time,Returns_HYPE3
0,2012-10-02,0.021761491781512543
1,2012-10-03,0.003906254967065426
2,2012-10-04,0.00776702933765927
3,2012-10-05,0.005144705881237943
4,2012-10-08,0.02157444085227178
5,2012-10-09,0.011856675191262767
6,2012-10-10,0.0012398017707124787
7,2012-10-11,0.006176733849599714
8,2012-10-15,0.026733062197068502
9,2012-10-16,0.0077634910015222935
10,2012-10-17,0.008294004891384876
11,2012-10-18,0.007054643982841391
12,2012-10-19,-0.012971880007978331
13,2012-10-22,0.0059172360251369405
14,2012-10-23,-0.0059172360251369405
15,2012-10-24,-0.027069321968217874
16,2012-10-25,-0.022819305825661385
17,2012-10-26,-0.02655029447715096
18,2012-10-29,0.019036107822354875
19,2012-10-30,0.011871429640721853
20,2012-10-31,0.0031007776782483454
21,2012-11-01,0.007402871562280922
22,2012-11-05,0.0018421252320748316
23,2012-11-06,0.010375437010071487
24,2012-11-07,-0.023964219722272695
25,2012-11-08,-0.027105346764658034
26,2012-11-09,-0.021311752673716988
27,2012-11-12,-0.004579661259024537
28,2012-11-13,0.003273325344969269
29,2012-11-14,-0.04341249293531346
30,2012-11-16,0.014905425008987283
31,2012-11-19,0.03307179707844066
32,2012-11-21,0.003247810584678934
33,2012-11-22,-0.0038986404156573506
34,2012-11-23,0.012293910905717187
35,2012-11-26,-0.005157974040268076
36,2012-11-27,-0.02420792076409617
37,2012-11-28,0.035776173165283254
38,2012-11-29,0.011435956906758804
39,2012-11-30,-0.02753936447333727
40,2012-12-03,-0.006514681021193791
41,2012-12-04,-0.01183445764700286
42,2012-12-05,0.01183445764700286
43,2012-12-06,0.027716888671796447
44,2012-12-07,-0.007017572658646554
45,2012-12-10,-0.0051347994720383205
46,2012-12-11,0.006414390177663876
47,2012-12-12,-0.001279590705625555
48,2012-12-13,0.05601962368129243
49,2012-12-14,-0.019560464126100463
50,2012-12-17,-0.0061920319763144605
51,2012-12-18,0.01907163311158211
52,2012-12-19,-0.003663007758736736
53,2012-12-20,0.008526239228245025
54,2012-12-21,-0.014661227795761178
55,2012-12-26,0.0006151953439181845
56,2012-12-27,0.018885727318807
57,2012-12-28,0.0030130181573007064
58,2013-01-02,0.001202525701134327
59,2013-01-03,0.0006008411295459481
60,2013-01-04,-0.013301284377275735
61,2013-01-07,0.0
62,2013-01-08,-0.008557448047870952
63,2013-01-09,0.0042879082979876415
64,2013-01-10,-0.0006114949560309668
65,2013-01-11,-0.011070223754246822
66,2013-01-14,0.0030873134459681317
67,2013-01-15,0.010426344707939794
68,2013-01-16,-0.002443434399661104
69,2013-01-17,-0.006134988567516153
70,2013-01-18,-0.004935235186730669
71,2013-01-21,0.001853630377715909
72,2013-01-22,0.0
73,2013-01-23,0.0363675229186704
74,2013-01-24,-0.019231302404076445
75,2013-01-28,0.003029447847673339
76,2013-01-29,-0.004851434327346471
77,2013-01-30,-0.00426452062679239
78,2013-01-31,0.04884842458408034
79,2013-02-01,0.006374869459100374
80,2013-02-04,0.01091656951142772
81,2013-02-05,0.0326054740345616
82,2013-02-06,0.0005529444431737751
83,2013-02-07,-0.01335579118155561
84,2013-02-08,-0.005054770661624186
85,2013-02-13,0.00841047850859633
86,2013-02-14,-0.0011173744491435045
87,2013-02-15,-0.008419864742043703
88,2013-02-18,-0.03033142476373918
89,2013-02-19,-0.012277208061477918
90,2013-02-20,-0.010050335853501569
91,2013-02-21,-0.015569176764242965
92,2013-02-22,0.007814947864475563
93,2013-02-25,0.013087574875130237
94,2013-02-26,0.015831523390035684
95,2013-02-27,0.009264628824755317
96,2013-02-28,0.00803678263764196
97,2013-03-01,0.0005715918989581681
98,2013-03-04,0.0022831630271094028
99,2013-03-05,-0.013777600256314582
100,2013-03-06,0.017192458343842976
101,2013-03-07,0.028013036227673815
102,2013-03-08,-0.0022124456539280857
103,2013-03-11,-0.0027723334299873947
104,2013-03-12,-0.0122906012987678
105,2013-03-13,-0.0170072688585865
106,2013-03-14,-0.014397023794963548
107,2013-03-15,-0.012255711841045347
108,2013-03-18,-0.013002665462378715
109,2013-03-19,-0.005966605169226646
110,2013-03-20,0.00952967307180197
111,2013-03-21,-0.017339806127549373
112,2013-03-22,0.0024096998886236065
113,2013-03-25,-0.031166590333644884
114,2013-03-26,0.029962436100370304
115,2013-03-27,-0.006042314455962927
116,2013-03-28,-0.03767040035791025
117,2013-04-01,-0.010756193547563964
118,2013-04-02,-0.018620120625991277
119,2013-04-03,-0.0019461569554857228
120,2013-04-04,-0.006514681021193791
121,2013-04-05,0.016207810226853248
122,2013-04-08,0.0184777477610365
123,2013-04-09,0.0
124,2013-04-10,0.03230100591301399
125,2013-04-11,-0.022250670059512423
126,2013-04-12,-0.001250781901652509
127,2013-04-15,-0.040222466304922655
128,2013-04-16,0.01999421652945088
129,2013-04-17,-0.03575291427800886
130,2013-04-18,0.022252227059106566
131,2013-04-19,0.04431104632491101
132,2013-04-22,-0.02191010963574458
133,2013-04-23,0.016944239716500054
134,2013-04-24,-0.012523645211103496
135,2013-04-25,0.0012594460103070304
136,2013-04-26,
137,2013-04-29,
138,2013-04-30,0.01377604754411843
139,2013-05-02,-0.041262597375750776
140,2013-05-03,0.024328984846311297
141,2013-05-06,0.04574339017872875
142,2013-05-07,0.010219506447831872
143,2013-05-08,0.013662344975566398
144,2013-05-09,0.003533513584262682
145,2013-05-10,-0.010044397593589771
146,2013-05-13,0.003556613114847007
147,2013-05-14,-0.002369610043338799
148,2013-05-15,0.0065030084329249505
149,2013-05-16,0.011134073741202677
150,2013-05-17,0.003490346867757399
151,2013-05-20,0.010398765292909395
152,2013-05-21,0.006872879287762146
153,2013-05-22,0.00965647919255952
154,2013-05-23,-0.013087071563119057
155,2013-05-24,-0.006319986744817374
156,2013-05-27,0.013169385864162386
157,2013-05-28,0.01018684530699332
158,2013-05-29,-0.014747856634555578
159,2013-05-31,-0.020786026102893818
160,2013-06-03,-0.005264709748077134
161,2013-06-04,-0.008244982168008619
162,2013-06-05,-0.0065263360250868985
163,2013-06-06,-0.004773279037460831
164,2013-06-07,-0.006600564018043542
165,2013-06-10,-0.007250847258390092
166,2013-06-11,-0.023934864581090398
167,2013-06-12,-0.0037336072079110494
168,2013-06-13,-0.004373702555585002
169,2013-06-14,-0.01260256125197401
170,2013-06-17,0.0019005390579738268
171,2013-06-18,-0.01788042527784839
172,2013-06-19,-0.014930494814101802
173,2013-06-20,-0.029199154692262308
174,2013-06-21,-0.03007745523727756
175,2013-06-24,-0.007662872745569427
176,2013-06-25,0.011818003377531028
177,2013-06-26,0.0027605262527039542
178,2013-06-27,0.0027529267214050357
179,2013-06-28,-0.003442344190972779
180,2013-07-01,0.019802627296179764
181,2013-07-02,-0.026028866711277576
182,2013-07-03,0.013099118702859958
183,2013-07-04,0.01360565205577835
184,2013-07-05,0.02666824708216131
185,2013-07-08,-0.033447934067539986
186,2013-07-10,0.033447934067539986
187,2013-07-11,0.01501823852283879
188,2013-07-12,-0.028930354260563007
189,2013-07-15,0.02763333721751815
190,2013-07-16,0.0025923540117300803
191,2013-07-17,0.028710105882431503
192,2013-07-18,0.030962225603966775
193,2013-07-19,0.010312496608318789
194,2013-07-22,-0.009093727414189345
195,2013-07-23,-0.0018287722813585816
196,2013-07-24,-0.011043057685655722
197,2013-07-25,0.015304860438312584
198,2013-07-26,
199,2013-07-29,
200,2013-07-30,-0.0030166539623883715
201,2013-07-31,-0.0024197834680728114
202,2013-08-01,0.005436437430461183
203,2013-08-02,-0.0012055456553490274
204,2013-08-05,0.019116472221878844
205,2013-08-06,-0.004150613726312979
206,2013-08-07,0.0023739476319835084
207,2013-08-08,0.00767638822151806
208,2013-08-09,0.02440562736814078
209,2013-08-12,-0.004026465031488513
210,2013-08-13,0.0017275559069762636
211,2013-08-14,-0.0011512954639556483
212,2013-08-15,-0.006936501600342204
213,2013-08-16,-0.013430858827776504
214,2013-08-19,-0.022593173335227146
215,2013-08-20,-0.004218144501904941
216,2013-08-21,-0.020745101535654342
217,2013-08-22,-0.0049443861510516385
218,2013-08-23,0.032909796046668216
219,2013-08-26,-0.025502292810935856
220,2013-08-27,-0.022388994893478564
221,2013-08-28,0.006269613013595077
222,2013-08-29,0.01796276176152478
223,2013-08-30,-0.0006140620018522114
224,2013-09-02,0.020669427596318624
225,2013-09-03,-0.018828494274930385
226,2013-09-04,0.02063186110561066
227,2013-09-05,0.01371921349965044
228,2013-09-06,0.0070839141301131114
229,2013-09-09,0.02210671824362853
230,2013-09-10,-0.002304090947448767
231,2013-09-11,0.0005765350404725034
232,2013-09-12,-0.0017306032585793218
233,2013-09-13,0.008050590003396696
234,2013-09-16,0.00798640890642055
235,2013-09-17,0.004535155165390936
236,2013-09-18,0.04371368285979793
237,2013-09-19,0.003782874005845205
238,2013-09-20,-0.008123629836291002
239,2013-09-23,-0.002722517410530756
240,2013-09-24,0.0
241,2013-09-25,-0.007662817800515587
242,2013-09-26,-0.013274641833038281
243,2013-09-27,-0.006143498969116479
244,2013-09-30,0.0016792055913064097
245,2013-10-01,0.015538659356192586
246,2013-10-02,0.0005505092349324947
247,2013-10-03,-0.002203912798519614
248,2013-10-04,-0.0016560313377800284
249,2013-10-07,0.016438726343159793
250,2013-10-08,-0.0005436803760905384
251,2013-10-09,0.012966146697780623
252,2013-10-10,0.02491520411595438
253,2013-10-11,0.015584731016697884
254,2013-10-14,0.02444108485733354
255,2013-10-15,-0.005042774175933573
256,2013-10-16,-0.005068485126574984
257,2013-10-17,0.007088637277734566
258,2013-10-18,-0.0025258917193164976
259,2013-10-21,-0.00507100478155742
260,2013-10-22,0.013131501823735459
261,2013-10-23,-0.0090726428775727
262,2013-10-24,-0.0035505997230234065
263,2013-10-25,-0.009188426054406396
264,2013-10-28,0.006135039535914544
265,2013-10-29,0.002036609613405016
266,2013-10-30,-0.00817164914931956
267,2013-10-31,0.005625225632943209
268,2013-11-01,0.001019266143289066
269,2013-11-04,0.014163160730171764
270,2013-11-05,-0.008068626728974237
271,2013-11-06,-0.012739025777429802
272,2013-11-07,-0.032311357818449515
273,2013-11-08,-0.014403983362542228
274,2013-11-11,-0.0037685103135687292
275,2013-11-12,-0.012483310003687187
276,2013-11-13,0.010323428012825708
277,2013-11-14,0.03244107849652522
278,2013-11-18,0.006259749019884353
279,2013-11-19,-0.009404510521418441
280,2013-11-21,-0.007376166408903817
281,2013-11-22,-0.008497130253946494
282,2013-11-25,-0.011263138341279344
283,2013-11-26,-0.004866189388063713
284,2013-11-27,0.014527992943564438
285,2013-11-28,0.004264399013771403
286,2013-11-29,0.013210232434857527
287,2013-12-02,-0.011615706410208926
288,2013-12-03,-0.000531208511827419
289,2013-12-04,-0.022569469542293774
290,2013-12-05,0.005420067469338985
291,2013-12-06,-0.0016229920149837262
292,2013-12-09,0.007013840649860548
293,2013-12-10,-0.007555405815632188
294,2013-12-11,-0.010345804513608226
295,2013-12-12,-0.013778118209723633
296,2013-12-13,-0.012283851061928974
297,2013-12-16,0.002805107107385574
298,2013-12-17,-0.011267724846342642
299,2013-12-18,0.015739504237735957
300,2013-12-19,0.006116282449807109
301,2013-12-20,-0.006116282449807109
302,2013-12-23,-0.01291059154008467
303,2013-12-26,-0.003962756388677491
304,2013-12-27,0.003962756388677491
305,2013-12-30,-0.002828912697651287
306,2014-01-02,-0.010250716474326627
307,2014-01-03,0.019274974248358223
308,2014-01-06,-0.02789813801904817
309,2014-01-07,0.002882734689246824
310,2014-01-08,-0.011580962914151893
311,2014-01-09,-0.027754895606436847
312,2014-01-10,0.002392285758381796
313,2014-01-13,0.0005971932097463828
314,2014-01-14,-0.004787561508372562
315,2014-01-15,0.00359281823602986
316,2014-01-16,-0.01384313409219784
317,2014-01-17,-0.03390155167568132
318,2014-01-20,-0.020906684819313792
319,2014-01-21,0.012722817927968144
320,2014-01-22,0.02989008412351346
321,2014-01-23,-0.007389134832675559
322,2014-01-24,-0.0225009492908379
323,2014-01-27,-0.01721432371426479
324,2014-01-28,0.009600073729019165
325,2014-01-29,-0.023196916415152202
326,2014-01-30,-0.005884292885689479
327,2014-01-31,0.0
328,2014-02-03,-0.016529301951210496
329,2014-02-04,0.007968169649176904
330,2014-02-05,-0.002649008171577094
331,2014-02-06,0.011210140473610686
332,2014-02-07,0.019481135571822517
333,2014-02-10,-0.012945164592037095
334,2014-02-11,0.02254523832105626
335,2014-02-12,-0.012820688429061367
336,2014-02-13,0.004505961920706181
337,2014-02-14,-0.007089942686631101
338,2014-02-17,-0.018936249798835014
339,2014-02-18,-0.011269592258230876
340,2014-02-19,0.0006664445431603383
341,2014-02-20,0.006640130639277597
342,2014-02-21,0.0006615944667389684
343,2014-02-24,-0.011307070914691408
344,2014-02-25,-0.008059143686854675
345,2014-02-26,0.008059143686854675
346,2014-02-27,0.011307070914691408
347,2014-02-28,-0.039802893169195386
348,2014-03-05,-0.008987271000236774
349,2014-03-06,0.008298802814695083
350,2014-03-07,0.029184290440045668
351,2014-03-10,-0.008059143686854675
352,2014-03-11,0.018704620134807115
353,2014-03-12,0.004621995682835944
354,2014-03-13,0.02150620522096336
355,2014-03-14,-0.013632148790057474
356,2014-03-17,0.0
357,2014-03-18,0.037837152150234754
358,2014-03-19,0.005647959789504053
359,2014-03-20,0.0
360,2014-03-21,0.007481331652288592
361,2014-03-24,0.007425715044566683
362,2014-03-25,0.012255116989298376
363,2014-03-26,-0.02030214301999056
364,2014-03-27,0.03721081829865547
365,2014-03-28,-0.006608675100594041
366,2014-03-31,-0.010909199100353817
367,2014-04-01,-0.02031464135117922
368,2014-04-02,0.016651633592442483
369,2014-04-03,-0.015408625352845373
370,2014-04-04,0.0061920319763144605
371,2014-04-07,0.013488800057550598
372,2014-04-08,0.013910112402170327
373,2014-04-09,-0.004816384987980982
374,2014-04-10,-0.016428784975450306
375,2014-04-11,-0.002456942343356694
376,2014-04-14,0.006131288179628935
377,2014-04-15,-0.023501451961164932
378,2014-04-16,0.006238323412691482
379,2014-04-17,0.005581409838195661
380,2014-04-22,0.010458415842840907
381,2014-04-23,-0.0024510429688353597
382,2014-04-24,-0.012345774472604099
383,2014-04-25,-0.006230549750636083
384,2014-04-28,0.015504186535965303
385,2014-04-29,0.02251394082002589
386,2014-04-30,-0.010281311594119824
387,2014-05-02,0.04922428324462569
388,2014-05-05,0.007494932533819387
389,2014-05-06,0.008578777479263167
390,2014-05-07,0.009634588826755941
391,2014-05-08,-0.008496227829085878
392,2014-05-09,0.011874665632066073
393,2014-05-12,-0.0033784378029801942
394,2014-05-13,0.008424593730838037
395,2014-05-14,0.0
396,2014-05-15,-0.01068314911614987
397,2014-05-16,0.020699927917047223
398,2014-05-19,-0.0033277347216875697
399,2014-05-20,-0.016242362566697643
400,2014-05-21,0.0033822468370932057
401,2014-05-22,0.0067301994569168855
402,2014-05-23,0.01111745778372697
403,2014-05-26,-0.0022136700299775214
404,2014-05-27,-0.002773871481061896
405,2014-05-28,0.011049891131638567
406,2014-05-29,0.002743431000697516
407,2014-05-30,-0.007700752915068332
408,2014-06-02,0.0
409,2014-06-03,0.015342657125417158
410,2014-06-04,-0.014239014629289226
411,2014-06-05,0.0065971104189403995
412,2014-06-06,0.004373981823112771
413,2014-06-09,0.004897968975547506
414,2014-06-10,0.026782532796571612
415,2014-06-11,-0.009559286813456414
416,2014-06-13,0.00585263708374395
417,2014-06-16,0.00264900817157665
418,2014-06-17,-0.011173247093578809
419,2014-06-18,0.0005349023644574125
420,2014-06-20,-0.0032138217271002745
421,2014-06-23,0.008547061035037551
422,2014-06-24,0.007947167654470011
423,2014-06-25,0.004212749557781947
424,2014-06-26,0.001050315222605569
425,2014-06-27,0.0010493705330576475
426,2014-06-30,0.009394641121465597
427,2014-07-01,-0.002600729616725417
428,2014-07-02,0.0015612284836206136
429,2014-07-03,-0.005736599676179122
430,2014-07-04,0.005216391588499292
431,2014-07-07,0.0005202080876798298
432,2014-07-08,-0.016780676930322258
433,2014-07-10,0.014177186784925855
434,2014-07-11,0.007272759329080003
435,2014-07-14,0.0010346612407761135
436,2014-07-15,-0.012487154972563808
437,2014-07-16,-0.0036716011959199157
438,2014-07-17,-0.018028058884646647
439,2014-07-18,0.011173247093578809
440,2014-07-21,0.011049888515207495
441,2014-07-22,0.00677963465675635
442,2014-07-23,-0.009399599477402987
443,2014-07-24,-0.004733114528049143
444,2014-07-25,-0.0010547469332258252
445,2014-07-28,0.011542572758670655
446,2014-07-29,-0.01577314468292501
447,2014-07-30,-0.012263656765253206
448,2014-07-31,-0.029950456202171072
449,2014-08-01,0.00441258300087588
450,2014-08-04,0.02177549295653458
451,2014-08-05,-0.00919671074967443
452,2014-08-06,0.0010863662122209128
453,2014-08-07,-0.0005430355821745003
454,2014-08-08,-0.0059929900424213756
455,2014-08-11,-0.005479356174761918
456,2014-08-12,0.013642775659273632
457,2014-08-13,-0.0005421523286952556
458,2014-08-14,-0.0027152881195320333
459,2014-08-15,0.0075841100249585125
460,2014-08-18,0.006455051826016689
461,2014-08-19,-0.005376410944737842
462,2014-08-20,0.004303395791543263
463,2014-08-21,0.004284955902012388
464,2014-08-22,-0.010206857620609355
465,2014-08-25,0.010206857620609355
466,2014-08-26,0.01432770634313929
467,2014-08-27,0.009438979360932631
468,2014-08-28,-0.0031364374901299286
469,2014-08-29,0.019699963161804668
470,2014-09-01,-0.010838815788114076
471,2014-09-02,-0.0036391513092071115
472,2014-09-03,-0.002085558574353552
473,2014-09-04,-0.007859616042376505
474,2014-09-05,-0.008452242606317828
475,2014-09-08,-0.011739782957389977
476,2014-09-09,0.004284955902012388
477,2014-09-10,-0.012910346769347214
478,2014-09-11,0.007013840649860548
479,2014-09-12,-0.021739931691352687
480,2014-09-15,-0.006615294063772925
481,2014-09-16,0.01100126576656768
482,2014-09-17,-0.009895682458817667
483,2014-09-18,-0.03371105734231161
484,2014-09-19,0.005698021114637797
485,2014-09-22,-0.013730135208217309
486,2014-09-23,-0.006936501600342204
487,2014-09-24,0.01782162769626927
488,2014-09-25,-0.002281746634055448
489,2014-09-26,0.02314526124902372
490,2014-09-29,-0.024288118516273993
491,2014-09-30,0.005132603226520427
492,2014-10-01,-0.03296048584926048
493,2014-10-02,-0.012422579522368249
494,2014-10-03,0.03278993995048696
495,2014-10-06,0.032864145536119604
496,2014-10-07,0.007773442592021507
497,2014-10-08,0.006615294063772925
498,2014-10-09,0.010929015587136881
499,2014-10-10,-0.029227279483895696
500,2014-10-13,0.025961081697274402
501,2014-10-14,-0.0038240964384033127
502,2014-10-15,-0.011007265785778042
503,2014-10-16,-0.017867588682712654
504,2014-10-17,0.011204654723167895
505,2014-10-20,-0.015721884312987378
506,2014-10-21,-0.044554664402577604
507,2014-10-22,-0.009512556867698585
508,2014-10-23,-0.052740609242339254
509,2014-10-24,0.027330893716971172
510,2014-10-27,0.004279982206962796
511,2014-10-28,0.025897322801878175
512,2014-10-29,-0.014974823106330248
513,2014-10-30,-0.0012077900383622442
514,2014-10-31,0.04489827001793145
515,2014-11-03,0.005185894802442359
516,2014-11-04,-0.0074993140618961895
517,2014-11-05,-0.02640223761378513
518,2014-11-06,-0.0041703962737265066
519,2014-11-07,0.0029805686143267174
520,2014-11-10,0.0023781819287784778
521,2014-11-11,-0.008348229511233374
522,2014-11-12,0.019567774091554302
523,2014-11-13,-0.03465101539284898
524,2014-11-14,-0.016549626371306747
525,2014-11-17,0.001235392336385921
526,2014-11-18,0.012879601135267649
527,2014-11-19,0.021700670733117988
528,2014-11-21,0.05679394008630734
529,2014-11-24,-0.019915309700941464
530,2014-11-25,-0.011560764261542733
531,2014-11-26,-0.0017457670495564237
532,2014-11-27,0.009275428818130482
533,2014-11-28,0.009190185302995868
534,2014-12-01,-0.06008880555741758
535,2014-12-02,-0.003649578371093476
536,2014-12-03,0.024677749442802543
537,2014-12-04,0.007109093710981895
538,2014-12-05,-0.011876683194454785
539,2014-12-08,-0.017475527059676477
540,2014-12-09,0.006664550568985739
541,2014-12-10,0.0
542,2014-12-11,-0.009099183468638916
543,2014-12-12,-0.02093672535257829
544,2014-12-15,-0.005616239411292412
545,2014-12-16,-0.00879955395184906
546,2014-12-17,0.02000066670666989
547,2014-12-18,-0.005584873343528418
548,2014-12-19,0.00805712421731064
549,2014-12-22,0.018349076939803144
550,2014-12-23,0.007847852166008362
551,2014-12-26,0.007786861981393667
552,2014-12-29,0.0035735594908650192
553,2014-12-30,0.004153017068273979
554,2015-01-02,-0.042327842157011464
555,2015-01-05,0.0018511575789195156
556,2015-01-06,-0.02307548671169446
557,2015-01-07,0.05820932656211264
558,2015-01-08,-0.00238373183146523
559,2015-01-09,-0.016847570572611215
560,2015-01-12,-0.013439420361661014
561,2015-01-13,0.0
562,2015-01-14,0.002456942343356694
563,2015-01-15,0.04498509861547628
564,2015-01-16,0.014556298621765773
565,2015-01-19,-0.01631732055503532
566,2015-01-20,0.01631732055503532
567,2015-01-21,0.036883726944329176
568,2015-01-22,0.038792024774605416
569,2015-01-23,-0.027711634708338373
570,2015-01-26,0.0011013216972202144
571,2015-01-27,-0.0005505092349324947
572,2015-01-28,0.009863093655171351
573,2015-01-29,-0.0005454049767052993
574,2015-01-30,-0.007117412823810287
575,2015-02-02,-0.00993939684761136
576,2015-02-03,0.0016633771970346878
577,2015-02-04,-0.02297663548792528
578,2015-02-05,0.004524894854223582
579,2015-02-06,-0.006794986699418359
580,2015-02-09,-0.0085591960890814
581,2015-02-10,0.005714186976791158
582,2015-02-11,-0.0011401369536088168
583,2015-02-12,0.014160530350519451
584,2015-02-13,0.034276378286213216
585,2015-02-18,0.0032555102885836185
586,2015-02-19,0.005941200461090812
587,2015-02-20,-0.017930390718428946
588,2015-02-23,0.0071019690174289885
589,2015-02-24,0.010828421700999957
590,2015-02-25,0.0059060574360820794
591,2015-02-26,0.01064967495055491
592,2015-02-27,0.010537558268889136
593,2015-03-02,-0.0036755095198026666
594,2015-03-03,0.009424205629743554
595,2015-03-04,0.0041601202961936146
596,2015-03-05,-0.0010384216924816947
597,2015-03-06,-0.008870394713652807
598,2015-03-09,-0.01744691360372075
599,2015-03-10,0.010082388139821763
600,2015-03-11,0.008412194496342895
601,2015-03-12,-0.007356890968325924
602,2015-03-13,-0.004228336333007121
603,2015-03-16,0.006862048749086469
604,2015-03-17,0.0052466540804663175
605,2015-03-18,0.019176487633584927
606,2015-03-19,-0.004115232145106784
607,2015-03-20,0.01127643903633313
608,2015-03-23,0.0025451272953525006
609,2015-03-24,-0.002035675055034769
610,2015-03-25,-0.0076706591315440775
611,2015-03-26,-0.019699963161804668
612,2015-03-27,0.018158786425751305
613,2015-03-30,0.007682444758136064
614,2015-03-31,0.00458137720176266
615,2015-04-01,0.030509893348422246
616,2015-04-02,0.023851313183311795
617,2015-04-06,0.02329556149595513
618,2015-04-07,0.008422979138305031
619,2015-04-08,0.0037210275492682854
620,2015-04-09,0.00046405199254628826
621,2015-04-10,-0.00791991132183023
622,2015-04-13,-0.004688147358289374
623,2015-04-14,-0.010392252243476285
624,2015-04-15,-0.0047596474795308374
625,2015-04-16,-0.018782108078050808
626,2015-04-17,-0.010752791776261539
627,2015-04-20,-0.015350585771741532
628,2015-04-22,0.0024918527099804244
629,2015-04-23,0.0004976362381872157
630,2015-04-24,-0.004987541511039417
631,2015-04-27,0.007968169649176904
632,2015-04-28,-0.011474308978464354
633,2015-04-29,-0.006544247029265815
634,2015-04-30,0.007547306265746734
635,2015-05-04,0.002503080092806531
636,2015-05-05,0.022250657834574028
637,2015-05-06,0.019850566122698865
638,2015-05-07,0.022281034971995517
639,2015-05-08,0.021336662365879278
640,2015-05-11,-0.015726502855066826
641,2015-05-12,0.004187026159425233
642,2015-05-13,0.01748774392631791
643,2015-05-14,-0.009166013054596966
644,2015-05-15,-0.007857678879174657
645,2015-05-18,-0.001857826866404455
646,2015-05-19,-0.008872343981995101
647,2015-05-20,0.01720577164533399
648,2015-05-21,0.01328157803249752
649,2015-05-22,0.0009095043828408755
650,2015-05-25,-0.013730146728954118
651,2015-05-26,0.0018415750637013062
652,2015-05-27,0.005504646800982282
653,2015-05-28,0.006383924864270529
654,2015-05-29,-0.012809004333098173
655,2015-06-01,-0.008321730871720945
656,2015-06-02,-0.009797185670237685
657,2015-06-03,0.012115712043456739
658,2015-06-05,-0.013523218759694533
659,2015-06-08,0.0037488330571915363
660,2015-06-09,0.014395512118764664
661,2015-06-10,0.011460129482956827
662,2015-06-11,0.00227630414073543
663,2015-06-12,-0.011433922873606672
664,2015-06-15,0.004589269183640887
665,2015-06-16,0.005479420227283871
666,2015-06-17,0.014017910165288416
667,2015-06-18,0.027022641536026182
668,2015-06-19,0.003925850360657623
669,2015-06-22,0.0060764943916393754
670,2015-06-23,0.008187850095599192
671,2015-06-24,-0.015571162359996116
672,2015-06-25,-0.0030561035331091446
673,2015-06-26,
674,2015-06-29,
675,2015-06-30,-0.002640802532931197
676,2015-07-01,-0.009743301170574092
677,2015-07-02,-0.015698819831364563
678,2015-07-03,-0.017788427593751432
679,2015-07-06,-0.015302872240532395
680,2015-07-07,0.015302872240532395
681,2015-07-08,-0.0232785185531732
682,2015-07-10,-0.0061422352331441665
683,2015-07-13,-0.016726793805313278
684,2015-07-14,0.020983172795570937
685,2015-07-15,0.01916389521784101
686,2015-07-16,0.000462902103546714
687,2015-07-17,-0.01210447711903262
688,2015-07-20,-0.001875340490434585
689,2015-07-21,-0.007063792194100138
690,2015-07-22,0.008470638883508297
691,2015-07-23,-0.05391108173726744
692,2015-07-24,-0.005952349071309371
693,2015-07-27,-0.00598804184462276
694,2015-07-28,0.0015003753752345084
695,2015-07-29,-0.007021041704791564
696,2015-07-30,0.025833428651863333
697,2015-07-31,-0.006396036722176479
698,2015-08-03,0.003449128819717817
699,2015-08-04,-0.0401458315483918
700,2015-08-05,-0.005648333228684521
701,2015-08-06,-0.04475608749856441
702,2015-08-07,-0.010828421700999957
703,2015-08-10,0.00921166041152599
704,2015-08-11,0.0005391210699463578
705,2015-08-12,-0.020697852737006972
706,2015-08-13,-0.011624875213315011
707,2015-08-14,
708,2015-08-17,
709,2015-08-18,-0.019635974516858834
710,2015-08-19,-0.018873880245016572
711,2015-08-20,
712,2015-08-21,
713,2015-08-24,-0.013142423725827523
714,2015-08-25,-0.020656749071237268
715,2015-08-26,0.047356704359117874
716,2015-08-27,0.01337612305761704
717,2015-08-28,-0.016307758023539343
718,2015-08-31,-0.033436069921408684
719,2015-09-01,-0.0030403794488105262
720,2015-09-02,-0.014106274568217891
721,2015-09-03,-0.021224329132774944
722,2015-09-04,-0.044509120109063716
723,2015-09-08,0.013106347505300153
724,2015-09-09,
725,2015-09-10,
726,2015-09-11,-0.03448617607116944
727,2015-09-14,0.020834086902842053
728,2015-09-15,-0.017331456351640018
729,2015-09-16,0.041101675685551786
730,2015-09-17,
731,2015-09-18,
732,2015-09-21,
733,2015-09-22,
734,2015-09-23,-0.033447934067539986
735,2015-09-24,-0.021313972885414145
736,2015-09-25,0.04018245718979685
737,2015-09-28,-0.01208879731900403
738,2015-09-29,
739,2015-09-30,
740,2015-10-01,
741,2015-10-02,0.04920086125451695
742,2015-10-05,
743,2015-10-06,
744,2015-10-07,
745,2015-10-08,
746,2015-10-09,
747,2015-10-13,
748,2015-10-14,-0.009093727414189345
749,2015-10-15,0.0018254339773702277
750,2015-10-16,-0.015314234034920826
751,2015-10-19,0.029798493623127698
752,2015-10-20,-0.014484259588206871
753,2015-10-21,
754,2015-10-22,
755,2015-10-23,0.0343097149466538
756,2015-10-26,
757,2015-10-27,
758,2015-10-28,0.0636940073163581
759,2015-10-29,
760,2015-10-30,
761,2015-11-03,0.19180034791830858
762,2015-11-04,0.014051706285839849
763,2015-11-05,-0.004662013105811269
764,2015-11-06,0.006056435795283477
765,2015-11-09,-0.006056435795283477
766,2015-11-10,-0.007504725654067901
767,2015-11-11,0.003290202810461107
768,2015-11-12,0.01027095863889027
769,2015-11-13,-0.01591793835081079
770,2015-11-16,-0.0071039840742535
771,2015-11-17,0.02534152443196369
772,2015-11-18,-0.00046349942892343066
773,2015-11-19,0.01700804002486933
774,2015-11-23,0.02875305829558128
775,2015-11-24,0.013635531555758806
776,2015-11-25,-0.006574601954884685
777,2015-11-26,0.004825629017823907
778,2015-11-27,-0.0026292302037274062
779,2015-11-30,-0.017260928275492304
780,2015-12-01,0.01154029673886603
781,2015-12-02,0.01489296032928955
782,2015-12-03,0.012959101724049127
783,2015-12-04,-0.026088349112979525
784,2015-12-07,0.03378402641967648
785,2015-12-08,0.0008514261902177189
786,2015-12-09,0.0021253568494672415
787,2015-12-10,-0.021460051940872304
788,2015-12-11,-0.007839674298614874
789,2015-12-14,-0.01099153686345522
790,2015-12-15,-0.019643532974417344
791,2015-12-16,-0.01957722438752807
792,2015-12-17,0.029447201326301187
793,2015-12-18,-0.029447201326301187
794,2015-12-21,-0.004608303086194088
795,2015-12-22,-0.016767928572703372
796,2015-12-23,0.011209831947293747
797,2015-12-28,0.004633835909792161
798,2015-12-29,0.0059922282548607875
799,2015-12-30,-0.0023004841592655367
800,2016-01-04,-0.02897394333779335
801,2016-01-05,0.011784251382923827
802,2016-01-06,0.00560744473062158
803,2016-01-07,-0.01644378137308644
804,2016-01-08,-0.0004738687491214755
805,2016-01-11,-0.005703437513869591
806,2016-01-12,0.031435851480347665
807,2016-01-13,0.002306852180863128
808,2016-01-14,-0.02331107778158481
809,2016-01-15,-0.010908431621122094
810,2016-01-18,-0.010546550549947575
811,2016-01-19,0.007202912294057562
812,2016-01-20,-0.01688826669032295
813,2016-01-21,0.021661545442980934
814,2016-01-22,0.018868484304382704
815,2016-01-26,0.004662013105811269
816,2016-01-27,0.034289073478632304
817,2016-01-28,-0.0022496746889713037
818,2016-01-29,0.006733987136299913
819,2016-02-01,0.0544203909719867
820,2016-02-02,-0.003395589001138344
821,2016-02-03,-0.007682496172016329
822,2016-02-04,0.021615590475940305
823,2016-02-05,0.015394479502403247
824,2016-02-10,-0.012881915366520058
825,2016-02-11,-0.0151710034706527
826,2016-02-12,-0.005962496496761283
827,2016-02-15,0.006387034835743766
828,2016-02-16,0.003812798599378553
829,2016-02-17,0.012605250672635293
830,2016-02-18,0.012448251772914976
831,2016-02-19,0.005756553843926149
832,2016-02-22,-0.0016413216988193646
833,2016-02-23,0.0012312335072985903
834,2016-02-24,-0.0020529262404660464
835,2016-02-25,0.015093127324329103
836,2016-02-26,0.002829959381507763
837,2016-02-29,0.01721079069864828
838,2016-03-01,0.022366990464357084
839,2016-03-02,0.028310995636660508
840,2016-03-03,-0.01405535036040595
841,2016-03-04,-0.0015313556118803362
842,2016-03-07,-0.00962471337420956
843,2016-03-08,0.005401247698960443
844,2016-03-09,0.01147682812566675
845,2016-03-10,0.019213173424311947
846,2016-03-11,0.012606767357361104
847,2016-03-14,-0.010370389235565547
848,2016-03-15,-0.007473913574610247
849,2016-03-16,-0.0026291094956341077
850,2016-03-17,0.014931221774984849
851,2016-03-18,0.02198696119928112
852,2016-03-21,0.022223101336287243
853,2016-03-22,0.008120150531301995
854,2016-03-23,0.0007029174278874173
855,2016-03-24,-0.013798167150880225
856,2016-03-28,0.008160378939711332
857,2016-03-29,0.007042317961102551
858,2016-03-30,0.0003508156499756332
859,2016-03-31,-0.0098696606591826
860,2016-04-01,0.0028298215352022815
861,2016-04-04,-0.01279782842131727
862,2016-04-05,-0.007541820492597662
863,2016-04-06,0.0003604253057583051
864,2016-04-07,-0.0007209805647567791
865,2016-04-08,0.011473736690394087
866,2016-04-11,0.004623910152453448
867,2016-04-12,0.015143835544297879
868,2016-04-13,-0.010541278214232008
869,2016-04-14,0.03095367972021057
870,2016-04-15,-0.008943987763223138
871,2016-04-18,-0.011818037931780712
872,2016-04-19,0.0031419470228164492
873,2016-04-20,0.013845807658487086
874,2016-04-22,-0.004478939519982017
875,2016-04-25,0.0017250651461844235
876,2016-04-26,-0.00865506528046689
877,2016-04-27,0.020647704953413726
878,2016-04-28,0.025224137898939958
879,2016-04-29,0.007609598215186697
880,2016-05-02,0.018612782223638824
881,2016-05-03,-0.015650792235145428
882,2016-05-04,0.0072036984733405696
883,2016-05-05,-0.004905978768854347
884,2016-05-06,-0.011541760440171522
885,2016-05-09,0.0003316199665608366
886,2016-05-10,0.026502418556043406
887,2016-05-11,0.01601571760422127
888,2016-05-12,0.0019048259727751926
889,2016-05-13,-0.0003172402831168597
890,2016-05-16,-0.00892294001819316
891,2016-05-17,-0.017762423755937284
892,2016-05-18,-0.019411729460717897
893,2016-05-19,-0.0070012289149894436
894,2016-05-20,-0.008399176150146737
895,2016-05-23,-0.01256166598589914
896,2016-05-24,-0.006168628196684178
897,2016-05-25,-0.01628866343820512
898,2016-05-27,-0.006309168972121526
899,2016-05-30,0.005260366237436642
900,2016-05-31,-0.0031529190596155665
901,2016-06-01,-0.007042317961102551
902,2016-06-02,0.01681896689207063
903,2016-06-03,0.01688236449822167
904,2016-06-06,-0.004451334253826378
905,2016-06-07,-0.004815936463494097
906,2016-06-08,0.0037859621235134533
907,2016-06-09,-0.0030965446539457098
908,2016-06-10,-0.01492824112182145
909,2016-06-13,-0.010195237020718118
910,2016-06-14,-0.0189054679947942
911,2016-06-15,0.006460934060574797
912,2016-06-16,-0.0017905465519629793
913,2016-06-17,0.0
914,2016-06-20,0.018114507038776484
915,2016-06-21,0.010504263435806127
916,2016-06-22,-0.009800533638994136
917,2016-06-23,0.014665067291200096
918,2016-06-24,-0.018541724128589454
919,2016-06-27,0.001058761348242232
920,2016-06-28,-0.08845538202621883
921,2016-06-29,-0.15382963953529316
922,2016-06-30,0.047826618246160635
923,2016-07-01,0.017834867636034257
924,2016-07-04,0.026579637804712064
925,2016-07-05,-0.011541718980802695
926,2016-07-06,-0.017566322983176175
927,2016-07-07,0.029517794069691128
928,2016-07-08,0.012215095126203668
929,2016-07-11,0.0016175094836272663
930,2016-07-12,-0.0008084074813745623
931,2016-07-13,0.009657982710298274
932,2016-07-14,0.012338544591994793
933,2016-07-15,0.0007907473721640024
934,2016-07-18,0.0019743738294102364
935,2016-07-19,0.01176484157958635
936,2016-07-20,0.0007794232662705625
937,2016-07-21,-0.002730643397532262
938,2016-07-22,0.0019512201312616995
939,2016-07-25,0.013552966404703604
940,2016-07-26,0.019048194970694432
941,2016-07-27,0.020911852795549635
942,2016-07-28,0.008463785575979266
943,2016-07-29,0.005845833021706159
944,2016-08-01,-0.0209837259328447
945,2016-08-02,-0.004474243192539085
946,2016-08-03,0.019245634372124343
947,2016-08-04,-0.006989213535148586
948,2016-08-05,0.008820343842972811
949,2016-08-08,0.002192946825334552
950,2016-08-09,0.004008057907214813
951,2016-08-10,-0.0010915409686931277
952,2016-08-11,0.013738502669460306
953,2016-08-12,-0.0046788281266274545
954,2016-08-15,0.007905251373130362
955,2016-08-16,-0.0032264232465029075
956,2016-08-17,-0.0017969816479252998
957,2016-08-18,-0.01595385542131078
958,2016-08-19,0.004740172873097581
959,2016-08-22,-0.014288574291499323
960,2016-08-23,-0.027685980315082404
961,2016-08-24,0.0018949787384681116
962,2016-08-25,-0.013724996497381792
963,2016-08-26,-0.00038387406883355624
964,2016-08-29,0.013730154409445028
965,2016-08-30,0.00566569987089327
966,2016-08-31,-0.017094395694515985
967,2016-09-01,0.012942738476319882
968,2016-09-02,0.0312758168271845
969,2016-09-05,0.006212334753259441
970,2016-09-06,0.02695580901964867
971,2016-09-08,-0.009262623785264434
972,2016-09-09,-0.03237242129588269
973,2016-09-12,0.009565930545075929
974,2016-09-13,-0.022214909186281773
975,2016-09-14,0.0
976,2016-09-15,0.026963849618125035
977,2016-09-16,-0.025093604040804518
978,2016-09-19,0.0037299930651450985
979,2016-09-20,-0.0011175638876403937
980,2016-09-21,0.029743298282485675
981,2016-09-22,0.018638568569823377
982,2016-09-23,0.0014194821152186954
983,2016-09-26,-0.012130009159646793
984,2016-09-27,0.0
985,2016-09-28,0.0017930433028174875
986,2016-09-29,-0.0025112120820121042
987,2016-09-30,0.0010770419085126548
988,2016-10-03,0.027602565786017053
989,2016-10-04,0.0010465725706709783
990,2016-10-05,0.013850636933899096
991,2016-10-06,-0.008634141015007923
992,2016-10-07,-0.008009793824503841
993,2016-10-10,0.00174672533494169
994,2016-10-11,-0.002446270659027139
995,2016-10-13,-0.0352537842725269
996,2016-10-14,0.012606001390601307
997,2016-10-17,0.0007154919804337467
998,2016-10-18,0.01596631426586681
999,2016-10-19,-0.00035205069893606833
1000,2016-10-20,-0.004587973461661399
1001,2016-10-21,0.004587973461661399
1002,2016-10-24,-0.004587973461661399
1003,2016-10-25,-0.051907859602017936
1004,2016-10-26,-0.02146570840603257
1005,2016-10-27,0.021838217257425185
1006,2016-10-28,0.0026036838216536573
1007,2016-10-31,-0.005961269516499446
1008,2016-11-01,-0.028811697238545708
1009,2016-11-03,-0.013942944970573468
1010,2016-11-04,-0.01651630216520683
1011,2016-11-07,0.02196174541509821
1012,2016-11-08,0.003098375712670798
1013,2016-11-09,0.0011593431250229713
1014,2016-11-10,-0.038186061219241285
1015,2016-11-11,-0.026017686541794482
1016,2016-11-14,0.013093435560858957
1017,2016-11-16,0.030032287098875177
1018,2016-11-17,-0.010708014272472255
1019,2016-11-18,0.00833838445847368
1020,2016-11-21,0.00039525598458833855
1021,2016-11-22,0.029980871737628423
1022,2016-11-23,-0.010410774777529497
1023,2016-11-24,-0.005441093980390388
1024,2016-11-25,0.005828615798358694
1025,2016-11-28,-0.0011629386850491308
1026,2016-11-29,-0.012097786571311886
1027,2016-11-30,0.01944073743919983
1028,2016-12-01,-0.042877759490636436
1029,2016-12-02,-0.0032206148296967108
1030,2016-12-05,0.008831892190410251
1031,2016-12-06,0.02525785414872539
1032,2016-12-07,0.004665677113309563
1033,2016-12-08,0.003484998551949392
1034,2016-12-09,0.0007727202857443771
1035,2016-12-12,-0.02939659175364051
1036,2016-12-13,-0.002389447620133378
1037,2016-12-14,-0.009212963222082315
1038,2016-12-15,0.010408460451626134
1039,2016-12-16,0.0031809170685472843
1040,2016-12-19,-0.009974149714690572
1041,2016-12-20,-0.014539876210231562
1042,2016-12-21,0.0
1043,2016-12-22,-0.015167374493168406
1044,2016-12-23,0.03171001520214034
1045,2016-12-26,0.018240037442401213
1046,2016-12-27,0.022533975134422235
1047,2016-12-28,0.0023023417249525835
1048,2016-12-29,0.0015319421136958944
1049,2017-01-02,0.0015296752797215873
1050,2017-01-03,0.027512570065738817
1051,2017-01-04,0.005930299179933041
1052,2017-01-05,-0.0007392976307150079
1053,2017-01-06,-0.007796623719478646
1054,2017-01-09,-0.002238806905271229
1055,2017-01-10,-0.006746652277332732
1056,2017-01-11,-0.009446508939793485
1057,2017-01-12,0.012075618435427593
1058,2017-01-13,-0.021612215601925833
1059,2017-01-16,-0.00038336209018474676
1060,2017-01-17,-0.0019189796347678367
1061,2017-01-18,0.0065096915113049825
1062,2017-01-19,0.0019065401026434614
1063,2017-01-20,0.030760114588577192
1064,2017-01-23,0.010290425241780365
1065,2017-01-24,0.018116437505302674
1066,2017-01-26,0.021666591151378256
1067,2017-01-27,-0.0007029174278874173
1068,2017-01-30,-0.01737940471750088
1069,2017-01-31,0.0
1070,2017-02-01,0.0
1071,2017-02-02,0.008550105220309856
1072,2017-02-03,0.00742180456756758
1073,2017-02-06,-0.006003902901762448
1074,2017-02-07,-0.011041964371226065
1075,2017-02-08,0.015636459030685224
1076,2017-02-09,0.0042223496189177645
1077,2017-02-10,0.00385491979044561
1078,2017-02-13,0.007318346085456895
1079,2017-02-14,-0.01187579489500612
1080,2017-02-15,0.020174666867185387
1081,2017-02-16,-0.04363823966648894
1082,2017-02-17,-0.019982463616114554
1083,2017-02-20,0.0011003485228990861
1084,2017-02-21,0.0032936899567888034
1085,2017-02-22,-0.009544859191609856
1086,2017-02-23,-0.0025854122403199398
1087,2017-02-24,0.001847367939992406
1088,2017-03-01,-0.0051813216362468495
1089,2017-03-02,0.0025939980712959
1090,2017-03-03,0.008843093736333962
1091,2017-03-06,-0.0018359102244267511
1092,2017-03-07,-0.0047890679998858765
1093,2017-03-08,0.002213169516664504
1094,2017-03-09,0.01026405657342977
1095,2017-03-10,0.006905388026655412
1096,2017-03-13,0.009731487863493093
1097,2017-03-14,0.013891621681182187
1098,2017-03-15,0.005643753957409459
1099,2017-03-16,0.014665067291200096
1100,2017-03-17,0.01034491984239283
1101,2017-03-20,0.005814964221949381
1102,2017-03-21,-0.007531702841003796
1103,2017-03-22,-0.020834086902842053
1104,2017-03-23,0.0014025598126274907
1105,2017-03-24,0.004893368644187213
1106,2017-03-27,0.007641579386966857
1107,2017-03-28,-0.0013850071226273464
1108,2017-03-29,
1109,2017-03-30,
1110,2017-03-31,-0.008925565605504282
1111,2017-04-03,0.0037859621235134533
1112,2017-04-04,-0.0027519796263257845
1113,2017-04-05,0.00034441190819478606
1114,2017-04-06,0.004466559487773303
1115,2017-04-07,-0.002746311372519461
1116,2017-04-10,0.005143162374467103
1117,2017-04-11,0.02799036211886019
1118,2017-04-12,-0.025258119981987015
1119,2017-04-13,0.0027247973261852465
1120,2017-04-17,0.012506500683048927
1121,2017-04-18,-0.002017519211869878
1122,2017-04-19,-0.0033714799299415787
1123,2017-04-20,-0.012916596762718946
1124,2017-04-24,0.03760093838235301
1125,2017-04-25,-0.011599135843352038
1126,2017-04-26,0.008298802814695083
1127,2017-04-27,-0.006633556773504523
1128,2017-04-28,0.00033272335468215175
1129,2017-05-02,0.010589113193205435
1130,2017-05-03,-0.00032915226634600003
1131,2017-05-04,-0.01894695203057628
1132,2017-05-05,0.0033501204423291853
1133,2017-05-08,0.009983477096765725
1134,2017-05-09,0.01184997408239985
1135,2017-05-10,0.023926134021419188
1136,2017-05-11,0.00541661370279467
1137,2017-05-12,-0.007335354328534827
1138,2017-05-15,0.0035149421074445186
1139,2017-05-16,0.0022303657485456263
1140,2017-05-17,-0.018307882476078507
1141,2017-05-18,-0.06425763136335316
1142,2017-05-19,0.019850069966804718
1143,2017-05-22,-0.011245645860208597
1144,2017-05-23,0.0243749373020008
1145,2017-05-24,0.0033389012655149486
1146,2017-05-25,0.006644575831250776
1147,2017-05-26,-0.006644575831250776
1148,2017-05-29,0.0
1149,2017-05-30,0.011269592258230876
1150,2017-05-31,-0.02807671057461203
1151,2017-06-01,0.006756816132912569
1152,2017-06-02,-0.005063369467527945
1153,2017-06-05,-0.0013545210563106203
1154,2017-06-06,-0.0020352449013958385
1155,2017-06-07,0.011814415900858855
1156,2017-06-08,-0.007409902671657864
1157,2017-06-09,-0.026028866711277576
1158,2017-06-12,-0.003475881210294851
1159,2017-06-13,-0.0006965517523007669
1160,2017-06-14,0.004172432962595618
1161,2017-06-15,0.0
1162,2017-06-16,0.009668583606071035
1163,2017-06-19,0.010256500167189042
1164,2017-06-20,-0.0006805376356648907
1165,2017-06-21,-0.01301830672249693
1166,2017-06-22,0.002410884584310491
1167,2017-06-23,-0.004136476009466428
1168,2017-06-26,-0.034080269323983
1169,2017-06-27,-0.006453984511967548
1170,2017-06-28,-0.0018001445329240973
1171,2017-06-29,0.003597126180849397
1172,2017-06-30,-0.0017969816479252998
1173,2017-07-03,0.009309054311027687
1174,2017-07-04,0.003202315549303947
1175,2017-07-05,0.006373959256726014
1176,2017-07-06,-0.02429558587408165
1177,2017-07-07,0.014719311068051688
1178,2017-07-10,-0.003570157436165733
1179,2017-07-11,0.023680202581396692
1180,2017-07-12,0.012840745804847842
1181,2017-07-13,0.01063289061827799
1182,2017-07-14,-0.009598908121090322
1183,2017-07-17,-0.007954460063984481
1184,2017-07-18,0.006230584472858958
1185,2017-07-19,-0.02728392348747599
1186,2017-07-20,-0.006046612552302655
1187,2017-07-21,0.001425989521033344
1188,2017-07-24,0.009925639799970298
1189,2017-07-25,-0.01420979479447837
1190,2017-07-26,-0.01368901034357739
1191,2017-07-27,-0.006185211641680954
1192,2017-07-28,-0.0036563478331479438
1193,2017-07-31,0.02496063796648551
1194,2017-08-01,0.00747470987769816
1195,2017-08-02,0.039288869584299224
1196,2017-08-03,-0.013040644428041315
1197,2017-08-04,0.029609070775274304
1198,2017-08-07,0.004350048613846802
1199,2017-08-08,-0.0067002259588004875
1200,2017-08-09,-0.0037043653019450673
1201,2017-08-10,-0.01256166598589914
1202,2017-08-11,0.008843628915903512
1203,2017-08-14,-0.012608822479240889
1204,2017-08-15,0.0003428767391726595
1205,2017-08-16,0.004446698013698125
1206,2017-08-17,-0.02418076406752112
1207,2017-08-18,0.008356594590941402
1208,2017-08-21,0.0024242436115065047
1209,2017-08-22,-0.0013845277153792246
1210,2017-08-23,0.0062154205616362646
1211,2017-08-24,0.010274097399593618
1212,2017-08-25,0.004080216542684312
1213,2017-08-28,0.007100655482390028
1214,2017-08-29,-0.0013486516094860512
1215,2017-08-30,-0.0040567669574218534
1216,2017-08-31,-0.00033881077742359267
1217,2017-09-01,0.0033829869310251226
1218,2017-09-04,-0.00711750154123747
1219,2017-09-05,0.015190165493975005
1220,2017-09-06,0.026447822543609334
1221,2017-09-07,0.0
1222,2017-09-08,0.015218069061646133
1223,2017-09-11,0.011819303669066805
1224,2017-09-12,-0.002543721562378032
1225,2017-09-13,0.01045140154770774
1226,2017-09-14,0.00971943706716738
1227,2017-09-15,0.023131332736862298
1228,2017-09-18,0.004562806395236763
1229,2017-09-19,0.01744923935656928
1230,2017-09-20,0.004166643118823199
1231,2017-09-21,-0.0020811663275748238
1232,2017-09-22,-0.016504471404838128
1233,2017-09-25,-0.004548817478911005
1234,2017-09-26,-0.0073216310192791845
1235,2017-09-27,-0.01108388827346074
1236,2017-09-28,-0.013715863399636596
1237,2017-09-29,0.010615147737041308
1238,2017-10-02,0.017852059203014026
1239,2017-10-03,0.03152949910246372
1240,2017-10-04,0.0008863643266212584
1241,2017-10-05,0.011452158469872575
1242,2017-10-06,-0.009976608570687162
1243,2017-10-09,-0.0014755498991854132
1244,2017-10-10,0.02306337711760653
1245,2017-10-11,0.00604228542207963
1246,2017-10-12,0.0
1247,2017-10-13,-0.00028698896032564036
1248,2017-10-16,-0.0005739380180513898
1249,2017-10-17,-0.0011491238919285607
1250,2017-10-18,0.0034433032092024973
1251,2017-10-19,-0.016171360672751156
1252,2017-10-20,-0.007304634805750609
1253,2017-10-23,-0.008836552735269176
1254,2017-10-24,0.0017736333351878741
1255,2017-10-25,-0.007708398793014659
1256,2017-10-26,0.0
1257,2017-10-27,0.011834517170814518
1258,2017-10-30,-0.006491642839823619
1259,2017-10-31,0.012356791531987099
1260,,
