,Time,Returns_ITSA4
0,2012-10-02,-0.002189027133445265
1,2012-10-03,-0.016564762528190835
2,2012-10-04,0.0033339815112138904
3,2012-10-05,0.008839942386309918
4,2012-10-08,0.0021986493490675496
5,2012-10-09,-0.02444677612646906
6,2012-10-10,-0.02390538530545383
7,2012-10-11,0.016001379687314632
8,2012-10-15,0.006778920045940051
9,2012-10-16,0.0033731433936250443
10,2012-10-17,-0.004499496209259712
11,2012-10-18,0.003376938472207325
12,2012-10-19,-0.0056351456672996125
13,2012-10-22,-0.011363044701328429
14,2012-10-23,-0.03252357276002038
15,2012-10-24,0.04501720173942414
16,2012-10-25,0.013453264184728475
17,2012-10-26,-0.013453264184728475
18,2012-10-29,0.002253975732651625
19,2012-10-30,0.010083820797353038
20,2012-10-31,-0.007833235140780381
21,2012-11-01,0.04396198609712432
22,2012-11-05,-0.004310403553932973
23,2012-11-06,0.00967201160878206
24,2012-11-07,-0.02490562275746777
25,2012-11-08,-0.021054071532747187
26,2012-11-09,-0.003363899861758446
27,2012-11-12,0.003363899861758446
28,2012-11-13,0.019957376180337105
29,2012-11-14,-0.018836914767527357
30,2012-11-16,0.002233828219655898
31,2012-11-19,0.03616833840473288
32,2012-11-21,0.01177167031047266
33,2012-11-22,0.010581440023901934
34,2012-11-23,0.011512948120374178
35,2012-11-26,-0.026358834482953064
36,2012-11-27,-0.010742169327561335
37,2012-11-28,0.007531457383205042
38,2012-11-29,0.020160458069403253
39,2012-11-30,0.009409088357906104
40,2012-12-03,0.02263420343292899
41,2012-12-04,-0.013312821422998278
42,2012-12-05,0.006165820454581361
43,2012-12-06,-0.013408952043841404
44,2012-12-07,0.007243131589260043
45,2012-12-10,0.0
46,2012-12-11,0.006165820454581361
47,2012-12-12,-0.006165820454581361
48,2012-12-13,-0.0010310860221121043
49,2012-12-14,-0.004136556892565979
50,2012-12-17,-0.006237875746512023
51,2012-12-18,0.006237875746512023
52,2012-12-19,0.0326230289375109
53,2012-12-20,-0.003013971910734048
54,2012-12-21,-0.0060553335643833694
55,2012-12-26,-0.00813022485070225
56,2012-12-27,-0.015423498611691233
57,2012-12-28,0.004136556892565979
58,2013-01-02,0.03448581016578367
59,2013-01-03,0.0314062747036179
60,2013-01-04,-0.004843766819411011
61,2013-01-07,-0.01270147548590983
62,2013-01-08,0.006859857213141529
63,2013-01-09,0.010685385092179311
64,2013-01-10,-0.008733414024559627
65,2013-01-11,0.00291865286120796
66,2013-01-14,0.007744564815614696
67,2013-01-15,-0.007744564815614696
68,2013-01-16,0.005814761163351667
69,2013-01-17,0.01629151331152512
70,2013-01-18,0.0028480390063287953
71,2013-01-21,-0.001898264133777472
72,2013-01-22,0.0
73,2013-01-23,0.0009488736561278355
74,2013-01-24,-0.004754822034074291
75,2013-01-28,-0.028034669998471706
76,2013-01-29,-0.0009805179649473583
77,2013-01-30,-0.014830274825552436
78,2013-01-31,0.003976195626451906
79,2013-02-01,-0.002981035236492291
80,2013-02-04,-0.025190180557394415
81,2013-02-05,0.022201723418063812
82,2013-02-06,-0.018128348445954012
83,2013-02-07,-0.00611553762619188
84,2013-02-08,0.01723288746825724
85,2013-02-13,-0.005037475479946041
86,2013-02-14,-0.005062980172628295
87,2013-02-15,0.045642608897227044
88,2013-02-18,0.010611781369459505
89,2013-02-19,-0.015472930302570687
90,2013-02-20,-0.0167093000813181
91,2013-02-21,-0.00895947777129047
92,2013-02-22,0.03149903772046159
93,2013-02-25,0.0019354088841567751
94,2013-02-26,-0.019530639594404153
95,2013-02-27,0.003937056385550086
96,2013-02-28,0.0146263469926462
97,2013-03-01,0.0029003488325838322
98,2013-03-04,-0.00386852150053274
99,2013-03-05,-0.0077822309354727
100,2013-03-06,0.019343186476274532
101,2013-03-07,0.007633711927429898
102,2013-03-08,0.029041144174944744
103,2013-03-11,-0.006483543302374661
104,2013-03-12,-0.014981721306060791
105,2013-03-13,-0.0009434994089070337
106,2013-03-14,-0.018104912430720654
107,2013-03-15,-0.002889177386143693
108,2013-03-18,0.015311484531813413
109,2013-03-19,-0.008583486799981221
110,2013-03-20,0.007633711927429898
111,2013-03-21,-0.011472532273118397
112,2013-03-22,-0.01160568029216158
113,2013-03-25,-0.007812630938586862
114,2013-03-26,0.007812630938586862
115,2013-03-27,0.0038835450970482466
116,2013-03-28,
117,2013-04-01,
118,2013-04-02,-0.017526695825230032
119,2013-04-03,0.0
120,2013-04-04,-0.025873131494826618
121,2013-04-05,0.0020148752410398263
122,2013-04-08,-0.001006177775265682
123,2013-04-09,0.023880520205135536
124,2013-04-10,0.01464208814861423
125,2013-04-11,0.005796464876135499
126,2013-04-12,-0.017492640911770607
127,2013-04-15,-0.020803000053383203
128,2013-04-16,0.020803000053383203
129,2013-04-17,-0.025820254542848975
130,2013-04-18,-0.03376279612202948
131,2013-04-19,0.024667506868544686
132,2013-04-22,-0.006110829185194122
133,2013-04-23,0.006110829185194122
134,2013-04-24,0.0040527349323733475
135,2013-04-25,0.005042554321111448
136,2013-04-26,
137,2013-04-29,
138,2013-04-30,0.03473245447435369
139,2013-05-02,-0.010496488236223955
140,2013-05-03,0.014404439366948463
141,2013-05-06,-0.002202146485865919
142,2013-05-07,0.016402040848984
143,2013-05-08,0.01935490164180087
144,2013-05-09,-0.003220451547462533
145,2013-05-10,-0.011897367426245475
146,2013-05-13,-0.017564641222225896
147,2013-05-14,0.0022132712789240117
148,2013-05-15,0.017524683312427403
149,2013-05-16,-0.007629564102442643
150,2013-05-17,0.011963529651573435
151,2013-05-20,0.0075391725715552305
152,2013-05-21,0.017021290818443946
153,2013-05-22,0.017773628559610843
154,2013-05-23,-0.013562839071204369
155,2013-05-24,-0.0021038880054204956
156,2013-05-27,-0.0031627310546498144
157,2013-05-28,0.009459752121877552
158,2013-05-29,-0.027574297432223727
159,2013-05-31,0.010695227426231524
160,2013-06-03,-0.010695227426231524
161,2013-06-04,-0.0021522597230296814
162,2013-06-05,-0.03174954190562951
163,2013-06-06,0.01326067767322714
164,2013-06-07,-0.014372586692284806
165,2013-06-10,0.003335017671481477
166,2013-06-11,-0.030424837437837082
167,2013-06-12,0.0
168,2013-06-13,0.006841181222397852
169,2013-06-14,-0.027651674517196856
170,2013-06-17,0.003498367984283046
171,2013-06-18,-0.005836904823864675
172,2013-06-19,-0.018914253813892223
173,2013-06-20,-0.0011928958918672183
174,2013-06-21,-0.0047907203176253965
175,2013-06-24,-0.04167276527469865
176,2013-06-25,0.0037474706352838005
177,2013-06-26,0.0
178,2013-06-27,0.017305973717053114
179,2013-06-28,0.006109537350135197
180,2013-07-01,0.006070805194693829
181,2013-07-02,-0.04963766543874848
182,2013-07-03,-0.012804188248131565
183,2013-07-04,0.011530606651736441
184,2013-07-05,-0.012820610864064719
185,2013-07-08,-0.0012916704729104556
186,2013-07-10,0.010283499571026367
187,2013-07-11,0.01648710302419043
188,2013-07-12,-0.006308278305844794
189,2013-07-15,0.016321490067587874
190,2013-07-16,0.00991227810615447
191,2013-07-17,0.014689049495593354
192,2013-07-18,0.0
193,2013-07-19,-0.003651672624183311
194,2013-07-22,0.019323824407740053
195,2013-07-23,0.016607952695746553
196,2013-07-24,-0.011834382115047504
197,2013-07-25,0.0
198,2013-07-26,
199,2013-07-29,
200,2013-07-30,0.0023774666582274673
201,2013-07-31,-0.005955103913914073
202,2013-08-01,0.0317486479768736
203,2013-08-02,0.001157198150356864
204,2013-08-05,-0.012798696421471023
205,2013-08-06,-0.029711651867816213
206,2013-08-07,-0.009696001727795167
207,2013-08-08,0.024068382590635595
208,2013-08-09,0.004743658306608056
209,2013-08-12,0.022237110969481888
210,2013-08-13,0.009215667284640627
211,2013-08-14,-0.016183976492579077
212,2013-08-15,-0.003504025497197638
213,2013-08-16,-0.017698676016050907
214,2013-08-19,-0.01197611369471896
215,2013-08-20,-0.008469608669536832
216,2013-08-21,-0.003651672624183311
217,2013-08-22,0.0
218,2013-08-23,0.03357671433953202
219,2013-08-26,-0.028710229370676466
220,2013-08-27,-0.01713649636554271
221,2013-08-28,0.0024654119358313853
222,2013-08-29,0.007361622952171576
223,2013-08-30,0.02296273424143669
224,2013-09-02,0.007142520638216521
225,2013-09-03,-0.02037221933337463
226,2013-09-04,0.0024177145555750457
227,2013-09-05,0.013197961587113172
228,2013-09-06,0.018890335824207405
229,2013-09-09,0.019688001989776716
230,2013-09-10,0.0034358301315735584
231,2013-09-11,-0.0011439655529477122
232,2013-09-12,-0.0022918645786258462
233,2013-09-13,0.0034358301315735584
234,2013-09-16,0.0011411192984012164
235,2013-09-17,0.019220529580819212
236,2013-09-18,0.02761138372870464
237,2013-09-19,-0.00327315680830198
238,2013-09-20,-0.03107948165604535
239,2013-09-23,0.018984410029632137
240,2013-09-24,-0.003323932288320508
241,2013-09-25,0.0
242,2013-09-26,-0.003335017671481477
243,2013-09-27,0.02420285757511187
244,2013-09-30,-0.02197877645345958
245,2013-10-01,0.009951309777128214
246,2013-10-02,-0.007730669488040354
247,2013-10-03,-0.0033328123916824826
248,2013-10-04,0.0011121721025946218
249,2013-10-07,0.003327620877593196
250,2013-10-08,-0.003327620877593196
251,2013-10-09,0.008850156423025224
252,2013-10-10,0.009862588449284004
253,2013-10-11,-0.008761435095181014
254,2013-10-14,0.0032947251316772785
255,2013-10-15,0.006557062364059396
256,2013-10-16,0.0054310785152880126
257,2013-10-17,0.005403194014881985
258,2013-10-18,0.016033733292482033
259,2013-10-21,-0.013881473569452352
260,2013-10-22,0.0053626331182108355
261,2013-10-23,-0.016173486190815822
262,2013-10-24,-0.002175679180594692
263,2013-10-25,-0.004367085906362922
264,2013-10-28,0.015201358436532919
265,2013-10-29,0.03702214669997539
266,2013-10-30,-0.002079830327032406
267,2013-10-31,0.004153946791707552
268,2013-11-01,-0.01041669502417042
269,2013-11-04,0.0020914741652067192
270,2013-11-05,-0.0073415062176611645
271,2013-11-06,-0.010582048938764466
272,2013-11-07,-0.015005845075990898
273,2013-11-08,-0.024044143038155497
274,2013-11-11,0.004415287584875527
275,2013-11-12,0.0
276,2013-11-13,0.016384019365127678
277,2013-11-14,0.022497233380710968
278,2013-11-18,0.01472180563479819
279,2013-11-19,-0.02644313373013496
280,2013-11-21,-0.01185888643905364
281,2013-11-22,-0.014199884857345246
282,2013-11-25,-0.01663995609083413
283,2013-11-26,0.007799582863535104
284,2013-11-27,0.027368075326476005
285,2013-11-28,-0.006500235422845613
286,2013-11-29,0.008658593349575305
287,2013-12-02,-0.019587599464849115
288,2013-12-03,-0.02222300360817675
289,2013-12-04,-0.007896366774395203
290,2013-12-05,-0.006817860023766498
291,2013-12-06,0.0147142267981617
292,2013-12-09,0.012284169819820168
293,2013-12-10,-0.006681194913574995
294,2013-12-11,-0.018039924269172447
295,2013-12-12,0.004540582588532072
296,2013-12-13,-0.00340311962122386
297,2013-12-16,0.0067946972868455635
298,2013-12-17,0.0
299,2013-12-18,0.008989376065058563
300,2013-12-19,0.01663995609083413
301,2013-12-20,-0.020001131148588147
302,2013-12-23,-0.001123411898531046
303,2013-12-26,-0.0022490987686674124
304,2013-12-27,0.0022490987686674124
305,2013-12-30,0.0
306,2014-01-02,-0.013574172038101295
307,2014-01-03,0.0034108562576522505
308,2014-01-06,0.006787007858957583
309,2014-01-07,-0.0033877460060705022
310,2014-01-08,0.005639378555202468
311,2014-01-09,-0.025057494317489715
312,2014-01-10,-0.004624568600908541
313,2014-01-13,-0.0011598825786063305
314,2014-01-14,0.006937647697281113
315,2014-01-15,-0.006937647697281113
316,2014-01-16,-0.008153913317055395
317,2014-01-17,-0.009399767082089117
318,2014-01-20,-0.004734025551431875
319,2014-01-21,0.0070918666206969405
320,2014-01-22,-0.003539646502002336
321,2014-01-23,-0.023924439452069235
322,2014-01-24,-0.0072900590375943874
323,2014-01-27,0.020519757732752497
324,2014-01-28,0.0011928958918672183
325,2014-01-29,-0.012004880031450282
326,2014-01-30,0.0012074819775262924
327,2014-01-31,0.015559606075970844
328,2014-02-03,-0.024039478931333402
329,2014-02-04,0.05675311069759381
330,2014-02-05,-0.005762889552944017
331,2014-02-06,0.014916829292825229
332,2014-02-07,0.0022746856424822326
333,2014-02-10,-0.004556096371048923
334,2014-02-11,0.0022814107285666907
335,2014-02-12,-0.011454801133981674
336,2014-02-13,-0.01392218774073295
337,2014-02-14,0.00930296143153253
338,2014-02-17,-0.004640662618352387
339,2014-02-18,-0.015231439168872818
340,2014-02-19,0.0016064158281201557
341,2014-02-20,-0.0023691735446298434
342,2014-02-21,0.007092329631265937
343,2014-02-24,0.0058715666628355034
344,2014-02-25,-0.014151388712953183
345,2014-02-26,-0.014354528666632893
346,2014-02-27,0.023810477380776573
347,2014-02-28,-0.003534123444422388
348,2014-03-05,-0.020276353936354186
349,2014-03-06,0.021455255539546414
350,2014-03-07,-0.021455255539546414
351,2014-03-10,-0.0060418633897043605
352,2014-03-11,0.010850174115898392
353,2014-03-12,-0.0072203529861749605
354,2014-03-13,-0.010929230936207457
355,2014-03-14,-0.02222346840657985
356,2014-03-17,0.011173468251417296
357,2014-03-18,0.0159227326082112
358,2014-03-19,0.0036386242054060602
359,2014-03-20,0.032163645638250804
360,2014-03-21,-0.00469937838376655
361,2014-03-24,0.036998448601820666
362,2014-03-25,0.00565889972492295
363,2014-03-26,-0.0011298279541396283
364,2014-03-27,0.03114919123572024
365,2014-03-28,-0.006593524537500617
366,2014-03-31,0.019651565909646118
367,2014-04-01,0.012889724456093488
368,2014-04-02,0.03254832385255724
369,2014-04-03,-0.0031040305035592297
370,2014-04-04,-0.012513378754508642
371,2014-04-07,0.015617409258067871
372,2014-04-08,-0.019824047366964415
373,2014-04-09,-0.01593116499472491
374,2014-04-10,0.010648926771578804
375,2014-04-11,0.018888559569343544
376,2014-04-14,-0.010450037599327722
377,2014-04-15,-0.02445618665128202
378,2014-04-16,0.013897217097649017
379,2014-04-17,0.023085416674016646
380,2014-04-22,0.0062048687996254515
381,2014-04-23,-0.0041313716547313195
382,2014-04-24,0.021505140411576695
383,2014-04-25,0.0
384,2014-04-28,-0.006097671406321226
385,2014-04-29,0.0030534833955329077
386,2014-04-30,-0.006116319116371116
387,2014-05-02,-0.002046655931362551
388,2014-05-05,0.0438018757276053
389,2014-05-06,-0.0032423319883267965
390,2014-05-07,0.0032423319883267965
391,2014-05-08,-0.015218077317529666
392,2014-05-09,-0.0021926574867676685
393,2014-05-12,0.015249908710215365
394,2014-05-13,-0.00650665007584772
395,2014-05-14,0.004342467365886282
396,2014-05-15,-0.007613070538914357
397,2014-05-16,0.009777253248875795
398,2014-05-19,-0.009777253248875795
399,2014-05-20,-0.018733248664641877
400,2014-05-21,-0.024775113039842145
401,2014-05-22,0.007948890809793552
402,2014-05-23,-0.006809459191878364
403,2014-05-26,-0.0022815566515344
404,2014-05-27,-0.006871860495886395
405,2014-05-28,0.02160359137022816
406,2014-05-29,-0.015873766624679098
407,2014-05-30,-0.023121813640067268
408,2014-06-02,0.008154012096007746
409,2014-06-03,-0.0058179089867214095
410,2014-06-04,-0.0035062043729576775
411,2014-06-05,-0.008230711794080303
412,2014-06-06,0.03023463499693313
413,2014-06-09,0.03045882991137039
414,2014-06-10,0.006644911030950107
415,2014-06-11,0.02075402649588165
416,2014-06-13,-0.0021641827099614375
417,2014-06-16,-0.004342467365886282
418,2014-06-17,-0.01424737642003393
419,2014-06-18,0.01315880675806147
420,2014-06-20,-0.01095406068263749
421,2014-06-23,-0.005521006265632344
422,2014-06-24,0.0011066424668033648
423,2014-06-25,-0.02918253911615798
424,2014-06-26,-0.004566933889204483
425,2014-06-27,-0.004586483258216312
426,2014-06-30,-0.0011499152169252014
427,2014-07-01,0.0022985096474910094
428,2014-07-02,-0.01503847199566688
429,2014-07-03,0.008125621285291817
430,2014-07-04,-0.004634314039545284
431,2014-07-07,0.009248655102429337
432,2014-07-08,-0.005770907672137948
433,2014-07-10,0.03413349000891008
434,2014-07-11,-0.0011203947147131466
435,2014-07-14,0.023244605324066248
436,2014-07-15,0.008714689768307249
437,2014-07-16,-0.024150904541473617
438,2014-07-17,0.0033286508407417426
439,2014-07-18,0.04228174809234497
440,2014-07-21,0.00423796027892509
441,2014-07-22,0.007372525537820529
442,2014-07-23,-0.0031537348725820813
443,2014-07-24,0.011513273514064615
444,2014-07-25,-0.0020842971265047083
445,2014-07-28,-0.004179115891136398
446,2014-07-29,0.001046417457579718
447,2014-07-30,0.0
448,2014-07-31,-0.007349308213101757
449,2014-08-01,-0.010593044032037646
450,2014-08-04,0.011646074291136177
451,2014-08-05,0.012553160705744748
452,2014-08-06,0.0
453,2014-08-07,-0.012553160705744748
454,2014-08-08,-0.00633487914718911
455,2014-08-11,0.018888039852933858
456,2014-08-12,0.0
457,2014-08-13,-0.02313499661621199
458,2014-08-14,0.00952880565136871
459,2014-08-15,0.021887845812166074
460,2014-08-18,0.014330193918816736
461,2014-08-19,0.023104019885527904
462,2014-08-20,0.005940940643521575
463,2014-08-21,0.0039415091889050125
464,2014-08-22,-0.01087584486866744
465,2014-08-25,0.02454709569165381
466,2014-08-26,0.008691401092855155
467,2014-08-27,0.028438352207432516
468,2014-08-28,-0.006563720847359011
469,2014-08-29,0.029659393963345604
470,2014-09-01,0.004556252361977542
471,2014-09-02,0.018018029858550833
472,2014-09-03,-0.0053718412575092245
473,2014-09-04,-0.022697264345505452
474,2014-09-05,0.000917716530359769
475,2014-09-08,-0.02414213479240601
476,2014-09-09,-0.010391770946579726
477,2014-09-10,-0.010500894832736307
478,2014-09-11,-0.0009611835017921955
479,2014-09-12,-0.03519381403359878
480,2014-09-15,0.01872861973322859
481,2014-09-16,0.030771803176770973
482,2014-09-17,0.0018930223142694658
483,2014-09-18,0.000944592623869589
484,2014-09-19,-0.034586313252719325
485,2014-09-22,-0.009823006064345385
486,2014-09-23,-0.012916739867110394
487,2014-09-24,0.005982404187347967
488,2014-09-25,-0.029250052721111253
489,2014-09-26,0.03618438840087368
490,2014-09-29,-0.0684287606661722
491,2014-09-30,-0.02028859559109808
492,2014-10-01,-0.03067132800759964
493,2014-10-02,0.02526246892815953
494,2014-10-03,0.0214594943916131
495,2014-10-06,0.06374262978115386
496,2014-10-07,0.0029831505204218622
497,2014-10-08,-0.011987598739249705
498,2014-10-09,0.00601237187767234
499,2014-10-10,-0.03974064179009007
500,2014-10-13,0.06343265224233141
501,2014-10-14,0.013566459476662462
502,2014-10-15,-0.03825904229091526
503,2014-10-16,-0.036663533529136316
504,2014-10-17,0.03165173401347543
505,2014-10-20,-0.020305977165530287
506,2014-10-21,-0.06351305676982033
507,2014-10-22,-0.005478652031314368
508,2014-10-23,-0.04495155748478141
509,2014-10-24,0.02944697267317764
510,2014-10-27,-0.015748767887614923
511,2014-10-28,0.03782414244842691
512,2014-10-29,-0.031044081368497345
513,2014-10-30,0.07378582492179486
514,2014-10-31,0.033936413406462584
515,2014-11-03,-0.005067681888581532
516,2014-11-04,0.01812714685932404
517,2014-11-05,-0.006006354344804343
518,2014-11-06,-0.03785682559884407
519,2014-11-07,0.016546477065072285
520,2014-11-10,0.0
521,2014-11-11,-0.0051406378995646484
522,2014-11-12,0.010256230472037497
523,2014-11-13,-0.03636732120261543
524,2014-11-14,0.0105261356739339
525,2014-11-17,-0.0105261356739339
526,2014-11-18,0.0281705181130687
527,2014-11-19,0.038350272950458564
528,2014-11-21,0.0567730897463572
529,2014-11-24,-0.0198405659378893
530,2014-11-25,0.01890481344296413
531,2014-11-26,-0.015094687071366852
532,2014-11-27,-0.007633655978926068
533,2014-11-28,0.005730988767692402
534,2014-12-01,-0.054808449381048785
535,2014-12-02,-0.0010063929529464666
536,2014-12-03,0.009022499810355189
537,2014-12-04,-0.022201110306103278
538,2014-12-05,0.021202756470729778
539,2014-12-08,-0.038701834840548344
540,2014-12-09,0.009302275280271832
541,2014-12-10,-0.01869189603332755
542,2014-12-11,0.012499582533989972
543,2014-12-12,-0.05423953275340887
544,2014-12-15,-0.02098323684291814
545,2014-12-16,-0.0011165287616319297
546,2014-12-17,0.05541857825649976
547,2014-12-18,-0.006363045245228793
548,2014-12-19,0.020010812298027147
549,2014-12-22,0.0031241843181848417
550,2014-12-23,0.0010388069495417263
551,2014-12-26,-0.01569913821522073
552,2014-12-29,0.0031603768352428396
553,2014-12-30,-0.01269928056644476
554,2015-01-02,-0.023708445053934657
555,2015-01-05,0.00326704288528612
556,2015-01-06,0.0075800902034481865
557,2015-01-07,0.037060546962081276
558,2015-01-08,0.010341082229813559
559,2015-01-09,-0.03560568941744524
560,2015-01-12,-0.017204798853889702
561,2015-01-13,0.0032480329853581402
562,2015-01-14,0.005391366623197058
563,2015-01-15,-0.0021525336710532805
564,2015-01-16,0.018153104220764327
565,2015-01-19,-0.046570092340235014
566,2015-01-20,0.019758891057960692
567,2015-01-21,0.039429078026391284
568,2015-01-22,0.010394836200994462
569,2015-01-23,-0.007264133936354611
570,2015-01-26,-0.0010433274436865148
571,2015-01-27,0.0
572,2015-01-28,-0.021075050678696083
573,2015-01-29,-0.006410633701449342
574,2015-01-30,-0.020574227111498367
575,2015-02-02,0.009798540043703952
576,2015-02-03,0.031986129932962015
577,2015-02-04,0.03606747254000098
578,2015-02-05,0.0
579,2015-02-06,0.012072022721240305
580,2015-02-09,-0.007023573612970235
581,2015-02-10,-0.013178610495748089
582,2015-02-11,-0.0393650793355369
583,2015-02-12,0.012684947198288832
584,2015-02-13,0.0340760491515395
585,2015-02-18,0.015114614688455319
586,2015-02-19,-0.002001968498159812
587,2015-02-20,0.002001968498159812
588,2015-02-23,0.006975495201571924
589,2015-02-24,0.008897585417920517
590,2015-02-25,0.003929212322035802
591,2015-02-26,0.005865021687859073
592,2015-02-27,-0.016707725357787417
593,2015-03-02,-0.00996007253603004
594,2015-03-03,0.0019999665624643725
595,2015-03-04,-0.008023978028973033
596,2015-03-05,-0.00403749452296065
597,2015-03-06,-0.021461897017321707
598,2015-03-09,-0.026165370986524383
599,2015-03-10,-0.024692192810966684
600,2015-03-11,0.03313983147216604
601,2015-03-12,0.0041972081974051
602,2015-03-13,-0.007356715798118696
603,2015-03-16,0.003159507600713596
604,2015-03-17,0.023896847926204057
605,2015-03-18,0.03827313933696663
606,2015-03-19,0.000987637767620786
607,2015-03-20,-0.003956417162645387
608,2015-03-23,-0.0009915549564349924
609,2015-03-24,-0.0019860643399152167
610,2015-03-25,0.006934036458995596
611,2015-03-26,-0.029046348905928276
612,2015-03-27,-0.019497478884704655
613,2015-03-30,0.030615365221705826
614,2015-03-31,0.003010487636522008
615,2015-04-01,0.0344686138932242
616,2015-04-02,0.017274619043362804
617,2015-04-06,0.017917406801855496
618,2015-04-07,-0.0018708759604368908
619,2015-04-08,-0.0018743826989937595
620,2015-04-09,-0.018940796838862184
621,2015-04-10,0.006669759137427622
622,2015-04-13,-0.0009501034429497679
623,2015-04-14,-0.004764105019197107
624,2015-04-15,0.01516592232931524
625,2015-04-16,-0.004714690113271747
626,2015-04-17,-0.01140678289132424
627,2015-04-20,-0.01057176566535789
628,2015-04-22,0.007699622931566452
629,2015-04-23,0.011439404948212939
630,2015-04-24,0.03263752775105111
631,2015-04-27,-0.008291018033573128
632,2015-04-28,-0.006496432414234921
633,2015-04-29,-0.0046662844775471335
634,2015-04-30,-0.007512791525055462
635,2015-05-04,0.009381919032123154
636,2015-05-05,-0.012023463836329906
637,2015-05-06,-0.010450400042607999
638,2015-05-07,0.006283104981454901
639,2015-05-08,0.013479268827219393
640,2015-05-11,0.00308444196606672
641,2015-05-12,-0.009283162249208221
642,2015-05-13,-0.018828925760245863
643,2015-05-14,0.008412339120466239
644,2015-05-15,0.010416586639779624
645,2015-05-18,-0.012512755806472597
646,2015-05-19,-0.015865271751477117
647,2015-05-20,-0.009641166989054817
648,2015-05-21,-0.0021548980944308127
649,2015-05-22,-0.0295598892142368
650,2015-05-25,0.011050877217936517
651,2015-05-26,-0.01662121432365815
652,2015-05-27,0.02428311177965181
653,2015-05-28,-0.005466787074334345
654,2015-05-29,-0.033448619591990525
655,2015-06-01,-0.0011342861463443654
656,2015-06-02,0.030186636393240374
657,2015-06-03,-0.022272273063888903
658,2015-06-05,-0.03203907535902095
659,2015-06-08,0.0034818587333882434
660,2015-06-09,0.002314522154209353
661,2015-06-10,0.006912868203972966
662,2015-06-11,-0.01503724172815879
663,2015-06-12,-0.0023347183846600394
664,2015-06-15,0.010459091908845863
665,2015-06-16,0.032977111612694454
666,2015-06-17,-0.015784354683202384
667,2015-06-18,0.0302204219486919
668,2015-06-19,-0.016675423822381408
669,2015-06-22,0.0055890167787122635
670,2015-06-23,0.0
671,2015-06-24,-0.002231859659425517
672,2015-06-25,-0.01690215524559724
673,2015-06-26,0.021360904457431662
674,2015-06-29,-0.012310966915500376
675,2015-06-30,0.003372256238018956
676,2015-07-01,-0.002246906784277858
677,2015-07-02,0.016732466573164295
678,2015-07-03,-0.016732466573164295
679,2015-07-06,-0.009039712783092568
680,2015-07-07,-0.005690810449852091
681,2015-07-08,0.0
682,2015-07-10,0.02480331579800632
683,2015-07-13,0.0011128248966976173
684,2015-07-14,0.0
685,2015-07-15,-0.006695601213082547
686,2015-07-16,0.0
687,2015-07-17,-0.014665303244349115
688,2015-07-20,0.0022698603589241806
689,2015-07-21,-0.0011342861463443654
690,2015-07-22,-0.014865285750221169
691,2015-07-23,-0.053235265980121405
692,2015-07-24,-0.028344950632281485
693,2015-07-27,0.0
694,2015-07-28,0.009950440484716161
695,2015-07-29,0.02082138595152294
696,2015-07-30,-0.013422657587403464
697,2015-07-31,0.031441522596027394
698,2015-08-03,0.003564611131444906
699,2015-08-04,-0.027663095087980594
700,2015-08-05,-0.0036647793078308233
701,2015-08-06,-0.02102742818049652
702,2015-08-07,-0.031748876907934376
703,2015-08-10,0.01282047912216
704,2015-08-11,-0.01282047912216
705,2015-08-12,-0.0038779851895238693
706,2015-08-13,-0.018301728262400285
707,2015-08-14,-0.002641673249277998
708,2015-08-17,-0.006636350452889017
709,2015-08-18,-0.008020412185416603
710,2015-08-19,-0.014876291313334455
711,2015-08-20,-0.002728168427522659
712,2015-08-21,-0.008230974191972162
713,2015-08-24,-0.020876471706291033
714,2015-08-25,0.00140530225059865
715,2015-08-26,0.05731469585232363
716,2015-08-27,0.030047050583699386
717,2015-08-28,-0.03270422729203237
718,2015-08-31,-0.03243414310293713
719,2015-09-01,-0.009662206248979066
720,2015-09-02,0.006909999663617938
721,2015-09-03,0.029853680880438827
722,2015-09-04,-0.024358338384654177
723,2015-09-08,0.005463800123710172
724,2015-09-09,0.0108403406046238
725,2015-09-10,-0.030097231124304846
726,2015-09-11,0.027398516978478282
727,2015-09-14,0.04750214115988349
728,2015-09-15,-0.006463323049305858
729,2015-09-16,0.02054009018657532
730,2015-09-17,0.0025377478823933597
731,2015-09-18,-0.04404868684249985
732,2015-09-21,-0.02548734557055443
733,2015-09-22,0.012154041088045187
734,2015-09-23,-0.0341331818330155
735,2015-09-24,-0.00696932533786776
736,2015-09-25,-0.021202650119864552
737,2015-09-28,0.0028542857724047632
738,2015-09-29,0.0
739,2015-09-30,0.016948961848272992
740,2015-10-01,0.011142301133600263
741,2015-10-02,0.02732365782775914
742,2015-10-05,0.0226526109071834
743,2015-10-06,0.01438980033948889
744,2015-10-07,0.030691866975754545
745,2015-10-08,0.0037721291672545565
746,2015-10-09,0.0074990801152421405
747,2015-10-13,-0.03936937264622897
748,2015-10-14,-0.023592071686181937
749,2015-10-15,-0.003987680278385364
750,2015-10-16,-0.01746109395635531
751,2015-10-19,0.01879159752640769
752,2015-10-20,-0.013386866464179636
753,2015-10-21,-0.0013484466909343684
754,2015-10-22,0.014735313155114005
755,2015-10-23,-0.006670291224570857
756,2015-10-26,-0.01483466561894331
757,2015-10-27,-0.00818605034899944
758,2015-10-28,-0.006873527859289963
759,2015-10-29,-0.01528829037373547
760,2015-10-30,0.008368727837054557
761,2015-11-03,0.042153594018432106
762,2015-11-04,0.006636350452889017
763,2015-11-05,0.015747807722651386
764,2015-11-06,-0.023716434344052795
765,2015-11-09,-0.020201622636535355
766,2015-11-10,0.0
767,2015-11-11,0.021533898805047746
768,2015-11-12,0.005312892297092642
769,2015-11-13,-0.020067969337046465
770,2015-11-16,0.00673466485453722
771,2015-11-17,0.01465676263830562
772,2015-11-18,0.009216937285974725
773,2015-11-19,0.015604449415227428
774,2015-11-23,-0.0025836517660320357
775,2015-11-24,0.0038729787318705355
776,2015-11-25,-0.04885423430241942
777,2015-11-26,0.018767879924607378
778,2015-11-27,-0.024194608547165375
779,2015-11-30,-0.013700132676703447
780,2015-12-01,0.0245242994183954
781,2015-12-02,-0.017650771559105438
782,2015-12-03,0.040273240518505116
783,2015-12-04,-0.010582233325991508
784,2015-12-07,-0.010693927500836642
785,2015-12-08,-0.006743746251705485
786,2015-12-09,0.04885423430241942
787,2015-12-10,-0.01820508438431956
788,2015-12-11,-0.006583920353641082
789,2015-12-14,-0.030854762880720088
790,2015-12-15,0.005435609542395747
791,2015-12-16,-0.006798763393574436
792,2015-12-17,0.024259857349929748
793,2015-12-18,-0.049122919356299866
794,2015-12-21,-0.01834836434745979
795,2015-12-22,0.00426385511451377
796,2015-12-23,-0.007118140886918534
797,2015-12-28,-0.002860869684430778
798,2015-12-29,0.0
799,2015-12-30,-0.014430029641986586
800,2016-01-04,-0.04154864201336328
801,2016-01-05,0.016528861900041436
802,2016-01-06,0.008902645379428975
803,2016-01-07,-0.01488097442796299
804,2016-01-08,0.0
805,2016-01-11,-0.0120666398872471
806,2016-01-12,-0.012214023925667838
807,2016-01-13,0.0030670963583190325
808,2016-01-14,0.004583078070014679
809,2016-01-15,-0.01691002988560797
810,2016-01-18,-0.004661419476717388
811,2016-01-19,-0.010963641595516105
812,2016-01-20,-0.011085176731098212
813,2016-01-21,0.0031792499039677846
814,2016-01-22,0.01574983993075252
815,2016-01-26,0.015503920363350465
816,2016-01-27,0.0015370830625351939
817,2016-01-28,0.021276377913637567
818,2016-01-29,0.03400239506113323
819,2016-02-01,0.005797982861887707
820,2016-02-02,-0.08596167236616625
821,2016-02-03,0.050663516606070935
822,2016-02-04,0.01633251703989358
823,2016-02-05,-0.001473652009978954
824,2016-02-10,0.001473652009978954
825,2016-02-11,-0.022339439800575622
826,2016-02-12,0.0015047005977564254
827,2016-02-15,0.0015041024560267235
828,2016-02-16,0.014903149721081865
829,2016-02-17,0.004427487025710608
830,2016-02-18,-0.017830453303541827
831,2016-02-19,-0.02581774687545013
832,2016-02-22,0.03328509039090566
833,2016-02-23,-0.0014890144669215122
834,2016-02-24,-0.007478512491784661
835,2016-02-25,0.007478512491784661
836,2016-02-26,-0.008982614947811385
837,2016-02-29,0.02524270996343736
838,2016-03-01,0.040236556171199034
839,2016-03-02,0.015373751947214798
840,2016-03-03,0.0786550777359305
841,2016-03-04,0.0389733467442146
842,2016-03-07,-0.012406904208433156
843,2016-03-08,0.03435891958665471
844,2016-03-09,-0.024420838528431243
845,2016-03-10,0.036411197229395675
846,2016-03-11,0.017720855123517065
847,2016-03-14,-0.007049658953652838
848,2016-03-15,-0.05952015741644545
849,2016-03-16,-0.025349469380900214
850,2016-03-17,0.09775756337026187
851,2016-03-18,-0.0011646737618558056
852,2016-03-21,0.012738682724012573
853,2016-03-22,-0.03632559650027778
854,2016-03-23,-0.030287176213821043
855,2016-03-24,0.0
856,2016-03-28,0.038605962664867155
857,2016-03-29,0.010594523467811534
858,2016-03-30,-0.008230756309365983
859,2016-03-31,-0.036061009349096285
860,2016-04-01,0.0
861,2016-04-04,-0.033606000144588144
862,2016-04-05,-0.00507691268787358
863,2016-04-06,-0.027080373003848468
864,2016-04-07,0.014276307713717795
865,2016-04-08,0.0575888504457045
866,2016-04-11,0.0024298242462421626
867,2016-04-12,0.04508425125491433
868,2016-04-13,0.004630329120859145
869,2016-04-14,-0.02100417024031831
870,2016-04-15,0.016373841119459165
871,2016-04-18,-0.008154055631431678
872,2016-04-19,-0.0011701265343746492
873,2016-04-20,-0.020107188360439565
874,2016-04-22,-0.009604025464041932
875,2016-04-25,-0.010915772526149947
876,2016-04-26,0.03593273999825941
877,2016-04-27,0.024405091937938383
878,2016-04-28,-0.0022985590041462167
879,2016-04-29,-0.0034577752947546614
880,2016-05-02,-0.022185267596031455
881,2016-05-03,-0.056089617492842914
882,2016-05-04,0.016350348812085747
883,2016-05-05,-0.010870475032810134
884,2016-05-06,0.0040896035743338555
885,2016-05-09,0.013514721050204015
886,2016-05-10,0.045909779255802974
887,2016-05-11,-0.006430715483755733
888,2016-05-12,0.011544907508783897
889,2016-05-13,-0.023225972293940522
890,2016-05-16,-0.005236000357272452
891,2016-05-17,-0.032002408886306455
892,2016-05-18,0.0
893,2016-05-19,0.0054044590015527305
894,2016-05-20,-0.012202397494459394
895,2016-05-23,0.0027236276993909403
896,2016-05-24,-0.009569477353609468
897,2016-05-25,-0.001373981059289875
898,2016-05-27,0.0
899,2016-05-30,-0.0013758714809426476
900,2016-05-31,-0.016666877713282346
901,2016-06-01,0.01941673025351487
902,2016-06-02,0.0027436905120208355
903,2016-06-03,0.0068257868415886325
904,2016-06-06,-0.01369848544224328
905,2016-06-07,0.017772796235759003
906,2016-06-08,0.017461091595371236
907,2016-06-09,0.006635550663796952
908,2016-06-10,-0.05436115714887113
909,2016-06-13,0.009729080476922558
910,2016-06-14,-0.01955374668340326
911,2016-06-15,-0.001410827230109435
912,2016-06-16,0.022347542200451098
913,2016-06-17,-0.013908052274798077
914,2016-06-20,0.016666877713282346
915,2016-06-21,-0.009688672530999698
916,2016-06-22,-0.00838055583040953
917,2016-06-23,0.03581638399787823
918,2016-06-24,-0.024657844716748034
919,2016-06-27,-0.030989261896116505
920,2016-06-28,0.028211278445395838
921,2016-06-29,0.023368407197616792
922,2016-06-30,0.03077190733689683
923,2016-07-01,0.009180407927422696
924,2016-07-04,-0.0013070900307696753
925,2016-07-05,-0.011834676953641043
926,2016-07-06,-0.00530411026136246
927,2016-07-07,0.00794631646366728
928,2016-07-08,0.028611341051018258
929,2016-07-11,0.0012806799025772975
930,2016-07-12,-0.015484027813514434
931,2016-07-13,0.023137691403033678
932,2016-07-14,0.043512216660051894
933,2016-07-15,-0.004878417747657071
934,2016-07-18,0.021766662143040794
935,2016-07-19,0.005962885102509308
936,2016-07-20,-0.0035744236219819037
937,2016-07-21,-0.009591904733427192
938,2016-07-22,0.0024069178677730285
939,2016-07-25,-0.004819642969513094
940,2016-07-26,-0.009708310047557234
941,2016-07-27,0.015728638749160417
942,2016-07-28,-0.012077121396909973
943,2016-07-29,0.015672961049946643
944,2016-08-01,-0.012034728780667248
945,2016-08-02,0.00603486295199307
946,2016-08-03,0.03894290665234168
947,2016-08-04,0.002312311962209712
948,2016-08-05,-0.003469892875864744
949,2016-08-08,-0.006976116461882675
950,2016-08-09,-0.0011682161940660407
951,2016-08-10,-0.012934117575116755
952,2016-08-11,0.028007395810513813
953,2016-08-12,0.0011495924149591552
954,2016-08-15,0.008013797874527828
955,2016-08-16,-0.010315465484920239
956,2016-08-17,0.01600037816222688
957,2016-08-18,0.00452522951384049
958,2016-08-19,-0.00907102985280206
959,2016-08-22,-0.027715136717907818
960,2016-08-23,0.0011709506652568535
961,2016-08-24,-0.0035157919406083593
962,2016-08-25,-0.002349168226067455
963,2016-08-26,0.009367261394929383
964,2016-08-29,0.015037246981131958
965,2016-08-30,0.0022937497611090762
966,2016-08-31,-0.015002535093289637
967,2016-09-01,0.006951867844030346
968,2016-09-02,0.013761555331415654
969,2016-09-05,-0.003422387570844787
970,2016-09-06,0.007968187909806357
971,2016-09-08,-0.01369871055183447
972,2016-09-09,-0.047067441157319756
973,2016-09-12,0.008398387086524295
974,2016-09-13,-0.0047907834866611765
975,2016-09-14,-0.010863313172574163
976,2016-09-15,0.02279751059778201
977,2016-09-16,-0.011934197425207849
978,2016-09-19,0.0023982606913892646
979,2016-09-20,0.005970009119529607
980,2016-09-21,0.005934579521064798
981,2016-09-22,0.015268013613948472
982,2016-09-23,-0.008191987458134875
983,2016-09-26,-0.011820150732251289
984,2016-09-27,0.014167742989289689
985,2016-09-28,0.010495909357888689
986,2016-09-29,-0.02943159361606318
987,2016-09-30,-0.003590330696973787
988,2016-10-03,0.017825306280646824
989,2016-10-04,-0.014234975583673037
990,2016-10-05,0.013056931202559241
991,2016-10-06,0.016374662413503938
992,2016-10-07,0.011533842554495966
993,2016-10-10,0.0147976002134107
994,2016-10-11,-0.010220595833823953
995,2016-10-13,0.0
996,2016-10-14,0.01585539761239252
997,2016-10-17,0.00894813956139906
998,2016-10-18,0.013274400635984396
999,2016-10-19,-0.006614617508609477
1000,2016-10-20,0.00441423335324842
1001,2016-10-21,-0.007739139449271182
1002,2016-10-24,-0.005564697499229165
1003,2016-10-25,-0.013483218165925237
1004,2016-10-26,0.0022600550463351965
1005,2016-10-27,0.021217875087299554
1006,2016-10-28,0.002207669517474642
1007,2016-10-31,0.0399839429343678
1008,2016-11-01,-0.0224969697671642
1009,2016-11-03,-0.019694642684678243
1010,2016-11-04,0.019694642684678243
1011,2016-11-07,0.02355527637303334
1012,2016-11-08,0.0052769169425155305
1013,2016-11-09,-0.021276828771621403
1014,2016-11-10,-0.052993111829745754
1015,2016-11-11,-0.027587685163358966
1016,2016-11-14,-0.0011656798447656769
1017,2016-11-16,0.032148636769464556
1018,2016-11-17,-0.02401493939392685
1019,2016-11-18,0.016073867293625366
1020,2016-11-21,0.010198577386312468
1021,2016-11-22,0.0
1022,2016-11-23,-0.018203215229577907
1023,2016-11-24,-0.008069229450359927
1024,2016-11-25,-0.004639555881820634
1025,2016-11-28,0.009258845352180689
1026,2016-11-29,-0.01977929445926696
1027,2016-11-30,0.011682065369781114
1028,2016-12-01,-0.05245571150844475
1029,2016-12-02,0.003666131901705949
1030,2016-12-05,-0.004890346347579566
1031,2016-12-06,0.021819437886427373
1032,2016-12-07,0.0023953868633492803
1033,2016-12-08,-0.0011975789616474053
1034,2016-12-09,0.005970009119529607
1035,2016-12-12,-0.04007814338016091
1036,2016-12-13,0.00494475190088961
1037,2016-12-14,-0.006184145293553378
1038,2016-12-15,0.0
1039,2016-12-16,-0.004975502148116817
1040,2016-12-19,-0.017610556236052233
1041,2016-12-20,0.010100576026255137
1042,2016-12-21,0.0
1043,2016-12-22,0.007509980209797096
1044,2016-12-23,-0.015075513060460288
1045,2016-12-26,0.01257844772966532
1046,2016-12-27,-0.003756696814338323
1047,2016-12-28,0.013707762697158898
1048,2016-12-29,0.024450439856393835
1049,2017-01-02,-0.008490064182984813
1050,2017-01-03,0.04291557598575446
1051,2017-01-04,0.0058171940015578905
1052,2017-01-05,0.009237460454732282
1053,2017-01-06,-0.0034539105791453473
1054,2017-01-09,0.010327297058495777
1055,2017-01-10,-0.00687338647935043
1056,2017-01-11,0.00687338647935043
1057,2017-01-12,0.027028396602525095
1058,2017-01-13,-0.010050516615237814
1059,2017-01-16,0.0
1060,2017-01-17,0.020001024650670107
1061,2017-01-18,-0.005515584336790891
1062,2017-01-19,-0.0011074457352644451
1063,2017-01-20,0.011013036586545066
1064,2017-01-23,0.024879811442965583
1065,2017-01-24,-0.011820989060036258
1066,2017-01-26,0.004314234031712161
1067,2017-01-27,-0.0010765436511337434
1068,2017-01-30,-0.011924596472477678
1069,2017-01-31,0.011924596472477678
1070,2017-02-01,0.004300318407765236
1071,2017-02-02,-0.0010730768452478223
1072,2017-02-03,0.01914986540956365
1073,2017-02-06,-0.014862296548101561
1074,2017-02-07,0.01380739151376531
1075,2017-02-08,0.008404032790199967
1076,2017-02-09,0.007295511867551063
1077,2017-02-10,0.009302557199086348
1078,2017-02-13,-0.0020598845683297284
1079,2017-02-14,-0.004132542378914028
1080,2017-02-15,0.03758717400250866
1081,2017-02-16,-0.0029962335835613807
1082,2017-02-17,0.015872540691511894
1083,2017-02-20,0.013687453853549414
1084,2017-02-21,0.00659451160778568
1085,2017-02-22,0.004842624475787982
1086,2017-02-23,-0.012639934935819497
1087,2017-02-24,-0.017769470511975527
1088,2017-03-01,-0.004992521603120803
1089,2017-03-02,-0.012084739215072027
1090,2017-03-03,0.012084739215072027
1091,2017-03-06,0.007976114070008755
1092,2017-03-07,-0.015007785433689413
1093,2017-03-08,-0.019339025098867868
1094,2017-03-09,-0.009292787575459371
1095,2017-03-10,0.004140792666031512
1096,2017-03-13,0.014359221077888673
1097,2017-03-14,-0.01126484006314099
1098,2017-03-15,0.025420789293273405
1099,2017-03-16,0.0
1100,2017-03-17,-0.019260605541815412
1101,2017-03-20,-0.0020491810449354553
1102,2017-03-21,-0.035494331412467606
1103,2017-03-22,0.025184961753606405
1104,2017-03-23,-0.008324709886031734
1105,2017-03-24,0.009360442759563714
1106,2017-03-27,0.00927363678532922
1107,2017-03-28,-0.00720538372127022
1108,2017-03-29,
1109,2017-03-30,
1110,2017-03-31,-0.01566611674439944
1111,2017-04-03,0.008385793376273654
1112,2017-04-04,0.013478690320464448
1113,2017-04-05,-0.011393183829442766
1114,2017-04-06,-0.013634191275803786
1115,2017-04-07,0.00526594160528715
1116,2017-04-10,0.004192878260036004
1117,2017-04-11,0.004175371410480633
1118,2017-04-12,-0.005221943981151611
1119,2017-04-13,-0.025452063203663222
1120,2017-04-17,0.0264986357743342
1121,2017-04-18,0.008333381559144204
1122,2017-04-19,-0.016736792355523722
1123,2017-04-20,-0.008474626990972123
1124,2017-04-24,0.024173536534076057
1125,2017-04-25,0.0020746895408603194
1126,2017-04-26,-0.003113650673279622
1127,2017-04-27,0.012396852976828576
1128,2017-04-28,0.015283027980177
1129,2017-05-02,0.01902911700860166
1130,2017-05-03,-0.009970172319849535
1131,2017-05-04,-0.023315805313616877
1132,2017-05-05,0.027315810646962646
1133,2017-05-08,-0.0019980026626726932
1134,2017-05-09,0.002995508979798167
1135,2017-05-10,0.00695482187336971
1136,2017-05-11,0.0166916000932531
1137,2017-05-12,0.00291687129512308
1138,2017-05-15,0.0
1139,2017-05-16,-0.00291687129512308
1140,2017-05-17,-0.01966631720999601
1141,2017-05-18,-0.10128629320766658
1142,2017-05-19,0.006571765163234655
1143,2017-05-22,-0.028794901947944762
1144,2017-05-23,0.012283794882152144
1145,2017-05-24,0.0
1146,2017-05-25,-0.023583350136085368
1147,2017-05-26,0.019133954586543656
1148,2017-05-29,0.0
1149,2017-05-30,0.006666691358189425
1150,2017-05-31,-0.008898835142129968
1151,2017-06-01,-0.02259983191724091
1152,2017-06-02,0.005698021114637797
1153,2017-06-05,-0.0045558165358610125
1154,2017-06-06,0.013605652055778794
1155,2017-06-07,0.0167508104248153
1156,2017-06-08,-0.007782140442055052
1157,2017-06-09,-0.0168827870387509
1158,2017-06-12,0.0
1159,2017-06-13,0.006787356373399778
1160,2017-06-14,0.010095430665351124
1161,2017-06-15,0.0
1162,2017-06-16,0.00556484463340734
1163,2017-06-19,0.0011092624542858864
1164,2017-06-20,-0.025829622377446793
1165,2017-06-21,-0.005704522029641446
1166,2017-06-22,0.002285715280855971
1167,2017-06-23,-0.010327114155849415
1168,2017-06-26,0.026182485945643652
1169,2017-06-27,-0.01928590688658316
1170,2017-06-28,0.009122070096577062
1171,2017-06-29,0.013528954940319693
1172,2017-06-30,0.010027939186124435
1173,2017-07-03,0.0
1174,2017-07-04,-0.0011092624542858864
1175,2017-07-05,0.009939341902557963
1176,2017-07-06,-0.01327453120869615
1177,2017-07-07,-0.001114206243403526
1178,2017-07-10,0.00887908164113016
1179,2017-07-11,0.014262446920564109
1180,2017-07-12,0.002176279422595684
1181,2017-07-13,0.003255564459766269
1182,2017-07-14,-0.0021691982475453564
1183,2017-07-17,-0.0032626456348165966
1184,2017-07-18,0.008676844025689245
1185,2017-07-19,-0.008676844025689245
1186,2017-07-20,0.004347832936103746
1187,2017-07-21,-0.002171553513508062
1188,2017-07-24,0.0
1189,2017-07-25,0.008658062743114758
1190,2017-07-26,-0.011924260529736053
1191,2017-07-27,0.007604599385219402
1192,2017-07-28,0.0
1193,2017-07-31,0.0010816658707413218
1194,2017-08-01,0.03191760296830504
1195,2017-08-02,0.011452493731787694
1196,2017-08-03,-0.0020725396019725117
1197,2017-08-04,-0.003116885640253031
1198,2017-08-07,0.021616899384173216
1199,2017-08-08,0.0010178117927006625
1200,2017-08-09,-0.004077477616656111
1201,2017-08-10,-0.007175838070071272
1202,2017-08-11,0.005130847582343723
1203,2017-08-14,0.014227882287205063
1204,2017-08-15,-0.003031836582120029
1205,2017-08-16,0.0010116338748442644
1206,2017-08-17,-0.008121872057349044
1207,2017-08-18,0.013164747091210849
1208,2017-08-21,-0.0010065426114014286
1209,2017-08-22,0.01002012391676299
1210,2017-08-23,0.020721017637517658
1211,2017-08-24,0.007782140442055052
1212,2017-08-25,-0.0019398648178268196
1213,2017-08-28,-0.001943635208570882
1214,2017-08-29,0.007751976804317717
1215,2017-08-30,0.0009647854100989228
1216,2017-08-31,-0.016529301951210496
1217,2017-09-01,0.017493157447517227
1218,2017-09-04,-0.0038610086574593083
1219,2017-09-05,0.005785937067043889
1220,2017-09-06,0.02750291888962675
1221,2017-09-07,0.0
1222,2017-09-08,0.0028024306057021775
1223,2017-09-11,0.012975158863133274
1224,2017-09-12,0.004593485339190018
1225,2017-09-13,0.0027459971488559276
1226,2017-09-14,0.003649639087549339
1227,2017-09-15,0.02162246401316592
1228,2017-09-18,0.006219478067019946
1229,2017-09-19,-0.003549249511141106
1230,2017-09-20,-0.009825894151291426
1231,2017-09-21,0.0008972634069901453
1232,2017-09-22,-0.0017953326186743723
1233,2017-09-25,-0.010840214552865213
1234,2017-09-26,-0.0009086779362177388
1235,2017-09-27,-0.014652276786870644
1236,2017-09-28,-0.0018467225931644293
1237,2017-09-29,0.019222559847075438
1238,2017-10-02,-0.006366551745541571
1239,2017-10-03,0.03848349593922151
1240,2017-10-04,-0.007048487331061892
1241,2017-10-05,0.006170138570155803
1242,2017-10-06,-0.004403353658269715
1243,2017-10-09,-0.015118118086750343
1244,2017-10-10,0.020399820505926147
1245,2017-10-11,-0.0026373641660857317
1246,2017-10-12,0.0
1247,2017-10-13,-0.0008806693655936115
1248,2017-10-16,-0.004415018209116717
1249,2017-10-17,-0.011571112637185799
1250,2017-10-18,0.004466287013441317
1251,2017-10-19,-0.0062584021884224406
1252,2017-10-20,0.0
1253,2017-10-23,-0.023594560961258892
1254,2017-10-24,0.02179922834258452
1255,2017-10-25,0.015158560430841295
1256,2017-10-26,-0.010676257991341753
1257,2017-10-27,-0.002686969820825169
1258,2017-10-30,-0.028196501894627968
1259,2017-10-31,-0.033774317118604014
1260,,
