,Time,Returns_LREN3
0,2012-10-02,0.02757754999327222
1,2012-10-03,0.0011116521443939043
2,2012-10-04,-0.004607984560788481
3,2012-10-05,0.027746558372352847
4,2012-10-08,0.012174399895321653
5,2012-10-09,0.003219663387730609
6,2012-10-10,0.018596829833965156
7,2012-10-11,0.005376958488773731
8,2012-10-15,0.014165676634090296
9,2012-10-16,-0.0006460154913430216
10,2012-10-17,-0.01233988127941199
11,2012-10-18,-0.00026604828573750794
12,2012-10-19,-0.022876802767059168
13,2012-10-22,-0.004424492318403139
14,2012-10-23,-0.007008516745408144
15,2012-10-24,-0.010203406844306429
16,2012-10-25,-0.015846702894763975
17,2012-10-26,0.0
18,2012-10-29,0.00843585159906901
19,2012-10-30,0.002617426281175117
20,2012-10-31,0.0324305338213402
21,2012-11-01,0.023656185580729794
22,2012-11-05,-0.005859993415116005
23,2012-11-06,0.011039414170739725
24,2012-11-07,-0.0034951256915247697
25,2012-11-08,-0.0016842950640989507
26,2012-11-09,0.0
27,2012-11-12,-0.0027323007649768805
28,2012-11-13,-0.010338465013767895
29,2012-11-14,-0.012584095338567192
30,2012-11-16,-0.001995335100604567
31,2012-11-19,0.0013355545636546395
32,2012-11-21,0.0
33,2012-11-22,-0.00013200836072124744
34,2012-11-23,0.00810081821962605
35,2012-11-26,-0.007968809858904802
36,2012-11-27,0.023711255784147234
37,2012-11-28,-0.007187243450307523
38,2012-11-29,0.04362598832922693
39,2012-11-30,-0.01901008419994188
40,2012-12-03,0.005866312987119038
41,2012-12-04,-0.007789465012177477
42,2012-12-05,-0.005011904018523694
43,2012-12-06,0.02317923105512154
44,2012-12-07,0.004146000217426948
45,2012-12-10,-0.008942205771039102
46,2012-12-11,0.006933542305977536
47,2012-12-12,0.0012567500169491375
48,2012-12-13,-0.02053245486643407
49,2012-12-14,0.012091656310854848
50,2012-12-17,0.004042177441978545
51,2012-12-18,0.007031289760292658
52,2012-12-19,-0.0009984954537265445
53,2012-12-20,-0.0033885353729772305
54,2012-12-21,-0.015325436655983626
55,2012-12-26,0.014564717393848792
56,2012-12-27,-0.0063085561830065195
57,2012-12-28,0.009451420846706693
58,2013-01-02,0.007495972795909633
59,2013-01-03,0.0018669544326175291
60,2013-01-04,-0.0012442489282395996
61,2013-01-07,-0.01718726007742033
62,2013-01-08,-0.005331150238155669
63,2013-01-09,0.020525757134428613
64,2013-01-10,-0.0019966317771289432
65,2013-01-11,-0.003377951607152596
66,2013-01-14,0.0012534436902797985
67,2013-01-15,-0.037746416577995046
68,2013-01-16,0.013552334125390697
69,2013-01-17,0.008936246109683132
70,2013-01-18,-0.002035741597307794
71,2013-01-21,0.007736105465018905
72,2013-01-22,-0.00952341603911444
73,2013-01-23,0.01732424813590372
74,2013-01-24,-0.018981237709489562
75,2013-01-28,0.013075640671873057
76,2013-01-29,0.011906749282916351
77,2013-01-30,0.003728246264290469
78,2013-01-31,-0.010481218604803999
79,2013-02-01,-0.01580804944674563
80,2013-02-04,-0.006900532785950819
81,2013-02-05,-0.002572603209777924
82,2013-02-06,0.0023114043053285016
83,2013-02-07,0.00996878546405311
84,2013-02-08,-0.002295456984853672
85,2013-02-13,0.001274349344131398
86,2013-02-14,-0.001400472187948143
87,2013-02-15,-0.04388242501216544
88,2013-02-18,-0.006950339861555577
89,2013-02-19,0.010538803634457583
90,2013-02-20,-0.010538803634457583
91,2013-02-21,-0.015259305509945253
92,2013-02-22,0.011233103939968903
93,2013-02-25,-0.0013481483523372084
94,2013-02-26,0.020012042113326967
95,2013-02-27,-0.0052960476369841025
96,2013-02-28,0.0007958325083174955
97,2013-03-01,0.008459352771618356
98,2013-03-04,-0.01324387587551712
99,2013-03-05,-0.010053002516612786
100,2013-03-06,0.023296878392129905
101,2013-03-07,-0.022623031403941507
102,2013-03-08,0.013367846124005656
103,2013-03-11,-0.008000717345213015
104,2013-03-12,-0.015515345833382987
105,2013-03-13,-0.0006807224897533715
106,2013-03-14,-0.007918363951251006
107,2013-03-15,-0.0143655636565021
108,2013-03-18,0.0005584135082283836
109,2013-03-19,0.0118819601489899
110,2013-03-20,-0.02124782080544474
111,2013-03-21,-0.0049215820514585396
112,2013-03-22,0.015258186702663323
113,2013-03-25,0.0049840826246265735
114,2013-03-26,0.03531122823432131
115,2013-03-27,0.011803291348422729
116,2013-03-28,0.0
117,2013-04-01,-0.013272011549580576
118,2013-04-02,-0.021204622323795164
119,2013-04-03,0.0017774582533460759
120,2013-04-04,-0.02371766557866284
121,2013-04-05,0.02303555520774969
122,2013-04-08,0.015557249846275045
123,2013-04-09,-0.015422289996625427
124,2013-04-10,0.006657849031581176
125,2013-04-11,-0.014319337667923815
126,2013-04-12,-0.018721497866045045
127,2013-04-15,-0.014522730964939168
128,2013-04-16,0.023297977628616184
129,2013-04-17,-0.0024982727552971262
130,2013-04-18,-0.006138424977294221
131,2013-04-19,0.0
132,2013-04-22,0.003633895220277683
133,2013-04-23,0.022333105119418217
134,2013-04-24,0.019045789517901035
135,2013-04-25,-0.010086828554166427
136,2013-04-26,
137,2013-04-29,
138,2013-04-30,0.02672666021849679
139,2013-05-02,-0.011823516537184275
140,2013-05-03,-0.021896567310846216
141,2013-05-06,0.0069934236295337016
142,2013-05-07,0.0056184054487471435
143,2013-05-08,0.007306555769297507
144,2013-05-09,0.016404700014849727
145,2013-05-10,-0.0027322519336951956
146,2013-05-13,-0.01606311977370911
147,2013-05-14,0.007010020125419736
148,2013-05-15,0.024084439001717417
149,2013-05-16,-0.005803286834273891
150,2013-05-17,0.008882776773378787
151,2013-05-20,0.020431595084044574
152,2013-05-21,0.0052650198462314
153,2013-05-22,0.0070954827888942695
154,2013-05-23,-0.0100967309717781
155,2013-05-24,0.02009929291869561
156,2013-05-27,-0.01422913405152304
157,2013-05-28,0.0043494088138280596
158,2013-05-29,-0.03445349399112807
159,2013-05-31,-0.04423957269508971
160,2013-06-03,-0.016787723733913573
161,2013-06-04,-0.0035573709989087376
162,2013-06-05,-0.00687220380242648
163,2013-06-06,-0.0001365612365464841
164,2013-06-07,-0.009008589301993553
165,2013-06-10,-0.011759450744373456
166,2013-06-11,-0.016614000314052024
167,2013-06-12,-0.005457351927133036
168,2013-06-13,0.00358893665858373
169,2013-06-14,-0.04399096388920665
170,2013-06-17,0.009699413007359325
171,2013-06-18,-0.007459050976792891
172,2013-06-19,-0.013851715562257283
173,2013-06-20,0.03355835185409184
174,2013-06-21,-0.02464703588062722
175,2013-06-24,-0.0003059684545587693
176,2013-06-25,-0.011345327012549866
177,2013-06-26,0.0037988732571490047
178,2013-06-27,-0.012190671877410075
179,2013-06-28,-0.020143143821524045
180,2013-07-01,-0.0015677359767471977
181,2013-07-02,-0.04488014584990019
182,2013-07-03,-0.004926051547903487
183,2013-07-04,0.014714877586533337
184,2013-07-05,-0.0065122300438051894
185,2013-07-08,0.0014637938215780189
186,2013-07-10,0.005860606322785511
187,2013-07-11,0.008395310650354926
188,2013-07-12,-0.005482285059079661
189,2013-07-15,0.0003290746362072383
190,2013-07-16,-0.0024305892119431682
191,2013-07-17,-0.011412507154727525
192,2013-07-18,0.000820156055869603
193,2013-07-19,-0.01484843312077233
194,2013-07-22,0.019746328733051488
195,2013-07-23,-0.017919243521133943
196,2013-07-24,-0.0034926388443188294
197,2013-07-25,-0.0008338182484530776
198,2013-07-26,
199,2013-07-29,
200,2013-07-30,-0.028493537732571905
201,2013-07-31,-0.0024828464523323213
202,2013-08-01,0.013162191185409178
203,2013-08-02,-0.009199846403341816
204,2013-08-05,0.003296029641924658
205,2013-08-06,-0.0014746262957237022
206,2013-08-07,-0.0003350341630357079
207,2013-08-08,0.02069580241183422
208,2013-08-09,0.03906648252495648
209,2013-08-12,-0.0203736924027087
210,2013-08-13,-0.002693997679883431
211,2013-08-14,0.01560075124322502
212,2013-08-15,-0.01560075124322502
213,2013-08-16,-0.03390004647105993
214,2013-08-19,-0.05016882684121082
215,2013-08-20,-0.023588378640639007
216,2013-08-21,0.017177153746149365
217,2013-08-22,0.012092574153412361
218,2013-08-23,0.03987998793136649
219,2013-08-26,-0.018645228785268753
220,2013-08-27,-0.021234759146097737
221,2013-08-28,-0.01122327054455452
222,2013-08-29,-0.0027825206920315537
223,2013-08-30,-0.0008621433416164948
224,2013-09-02,0.04613703788017354
225,2013-09-03,-0.02613637117350409
226,2013-09-04,0.007664020070559552
227,2013-09-05,0.021296140418472387
228,2013-09-06,0.04382308983539707
229,2013-09-09,0.03862727582667036
230,2013-09-10,-0.002600015768978281
231,2013-09-11,-0.013572067079408612
232,2013-09-12,0.011581731354511238
233,2013-09-13,0.020207266000303648
234,2013-09-16,0.007787719990202113
235,2013-09-17,0.009208973289339895
236,2013-09-18,0.03930048297827593
237,2013-09-19,-0.025640094694497684
238,2013-09-20,-0.024364510832564967
239,2013-09-23,0.023786661699311207
240,2013-09-24,-0.00894292284940601
241,2013-09-25,-0.011855672465361344
242,2013-09-26,-0.008982848195809634
243,2013-09-27,-0.02898291503171846
244,2013-09-30,-0.016706832501725444
245,2013-10-01,0.03586570203398498
246,2013-10-02,-0.012988341926375657
247,2013-10-03,-0.02571232305812421
248,2013-10-04,-0.007127141946289495
249,2013-10-07,0.01873666170308841
250,2013-10-08,0.003272848583628196
251,2013-10-09,0.018794296526609244
252,2013-10-10,0.01184127190355344
253,2013-10-11,0.017930953585335363
254,2013-10-14,0.0022219789630044673
255,2013-10-15,0.00648300487807818
256,2013-10-16,-0.002790643051878039
257,2013-10-17,0.00894292284940601
258,2013-10-18,0.009730609720055572
259,2013-10-21,-0.00043736010144135307
260,2013-10-22,0.006485086468882351
261,2013-10-23,-0.025458641424663142
262,2013-10-24,0.005142230894179534
263,2013-10-25,0.01744374358449452
264,2013-10-28,-0.005778180654809617
265,2013-10-29,-0.017545720445818258
266,2013-10-30,0.011437268776757659
267,2013-10-31,-0.015876300456247883
268,2013-11-01,-0.007434248801253762
269,2013-11-04,-0.0059857985557267845
270,2013-11-05,-0.01741883594090332
271,2013-11-06,-0.020065518992030906
272,2013-11-07,-0.01745311410992878
273,2013-11-08,-0.009722731077622004
274,2013-11-11,-0.006913162489000868
275,2013-11-12,-0.014457264977531192
276,2013-11-13,-0.005079977539320879
277,2013-11-14,0.05050915043411264
278,2013-11-18,0.02363629733623318
279,2013-11-19,-0.022853962586030896
280,2013-11-21,-0.008630862111101756
281,2013-11-22,0.010502541072244131
282,2013-11-25,-0.020801221486358656
283,2013-11-26,-0.009282585163373547
284,2013-11-27,0.006572710886615596
285,2013-11-28,0.0030251107066892047
286,2013-11-29,-0.005108545522268582
287,2013-12-02,-0.022650672229415303
288,2013-12-03,-0.026534691285379886
289,2013-12-04,0.008367402332646545
290,2013-12-05,0.04081796118214864
291,2013-12-06,0.015880486161534257
292,2013-12-09,-0.0022110953925995602
293,2013-12-10,-0.02170078181884394
294,2013-12-11,-0.01625892118648231
295,2013-12-12,-0.013699155268583674
296,2013-12-13,0.004314263348948355
297,2013-12-16,0.01168143505702579
298,2013-12-17,-0.015502218724580796
299,2013-12-18,0.0026642351525696384
300,2013-12-19,0.026800361621102997
301,2013-12-20,-0.010702252390581979
302,2013-12-23,0.03319265293404605
303,2013-12-26,-0.023297986570858242
304,2013-12-27,-0.018729656489457902
305,2013-12-30,0.00327832133036976
306,2014-01-02,-0.03333305822547494
307,2014-01-03,0.013968892527481014
308,2014-01-06,-0.014146026408528023
309,2014-01-07,0.01964648947992309
310,2014-01-08,-0.0018301280707051504
311,2014-01-09,-0.033698810500622844
312,2014-01-10,-0.011605103804777084
313,2014-01-13,0.0010344828508754844
314,2014-01-14,-0.0017343232583115764
315,2014-01-15,0.0043445044410841405
316,2014-01-16,-0.006966065146035927
317,2014-01-17,-0.01108039220897128
318,2014-01-20,0.013001622386865197
319,2014-01-21,0.005044834968142009
320,2014-01-22,0.047467485778471374
321,2014-01-23,-0.03178806040202131
322,2014-01-24,-0.02177087311182513
323,2014-01-27,-0.018509979538920085
324,2014-01-28,-0.0035686312382239294
325,2014-01-29,-0.01819873635080782
326,2014-01-30,0.006521877110189145
327,2014-01-31,0.0014497217286502107
328,2014-02-03,-0.026324293716143643
329,2014-02-04,0.005910358575873964
330,2014-02-05,-0.011668339703604591
331,2014-02-06,0.013323753110230818
332,2014-02-07,0.016951011136361327
333,2014-02-10,-0.010537431592508195
334,2014-02-11,-0.012868558753145631
335,2014-02-12,0.004982848497495862
336,2014-02-13,0.00788571025564977
337,2014-02-14,-0.0009145729280706227
338,2014-02-17,-0.014732774474488064
339,2014-02-18,-0.0050217716887215325
340,2014-02-19,0.009648805540146022
341,2014-02-20,0.017394019272878314
342,2014-02-21,0.04262906892851159
343,2014-02-24,-0.008732840911301665
344,2014-02-25,-0.005806318085328499
345,2014-02-26,0.0192247068115452
346,2014-02-27,0.01682330311247915
347,2014-02-28,-0.018033143932608464
348,2014-03-05,0.0010384563185810158
349,2014-03-06,0.009477126979758221
350,2014-03-07,-0.007916708014229279
351,2014-03-10,-0.009552813326792364
352,2014-03-11,0.008163778862811721
353,2014-03-12,0.003117873248202674
354,2014-03-13,-0.005539020376457149
355,2014-03-14,0.002773345276667616
356,2014-03-17,0.007924888145248499
357,2014-03-18,0.019217603391018745
358,2014-03-19,0.002017155755078992
359,2014-03-20,0.004528379230784196
360,2014-03-21,0.005341226309985014
361,2014-03-24,0.016665085744610675
362,2014-03-25,-0.004917961337346011
363,2014-03-26,-0.01324932761538733
364,2014-03-27,0.036010408048244624
365,2014-03-28,0.009443206738190213
366,2014-03-31,0.022518792609608873
367,2014-04-01,-0.010486084634441895
368,2014-04-02,0.011727135321605964
369,2014-04-03,-0.006237927310803304
370,2014-04-04,0.005459241026393169
371,2014-04-07,0.02186203284899646
372,2014-04-08,-0.01797465082246319
373,2014-04-09,0.006950963558835177
374,2014-04-10,-0.0027728918998817242
375,2014-04-11,-0.006038711982710332
376,2014-04-14,-0.013763066157891135
377,2014-04-15,-0.011568980248782168
378,2014-04-16,0.015338230775669537
379,2014-04-17,0.0006297039305787067
380,2014-04-22,0.008116056282058803
381,2014-04-23,-0.01646372603066526
382,2014-04-24,-0.003964369477938767
383,2014-04-25,-0.005883966576875732
384,2014-04-28,-0.002083434815579377
385,2014-04-29,0.030727924237137216
386,2014-04-30,0.017686701558422335
387,2014-05-02,0.03121642661177848
388,2014-05-05,-0.018793182059284153
389,2014-05-06,0.0018035463593371048
390,2014-05-07,-0.008000042667076102
391,2014-05-08,0.007396465004275932
392,2014-05-09,-0.010584396968852161
393,2014-05-12,0.03009361523687737
394,2014-05-13,0.002794349945459018
395,2014-05-14,0.010683931071405528
396,2014-05-15,-0.0011690195180360519
397,2014-05-16,0.0
398,2014-05-19,-0.006865475431667711
399,2014-05-20,-0.002649436121701765
400,2014-05-21,-0.007526066090766559
401,2014-05-22,-0.00728757105200506
402,2014-05-23,-0.012007642766103999
403,2014-05-26,0.016626815598431932
404,2014-05-27,-0.019655557658441403
405,2014-05-28,0.02838497441657184
406,2014-05-29,0.008790379183485797
407,2014-05-30,-0.0065895707930097025
408,2014-06-02,-0.0183855097257295
409,2014-06-03,0.0017930290536836146
410,2014-06-04,-0.0013485846019234415
411,2014-06-05,0.010127352809118584
412,2014-06-06,0.022113656023740713
413,2014-06-09,0.014671659490073985
414,2014-06-10,-0.0030037845079005088
415,2014-06-11,-0.0017182541095048798
416,2014-06-13,-0.007347618171250847
417,2014-06-16,0.0225745703776159
418,2014-06-17,0.01999928204868029
419,2014-06-18,0.00936888613337361
420,2014-06-20,-0.00027164276125901665
421,2014-06-23,-0.0045382767421084935
422,2014-06-24,0.013007394976570108
423,2014-06-25,-0.0068252987748942395
424,2014-06-26,-0.0027386839001457552
425,2014-06-27,-0.019560898937244442
426,2014-06-30,-0.008300921461007249
427,2014-07-01,-0.0011270496978244005
428,2014-07-02,-0.019562964614423528
429,2014-07-03,0.016447260515819018
430,2014-07-04,0.00818906129455188
431,2014-07-07,-0.0011226082850654961
432,2014-07-08,0.008415889347249905
433,2014-07-10,0.0055689539577001845
434,2014-07-11,0.0055381123855462455
435,2014-07-14,0.008253849394843638
436,2014-07-15,0.0068252987748942395
437,2014-07-16,-0.007646870736913947
438,2014-07-17,-0.009226709094849905
439,2014-07-18,0.005381233361402948
440,2014-07-21,0.011222921690632326
441,2014-07-22,-0.0029985029962569243
442,2014-07-23,-0.02082341839645041
443,2014-07-24,-0.0105107576877983
444,2014-07-25,0.007716623547815882
445,2014-07-28,0.0215658997859709
446,2014-07-29,-0.026474499674299157
447,2014-07-30,-0.008315411168658748
448,2014-07-31,-0.030343098130765078
449,2014-08-01,0.01175765750912161
450,2014-08-04,0.0332074946465033
451,2014-08-05,-0.02116300503186297
452,2014-08-06,0.010637485568970373
453,2014-08-07,-0.0070764651552188695
454,2014-08-08,-0.009277276155305714
455,2014-08-11,0.016214098176084768
456,2014-08-12,-0.010638979055013209
457,2014-08-13,-0.001993721225556744
458,2014-08-14,-0.00558627657734867
459,2014-08-15,0.002288709772704678
460,2014-08-18,0.0005752991911402994
461,2014-08-19,0.01238682274684777
462,2014-08-20,-0.0032579919699045057
463,2014-08-21,0.03486758529355294
464,2014-08-22,-0.008951553582681182
465,2014-08-25,0.004144942052233258
466,2014-08-26,0.002889760012640963
467,2014-08-27,0.03932036152244933
468,2014-08-28,0.008547802294487372
469,2014-08-29,0.005479190323240957
470,2014-09-01,-0.0131050625973268
471,2014-09-02,-0.007282398661794698
472,2014-09-03,-0.0006653384514936356
473,2014-09-04,0.005703132481450712
474,2014-09-05,-0.014245515977232781
475,2014-09-08,-0.006594235642643387
476,2014-09-09,-0.014140932203159817
477,2014-09-10,-0.01643165292057569
478,2014-09-11,-0.0016703832738609314
479,2014-09-12,-0.0177251854465732
480,2014-09-15,-0.009694877920971567
481,2014-09-16,0.024347864330574787
482,2014-09-17,-0.0018170344230279412
483,2014-09-18,-0.03247186016474357
484,2014-09-19,0.00361554839588063
485,2014-09-22,-0.012194007881587865
486,2014-09-23,-0.0033618613570500777
487,2014-09-24,0.05042042004899683
488,2014-09-25,-0.03126993094610375
489,2014-09-26,0.02791683655358268
490,2014-09-29,-0.014211755477680832
491,2014-09-30,0.007479385103256853
492,2014-10-01,-0.019029148303979948
493,2014-10-02,-0.00922220483407532
494,2014-10-03,0.018922637207199777
495,2014-10-06,0.03186828643371653
496,2014-10-07,0.012031848686322011
497,2014-10-08,-0.0029944176527116895
498,2014-10-09,0.015422289996625427
499,2014-10-10,-0.02942732810438864
500,2014-10-13,0.02727670222696732
501,2014-10-14,0.0010721958486876737
502,2014-10-15,-0.01666320198450366
503,2014-10-16,-0.033483667740035195
504,2014-10-17,0.017088243240060308
505,2014-10-20,-0.01610186986828044
506,2014-10-21,-0.03973319520821361
507,2014-10-22,0.005999736131607758
508,2014-10-23,-0.03263567355802577
509,2014-10-24,0.04569388636545346
510,2014-10-27,-0.030725100019442397
511,2014-10-28,0.04772174140851382
512,2014-10-29,-0.0055394877981242985
513,2014-10-30,0.037739747628593
514,2014-10-31,0.017678266665209108
515,2014-11-03,-0.007440012296877185
516,2014-11-04,-0.0009488552811149908
517,2014-11-05,-0.007917222388908574
518,2014-11-06,0.002738717675382585
519,2014-11-07,0.004086581099511655
520,2014-11-10,-0.01631817854006412
521,2014-11-11,0.007441457757726866
522,2014-11-12,-0.002479383843401184
523,2014-11-13,-0.009261155929545684
524,2014-11-14,-0.004033822172210488
525,2014-11-17,-0.0068572224997880404
526,2014-11-18,0.010891044671998529
527,2014-11-19,0.011053277880244128
528,2014-11-21,0.04590650498484328
529,2014-11-24,-0.021487381195483213
530,2014-11-25,-0.010777739621914861
531,2014-11-26,0.025284643522653028
532,2014-11-27,0.010517244230798806
533,2014-11-28,-0.0005250419974394127
534,2014-12-01,-0.05167201054432091
535,2014-12-02,0.028248735888473764
536,2014-12-03,0.0264259563363467
537,2014-12-04,-0.022148833856149075
538,2014-12-05,0.009814982120853522
539,2014-12-08,-0.030023077193621628
540,2014-12-09,0.009213909041131618
541,2014-12-10,0.016311343975878856
542,2014-12-11,-0.013349980177618015
543,2014-12-12,-0.017630275205075208
544,2014-12-15,-0.0211537868628775
545,2014-12-16,-0.0009764461981314199
546,2014-12-17,0.04445109367428923
547,2014-12-18,-0.010086828554166427
548,2014-12-19,0.020072928187887307
549,2014-12-22,0.011976971555740512
550,2014-12-23,-0.011976971555740512
551,2014-12-26,0.0005316456743305054
552,2014-12-29,0.0072472759178690005
553,2014-12-30,0.004982327047807988
554,2015-01-02,-0.00747920724639517
555,2015-01-05,-0.028190752940620012
556,2015-01-06,0.011449955195798722
557,2015-01-07,0.016871224021553388
558,2015-01-08,0.0011875453966223581
559,2015-01-09,-0.036172000799706616
560,2015-01-12,0.01354896939576511
561,2015-01-13,-0.0033737848386223845
562,2015-01-14,-0.008810498223155161
563,2015-01-15,0.011102945653236329
564,2015-01-16,-0.000266810943795992
565,2015-01-19,-0.013567372291518165
566,2015-01-20,-0.002738717675382585
567,2015-01-21,0.0034222267321988298
568,2015-01-22,-0.01029443053462531
569,2015-01-23,-0.0008272397607527182
570,2015-01-26,0.0028961354587204724
571,2015-01-27,-0.014004688668247667
572,2015-01-28,0.005016034992316509
573,2015-01-29,0.0
574,2015-01-30,-0.021051296314436474
575,2015-02-02,0.0174315559983218
576,2015-02-03,0.00458940959746057
577,2015-02-04,-0.002360915358766924
578,2015-02-05,0.01518320785781091
579,2015-02-06,-0.013791961780389883
580,2015-02-09,0.028748083437124983
581,2015-02-10,-0.03753309273156047
582,2015-02-11,-0.01127599878081309
583,2015-02-12,0.020061008075248576
584,2015-02-13,0.0734841164488289
585,2015-02-18,0.010527044717953071
586,2015-02-19,0.033774420784424386
587,2015-02-20,-0.0030942828106694797
588,2015-02-23,-0.0006200071737900714
589,2015-02-24,0.021334645985656486
590,2015-02-25,0.012774071727529535
591,2015-02-26,0.0026312688680669716
592,2015-02-27,0.004411545326282962
593,2015-03-02,0.015337236175736457
594,2015-03-03,-0.003400211675811171
595,2015-03-04,-0.020654295711153292
596,2015-03-05,-0.010372683893788981
597,2015-03-06,0.0030287420600094705
598,2015-03-09,-0.0115516255344561
599,2015-03-10,-0.014527411790937528
600,2015-03-11,0.01940365434518654
601,2015-03-12,0.015812337819068656
602,2015-03-13,-0.013379766917049896
603,2015-03-16,0.0030324158249626088
604,2015-03-17,0.018578875924913696
605,2015-03-18,0.01648743162403621
606,2015-03-19,-0.009502976614516712
607,2015-03-20,0.019966177958524067
608,2015-03-23,-0.007428667587480842
609,2015-03-24,0.000467512680990545
610,2015-03-25,0.0150227781421024
611,2015-03-26,-0.01095887478548141
612,2015-03-27,0.013019243671272829
613,2015-03-30,0.020052826693446324
614,2015-03-31,0.018114725474969617
615,2015-04-01,0.019962514648397267
616,2015-04-02,0.004739850800115519
617,2015-04-06,0.007173614546330587
618,2015-04-07,-0.0023502360303977454
619,2015-04-08,0.0007467211343663571
620,2015-04-09,0.0019261740846236997
621,2015-04-10,-0.0026728952189900568
622,2015-04-13,-0.000211728295206548
623,2015-04-14,0.0007468791940645758
624,2015-04-15,0.015378667563596515
625,2015-04-16,-0.014843802898051983
626,2015-04-17,-0.025646077594113414
627,2015-04-20,0.008404893000072633
628,2015-04-22,0.0027103300173560996
629,2015-04-23,0.02314322482752873
630,2015-04-24,0.007388717261934463
631,2015-04-27,-0.0018927614781154567
632,2015-04-28,-0.0008463023929365932
633,2015-04-29,0.008717905000370063
634,2015-04-30,0.09342504678986918
635,2015-05-04,0.0016164415452513126
636,2015-05-05,-0.017836280041412245
637,2015-05-06,0.010970482610016763
638,2015-05-07,0.04874505036986543
639,2015-05-08,0.03826769065392188
640,2015-05-11,-0.018685403235966458
641,2015-05-12,0.015960597155814327
642,2015-05-13,0.004912662374558785
643,2015-05-14,-0.02301873969797752
644,2015-05-15,0.023721386519539145
645,2015-05-18,-0.010197386716161994
646,2015-05-19,-0.028957711602524583
647,2015-05-20,0.0005451485664815792
648,2015-05-21,-0.0029142924279517146
649,2015-05-22,-0.0062173241632192955
650,2015-05-25,0.0046666635070109486
651,2015-05-26,-0.020386297088487382
652,2015-05-27,-0.003733478132987411
653,2015-05-28,0.0024255921450531126
654,2015-05-29,-0.0010270828837355417
655,2015-06-01,-0.0135420819486467
656,2015-06-02,0.037633517085573054
657,2015-06-03,-0.01673554377244102
658,2015-06-05,-0.006888461220086128
659,2015-06-08,0.02124885605688709
660,2015-06-09,-0.007706546936783187
661,2015-06-10,0.011354821567544526
662,2015-06-11,0.0
663,2015-06-12,0.00182165821226965
664,2015-06-15,0.017663085205509965
665,2015-06-16,-0.013128382528908578
666,2015-06-17,0.001084480103104024
667,2015-06-18,0.017740834983380527
668,2015-06-19,-0.014311033594881728
669,2015-06-22,0.007631076910081358
670,2015-06-23,-0.007631076910081358
671,2015-06-24,0.004765159665166774
672,2015-06-25,0.02322153964954632
673,2015-06-26,0.00645948691687348
674,2015-06-29,-0.009359479470177234
675,2015-06-30,-0.00722602562275565
676,2015-07-01,0.023003677385166732
677,2015-07-02,0.01817044904044618
678,2015-07-03,0.002118348294465555
679,2015-07-06,-0.01056157870983876
680,2015-07-07,-0.019982491894936505
681,2015-07-08,-0.014521652888305425
682,2015-07-10,0.025124047167661256
683,2015-07-13,0.0002615333126740893
684,2015-07-14,-0.014802550377954304
685,2015-07-15,0.006990364835750551
686,2015-07-16,-0.0011313031804491835
687,2015-07-17,-0.009285534684130514
688,2015-07-20,-0.01070767151468388
689,2015-07-21,-0.00759369277127675
690,2015-07-22,-0.005031867949974789
691,2015-07-23,-0.02508912330135571
692,2015-07-24,-0.01152448585195387
693,2015-07-27,-0.015159691921811103
694,2015-07-28,0.022610852386129476
695,2015-07-29,0.0
696,2015-07-30,0.02527984680458939
697,2015-07-31,-0.015218338054321379
698,2015-08-03,-0.044314934430498276
699,2015-08-04,0.011266755102164794
700,2015-08-05,-0.002378234276646296
701,2015-08-06,-0.01591951587078322
702,2015-08-07,-0.021003519224636946
703,2015-08-10,-0.006242210620318822
704,2015-08-11,-0.006578266916801301
705,2015-08-12,-0.022757632916273973
706,2015-08-13,0.002556834884450243
707,2015-08-14,0.007219335075697941
708,2015-08-17,0.01926463339063078
709,2015-08-18,0.03390095228618639
710,2015-08-19,-0.016954563081371887
711,2015-08-20,-0.0027389146077023696
712,2015-08-21,-0.03550232771448725
713,2015-08-24,-0.028416408050944586
714,2015-08-25,0.01297189010309685
715,2015-08-26,0.030357140630830948
716,2015-08-27,0.024794568808313322
717,2015-08-28,-0.014746213154792187
718,2015-08-31,-0.024860430097285224
719,2015-09-01,-0.02799437772638802
720,2015-09-02,-0.024302292522964564
721,2015-09-03,0.027426318806297534
722,2015-09-04,-0.03171201872460028
723,2015-09-08,-0.011885469111335478
724,2015-09-09,0.0032527312312322643
725,2015-09-10,0.026728578483910415
726,2015-09-11,0.0030528182286242433
727,2015-09-14,0.037056827339532195
728,2015-09-15,-0.011925829337929184
729,2015-09-16,0.03714336364299209
730,2015-09-17,-0.006543043884342126
731,2015-09-18,-0.03770419414851567
732,2015-09-21,0.013137830419588603
733,2015-09-22,-0.020080917247449648
734,2015-09-23,-0.014769495699593183
735,2015-09-24,-0.016925751217576668
736,2015-09-25,0.007482505498847214
737,2015-09-28,-0.025354532502887217
738,2015-09-29,0.004904940340932473
739,2015-09-30,0.000544168852634197
740,2015-10-01,0.00811527788598454
741,2015-10-02,0.044291383725749256
742,2015-10-05,-0.012455778622906699
743,2015-10-06,0.018112822620494295
744,2015-10-07,0.02531526811332041
745,2015-10-08,-0.0005006257651425372
746,2015-10-09,-0.023275829384482805
747,2015-10-13,-0.019651635584189364
748,2015-10-14,-0.007865895496734332
749,2015-10-15,0.025978718117228627
750,2015-10-16,0.029804072590598807
751,2015-10-19,0.01678286121131478
752,2015-10-20,-0.018772289368568007
753,2015-10-21,-0.0125487671730804
754,2015-10-22,0.024936485290031563
755,2015-10-23,-0.05936116227764909
756,2015-10-26,-0.020060841633340765
757,2015-10-27,0.01848982173002245
758,2015-10-28,-0.02384277568847004
759,2015-10-29,-0.024969273583025142
760,2015-10-30,0.016897562167320412
761,2015-11-03,0.015551995323473289
762,2015-11-04,0.01741011256875158
763,2015-11-05,-0.005769815040017612
764,2015-11-06,-0.017511684421274154
765,2015-11-09,-0.03209637948419397
766,2015-11-10,0.02619031570599306
767,2015-11-11,0.03856138822294808
768,2015-11-12,-0.00259662584726561
769,2015-11-13,-0.0020821662043246647
770,2015-11-16,-0.011518534004614889
771,2015-11-17,0.02239619193190423
772,2015-11-18,0.006154990777979652
773,2015-11-19,0.009680748414669704
774,2015-11-23,0.006064234372307187
775,2015-11-24,0.0005041537387846518
776,2015-11-25,-0.043746633202913277
777,2015-11-26,-0.011107708636717284
778,2015-11-27,-0.029691805837723795
779,2015-11-30,-0.04196307972526858
780,2015-12-01,0.0
781,2015-12-02,-0.030162915764846865
782,2015-12-03,0.056667328919071114
783,2015-12-04,-0.02650441315422425
784,2015-12-07,0.023715335769073143
785,2015-12-08,-0.023143499625386532
786,2015-12-09,0.05228939634669594
787,2015-12-10,-0.028587458580912717
788,2015-12-11,0.005005916034316105
789,2015-12-14,-0.012846265133388712
790,2015-12-15,-0.016433424810397224
791,2015-12-16,0.0
792,2015-12-17,0.020918457669394375
793,2015-12-18,-0.01977511219172401
794,2015-12-21,-0.012636562229270787
795,2015-12-22,-0.026356391864989615
796,2015-12-23,0.008858559134133692
797,2015-12-28,-0.0017615558052730407
798,2015-12-29,0.02156481747451311
799,2015-12-30,-0.013932277063712473
800,2016-01-04,-0.05716257620314158
801,2016-01-05,0.0687894243284699
802,2016-01-06,-0.005796526208177166
803,2016-01-07,-0.016416537253816976
804,2016-01-08,-0.002362720895549675
805,2016-01-11,-0.02885050666266764
806,2016-01-12,0.02290277671077323
807,2016-01-13,0.0035728813413946625
808,2016-01-14,-0.0065534899110470946
809,2016-01-15,-0.008405214071068201
810,2016-01-18,-0.03246719013750132
811,2016-01-19,0.023382031467721553
812,2016-01-20,-0.0024317954002728293
813,2016-01-21,0.009107178380479919
814,2016-01-22,0.009018398850657583
815,2016-01-26,-0.02608521521459428
816,2016-01-27,0.04094611719417918
817,2016-01-28,0.0
818,2016-01-29,0.04555524417679058
819,2016-02-01,0.017876987434360725
820,2016-02-02,-0.027509460666280905
821,2016-02-03,0.02916478791046062
822,2016-02-04,-0.016158587152395043
823,2016-02-05,-0.057820294806389505
824,2016-02-10,-0.033286038073137014
825,2016-02-11,-0.014255617862001912
826,2016-02-12,0.011177649330281092
827,2016-02-15,0.009212356768613983
828,2016-02-16,0.021182070960112487
829,2016-02-17,0.031242207187730298
830,2016-02-18,0.010396747921296967
831,2016-02-19,0.005154975431647113
832,2016-02-22,0.02816808331359688
833,2016-02-23,-0.02816808331359688
834,2016-02-24,-0.0045801847249045124
835,2016-02-25,0.018766501807040648
836,2016-02-26,-0.02222021228220461
837,2016-02-29,0.036201978513665356
838,2016-03-01,0.028483793976319838
839,2016-03-02,0.03188053194981055
840,2016-03-03,0.01916873452774448
841,2016-03-04,0.04514395020504525
842,2016-03-07,0.01846212862986496
843,2016-03-08,0.0014447925161289454
844,2016-03-09,0.00909171352101712
845,2016-03-10,0.013254277080017918
846,2016-03-11,-0.024755139113416202
847,2016-03-14,0.0062464861955668916
848,2016-03-15,-0.010107968476199769
849,2016-03-16,0.009148695341873125
850,2016-03-17,0.05275581778915983
851,2016-03-18,-0.018355715756464885
852,2016-03-21,0.013340886457343437
853,2016-03-22,0.018119636909876835
854,2016-03-23,-0.024540166258264495
855,2016-03-24,-0.011096730454588588
856,2016-03-28,0.01568560078448611
857,2016-03-29,-0.015220128820767176
858,2016-03-30,0.017509178858744257
859,2016-03-31,-0.05155780966485013
860,2016-04-01,0.01952761282583726
861,2016-04-04,-0.029193168887280407
862,2016-04-05,-0.005845657615614286
863,2016-04-06,-0.03226835020979557
864,2016-04-07,0.02835400834732482
865,2016-04-08,0.03895316836536544
866,2016-04-11,-0.03748680695615647
867,2016-04-12,0.024193687479607373
868,2016-04-13,0.03936585709894436
869,2016-04-14,-0.004143586008466205
870,2016-04-15,0.0036834613389253867
871,2016-04-18,-0.01622374207213495
872,2016-04-19,-0.0018676351553343906
873,2016-04-20,-0.024169400260743767
874,2016-04-22,-0.057240657509366244
875,2016-04-25,-0.012264794309415628
876,2016-04-26,0.017330155967018257
877,2016-04-27,0.037196543180074926
878,2016-04-28,0.012099304381210096
879,2016-04-29,-0.0009634269096632231
880,2016-05-02,0.014344400502472876
881,2016-05-03,-0.003331113929897711
882,2016-05-04,0.010893262368858458
883,2016-05-05,-0.0209431220317704
884,2016-05-06,-0.011612080636130173
885,2016-05-09,-0.0019450113172712058
886,2016-05-10,0.035913722356658795
887,2016-05-11,0.001876462506165133
888,2016-05-12,0.04138624274717584
889,2016-05-13,0.003146300137735203
890,2016-05-16,-0.0008943313001736897
891,2016-05-17,-0.01814431548777362
892,2016-05-18,-0.012895166868488683
893,2016-05-19,-0.015888700106127196
894,2016-05-20,0.014960128610834289
895,2016-05-23,-0.0023200918002177495
896,2016-05-24,-0.0046666751358301894
897,2016-05-25,-0.033253972262093257
898,2016-05-27,-0.0067876056068918444
899,2016-05-30,-0.002920170345522166
900,2016-05-31,0.019322321608794102
901,2016-06-01,0.016608625811029842
902,2016-06-02,0.030129308661560383
903,2016-06-03,0.006827776020625009
904,2016-06-06,0.0067765680625395674
905,2016-06-07,0.013421649459163021
906,2016-06-08,0.006646323442158764
907,2016-06-09,-0.0017644704484278684
908,2016-06-10,-0.014258636459513863
909,2016-06-13,-0.0017928971558185403
910,2016-06-14,-0.017686295986255818
911,2016-06-15,0.014532117710575942
912,2016-06-16,0.011655852566093916
913,2016-06-17,0.021598399552495984
914,2016-06-20,0.006522094881405316
915,2016-06-21,0.028616534339533484
916,2016-06-22,-0.026450336168562405
917,2016-06-23,0.015866945761637385
918,2016-06-24,-0.022810573021291525
919,2016-06-27,-0.019785674878312065
920,2016-06-28,0.011041457263424093
921,2016-06-29,0.023867480267276253
922,2016-06-30,0.01574329799331675
923,2016-07-01,0.015078626703305176
924,2016-07-04,0.01772562020731927
925,2016-07-05,-0.009440274319006292
926,2016-07-06,-0.000825906274825261
927,2016-07-07,0.009038714941500547
928,2016-07-08,0.04204622308392292
929,2016-07-11,0.019420365494201786
930,2016-07-12,0.003838429416981981
931,2016-07-13,-0.003838429416981981
932,2016-07-14,-0.007725522540639407
933,2016-07-15,0.009644488730084166
934,2016-07-18,0.01939116446529976
935,2016-07-19,-0.002263851502966485
936,2016-07-20,0.010138955016753659
937,2016-07-21,-0.008252056372218597
938,2016-07-22,0.01680746357631646
939,2016-07-25,-0.0358216751831848
940,2016-07-26,0.0003841875057890576
941,2016-07-27,0.022389087413464015
942,2016-07-28,0.013419071611004085
943,2016-07-29,0.009210263038668565
944,2016-08-01,0.0076737557659054545
945,2016-08-02,-0.013558204106786764
946,2016-08-03,-0.011882104116778258
947,2016-08-04,0.015565016901103235
948,2016-08-05,-0.005901605154131406
949,2016-08-08,-0.00519208365951318
950,2016-08-09,0.003343481189190367
951,2016-08-10,-0.011930861831527917
952,2016-08-11,0.012301670626797545
953,2016-08-12,0.00037067134707235994
954,2016-08-15,0.003325814697787255
955,2016-08-16,-0.011882104116778258
956,2016-08-17,-0.014289089630277196
957,2016-08-18,-0.02415186402956504
958,2016-08-19,-0.004277660669286476
959,2016-08-22,-0.002343348812390289
960,2016-08-23,-0.04187851254336161
961,2016-08-24,0.01214472603040262
962,2016-08-25,0.03168695833054258
963,2016-08-26,-0.01373991272513786
964,2016-08-29,0.0152954691038234
965,2016-08-30,-0.007422153849662827
966,2016-08-31,0.0050857864698885535
967,2016-09-01,-0.01930528315977087
968,2016-09-02,0.028626554996136644
969,2016-09-05,-0.005038567125908777
970,2016-09-06,0.017713929972856146
971,2016-09-08,-0.011515232935277453
972,2016-09-09,-0.0353678303381324
973,2016-09-12,0.007967322475268546
974,2016-09-13,-0.023692745957133887
975,2016-09-14,0.003244227834916291
976,2016-09-15,0.006461476907591912
977,2016-09-16,-0.009299041719777357
978,2016-09-19,0.006479778445724005
979,2016-09-20,0.013627803311661246
980,2016-09-21,-0.010405804083112535
981,2016-09-22,0.014378390369491623
982,2016-09-23,0.0
983,2016-09-26,-0.011965374831047981
984,2016-09-27,0.014735563647580108
985,2016-09-28,0.008269045719046186
986,2016-09-29,-0.03228183776715721
987,2016-09-30,-0.008950492704037583
988,2016-10-03,0.020229767828103817
989,2016-10-04,-0.028843771624773584
990,2016-10-05,0.027640404750373992
991,2016-10-06,0.0024052873972824074
992,2016-10-07,0.023714067773601855
993,2016-10-10,0.00778141730016868
994,2016-10-11,-0.011694842953562379
995,2016-10-13,0.018650070077463
996,2016-10-14,0.012241538346685399
997,2016-10-17,0.01134118584930155
998,2016-10-18,0.015298883940453756
999,2016-10-19,-0.0018547322376201159
1000,2016-10-20,0.001484060890547756
1001,2016-10-21,-0.0037142899844599953
1002,2016-10-24,0.0
1003,2016-10-25,0.0003720504314341788
1004,2016-10-26,-0.005961298417618721
1005,2016-10-27,-0.013171169731551302
1006,2016-10-28,0.003780345481344316
1007,2016-10-31,0.018694362220851524
1008,2016-11-01,-0.030078585713629646
1009,2016-11-03,-0.04608706915141658
1010,2016-11-04,-0.029609143359786927
1011,2016-11-07,0.032405795471631915
1012,2016-11-08,-0.008002393419156206
1013,2016-11-09,-0.015795473519988334
1014,2016-11-10,-0.050219298749592856
1015,2016-11-11,-0.022569104124075867
1016,2016-11-14,0.019561962449155867
1017,2016-11-16,0.011553311283397427
1018,2016-11-17,-0.02848713370942102
1019,2016-11-18,-0.0017496853170317905
1020,2016-11-21,0.00568158021243903
1021,2016-11-22,0.0
1022,2016-11-23,-0.02115242058452882
1023,2016-11-24,0.017658696666496443
1024,2016-11-25,-0.0043854416615753955
1025,2016-11-28,0.02945289094396264
1026,2016-11-29,-0.04406467998839059
1027,2016-11-30,0.0026752298680836617
1028,2016-12-01,-0.03623706688710504
1029,2016-12-02,0.00552014820321034
1030,2016-12-05,-0.00505853913031018
1031,2016-12-06,0.0036800677335153686
1032,2016-12-07,0.024950274830808805
1033,2016-12-08,0.0013445264956453151
1034,2016-12-09,0.008463898259004843
1035,2016-12-12,-0.013847837654592077
1036,2016-12-13,0.025318672693335653
1037,2016-12-14,-0.004395213394210451
1038,2016-12-15,-0.007964215478940329
1039,2016-12-16,0.006198784478458563
1040,2016-12-19,-0.004422385707688825
1041,2016-12-20,-0.030606349376886666
1042,2016-12-21,-0.014732774474488064
1043,2016-12-22,-0.009787537982198113
1044,2016-12-23,0.007468524617428862
1045,2016-12-26,0.013390104091117294
1046,2016-12-27,0.03604128189802891
1047,2016-12-28,0.027924104195500732
1048,2016-12-29,-0.003019563312921747
1049,2017-01-02,-0.001292209175245862
1050,2017-01-03,0.030218974508699148
1051,2017-01-04,-0.00884365535524223
1052,2017-01-05,-0.00934988531039016
1053,2017-01-06,-0.011592943858449
1054,2017-01-09,-0.008680746771478898
1055,2017-01-10,-0.0021784576982812887
1056,2017-01-11,0.0004370220351228582
1057,2017-01-12,0.06464723971932385
1058,2017-01-13,-0.01359447591776064
1059,2017-01-16,0.0
1060,2017-01-17,-0.010424478063570497
1061,2017-01-18,-0.0025157823121944034
1062,2017-01-19,-0.006324146410343623
1063,2017-01-20,0.015108498959635064
1064,2017-01-23,0.03156647295643955
1065,2017-01-24,-0.02244531389180482
1066,2017-01-26,0.022041277967071338
1067,2017-01-27,0.004028608976822223
1068,2017-01-30,-0.027310026743464277
1069,2017-01-31,-0.013310879814226961
1070,2017-02-01,-0.004617051278040574
1071,2017-02-02,0.0004210302348020001
1072,2017-02-03,0.036337576460701904
1073,2017-02-06,-0.024633845102914886
1074,2017-02-07,-0.002494845815326663
1075,2017-02-08,-0.014691502909693899
1076,2017-02-09,0.006324146410343623
1077,2017-02-10,0.0379241576482352
1078,2017-02-13,0.004440016608258102
1079,2017-02-14,0.022697344718847212
1080,2017-02-15,0.019109558436695373
1081,2017-02-16,0.0
1082,2017-02-17,-0.0034857848191238716
1083,2017-02-20,0.007725522540639407
1084,2017-02-21,0.013748115700635388
1085,2017-02-22,0.012070318967276172
1086,2017-02-23,-0.003382392770175713
1087,2017-02-24,-0.03989558450946484
1088,2017-03-01,0.022447883968137017
1089,2017-03-02,-0.013485911406697415
1090,2017-03-03,0.01080072374552321
1091,2017-03-06,0.011824632531049595
1092,2017-03-07,-0.017980963502560954
1093,2017-03-08,-0.008534756835126611
1094,2017-03-09,0.008534756835126611
1095,2017-03-10,0.013038159380708514
1096,2017-03-13,0.02707159837765083
1097,2017-03-14,-0.020990646811648084
1098,2017-03-15,0.030222053115834147
1099,2017-03-16,-0.007747345413638307
1100,2017-03-17,-0.02247470770219584
1101,2017-03-20,0.015409823109517884
1102,2017-03-21,-0.012007284979982824
1103,2017-03-22,-0.01406758307998679
1104,2017-03-23,0.003061166939017923
1105,2017-03-24,0.04112726235752984
1106,2017-03-27,-0.01624845880191428
1107,2017-03-28,0.018076130647616484
1108,2017-03-29,0.01991018879046713
1109,2017-03-30,-0.0028704676328485945
1110,2017-03-31,-0.0007198855107577451
1111,2017-04-03,-0.0021587264700704267
1112,2017-04-04,0.0035979796292164856
1113,2017-04-05,0.018504802507932627
1114,2017-04-06,-0.005655561275230259
1115,2017-04-07,0.006713887592718404
1116,2017-04-10,0.01711414569786074
1117,2017-04-11,-0.006603496787332741
1118,2017-04-12,0.011781500679218126
1119,2017-04-13,-0.0010349828900646507
1120,2017-04-17,0.014041699373598338
1121,2017-04-18,0.008124289052895417
1122,2017-04-19,-0.030821280554932162
1123,2017-04-20,0.010724187826406162
1124,2017-04-24,0.009246210328256232
1125,2017-04-25,0.002386175465803664
1126,2017-04-26,-0.022008460790140738
1127,2017-04-27,0.004853247616174894
1128,2017-04-28,0.023257600223095753
1129,2017-05-02,0.017425723633957002
1130,2017-05-03,0.002656899421647818
1131,2017-05-04,-0.003519731171811813
1132,2017-05-05,-0.008817103410148519
1133,2017-05-08,0.00478557880001329
1134,2017-05-09,0.03180611380730003
1135,2017-05-10,0.04316712578113702
1136,2017-05-11,-0.0017050643807774435
1137,2017-05-12,0.0017050643807774435
1138,2017-05-15,-0.011996716287631326
1139,2017-05-16,0.003442344190972779
1140,2017-05-17,-0.011057437971873973
1141,2017-05-18,-0.08065102618240916
1142,2017-05-19,0.013096576584629371
1143,2017-05-22,-0.05423245590383052
1144,2017-05-23,0.04301738508369102
1145,2017-05-24,0.029631797606370913
1146,2017-05-25,-0.018416726786231408
1147,2017-05-26,0.008882330952945328
1148,2017-05-29,0.0
1149,2017-05-30,-0.009254184468511895
1150,2017-05-31,-0.019527394805150866
1151,2017-06-01,0.0026510145178919586
1152,2017-06-02,0.015387768149905945
1153,2017-06-05,0.0018604656529195296
1154,2017-06-06,0.005191001549218033
1155,2017-06-07,0.013225725237013375
1156,2017-06-08,0.0032792887831298856
1157,2017-06-09,0.0032685701880010853
1158,2017-06-12,-0.026452644039982598
1159,2017-06-13,0.0003722315184524483
1160,2017-06-14,0.01220655022303152
1161,2017-06-15,0.0
1162,2017-06-16,0.0018365110425961895
1163,2017-06-19,0.019982463616114554
1164,2017-06-20,-0.029940133945757896
1165,2017-06-21,-0.019839654668118545
1166,2017-06-22,0.00415009084613871
1167,2017-06-23,0.0007527663274693452
1168,2017-06-26,0.011967233322693893
1169,2017-06-27,-0.01046343607508815
1170,2017-06-28,0.0018764876612178405
1171,2017-06-29,0.003742519338338468
1172,2017-06-30,0.022530925805031465
1173,2017-07-03,0.006189715963989428
1174,2017-07-04,-0.006189715963989428
1175,2017-07-05,0.014503589986024412
1176,2017-07-06,-0.01340846300862264
1177,2017-07-07,0.002550557039453949
1178,2017-07-10,0.015168221473171428
1179,2017-07-11,0.008920665758379354
1180,2017-07-12,0.028022883975618917
1181,2017-07-13,0.020175072394318594
1182,2017-07-14,-0.020175072394318594
1183,2017-07-17,-0.012163520735511302
1184,2017-07-18,-0.007017572658646554
1185,2017-07-19,-0.00423426877810984
1186,2017-07-20,0.009852226068326697
1187,2017-07-21,0.022161641063433546
1188,2017-07-24,0.02235108207985137
1189,2017-07-25,0.011322131892744114
1190,2017-07-26,-0.033673213972595484
1191,2017-07-27,0.008864633569341418
1192,2017-07-28,0.002373352529545958
1193,2017-07-31,-0.007819247726370104
1194,2017-08-01,0.022609366068543135
1195,2017-08-02,0.0010005337002843007
1196,2017-08-03,-0.006018072325562951
1197,2017-08-04,-0.019299735658727002
1198,2017-08-07,0.011556892734252866
1199,2017-08-08,0.015426161291227647
1200,2017-08-09,0.005641296050578504
1201,2017-08-10,0.0009922607229260194
1202,2017-08-11,0.004946423935325406
1203,2017-08-14,0.011447385840350766
1204,2017-08-15,0.008097210232619556
1205,2017-08-16,-0.007772059847702906
1206,2017-08-17,-0.00848846102407741
1207,2017-08-18,-0.008891874821999046
1208,2017-08-21,-0.017014622589184736
1209,2017-08-22,0.012704985552647763
1210,2017-08-23,0.029462032730316334
1211,2017-08-24,-0.005823374593176389
1212,2017-08-25,0.007756955632820528
1213,2017-08-28,-0.007756955632820528
1214,2017-08-29,0.005823374593176389
1215,2017-08-30,-0.003231020581446753
1216,2017-08-31,-0.009756174945364293
1217,2017-09-01,0.014598767215032726
1218,2017-09-04,0.0108905628232141
1219,2017-09-05,0.01924656380314449
1220,2017-09-06,0.03621138196257201
1221,2017-09-07,0.0
1222,2017-09-08,0.00690797160636647
1223,2017-09-11,0.00834577136739778
1224,2017-09-12,0.026652596524145977
1225,2017-09-13,-0.009291559702159002
1226,2017-09-14,-0.00029172867153226534
1227,2017-09-15,0.03498068712578872
1228,2017-09-18,0.008696842461386911
1229,2017-09-19,-0.025460978958723235
1230,2017-09-20,-0.004883019758987306
1231,2017-09-21,-0.003461180215346804
1232,2017-09-22,0.0
1233,2017-09-25,-0.0031833625033215185
1234,2017-09-26,0.006356594556677919
1235,2017-09-27,-0.006356594556677919
1236,2017-09-28,0.014674353802722973
1237,2017-09-29,0.029550567666692285
1238,2017-10-02,0.0011085644304422715
1239,2017-10-03,0.032700489902946384
1240,2017-10-04,0.0008040466625849341
1241,2017-10-05,-0.006449955001203822
1242,2017-10-06,-0.0021592991428849295
1243,2017-10-09,0.0010802323929279822
1244,2017-10-10,0.008867504028148065
1245,2017-10-11,-0.007788437278191118
1246,2017-10-12,0.0
1247,2017-10-13,-0.007849573500527285
1248,2017-10-16,-0.011203833856980872
1249,2017-10-17,-0.012164872160524087
1250,2017-10-18,0.04221182099289811
1251,2017-10-19,-0.02047479875280578
1252,2017-10-20,0.004345471023462721
1253,2017-10-23,-0.01998161457746006
1254,2017-10-24,0.02538692503547013
1255,2017-10-25,0.01338708149932577
1256,2017-10-26,-0.03463544347126524
1257,2017-10-27,-0.01665776972927402
1258,2017-10-30,-0.014948861087489274
1259,2017-10-31,-0.020382477120837184
1260,,
