,Time,Returns_MULT3
0,2012-10-02,0.02197846076263854
1,2012-10-03,0.001670922393280705
2,2012-10-04,0.00016697383748098815
3,2012-10-05,0.006986418199662836
4,2012-10-08,-0.005485206965916589
5,2012-10-09,0.0039922137771037924
6,2012-10-10,-0.004158937118758033
7,2012-10-11,0.02485904282594742
8,2012-10-15,0.0
9,2012-10-16,0.015808623319713888
10,2012-10-17,0.011458484083661347
11,2012-10-18,-0.016109387036926215
12,2012-10-19,-0.0160479684685626
13,2012-10-22,0.006515068743833119
14,2012-10-23,-0.020500442815116315
15,2012-10-24,-0.03010905816721543
16,2012-10-25,0.0011946915097817978
17,2012-10-26,-0.00221989888060925
18,2012-10-29,0.020137197202952706
19,2012-10-30,0.017601894875287627
20,2012-10-31,-0.020790249599113686
21,2012-11-01,0.0038583141782453367
22,2012-11-05,-0.0005023981919327625
23,2012-11-06,0.0013391791735140046
24,2012-11-07,-0.04411805813191538
25,2012-11-08,0.030983610179378118
26,2012-11-09,-0.0005086671207106264
27,2012-11-12,-0.018310742275675196
28,2012-11-13,0.014402602197049141
29,2012-11-14,-0.00409268248707928
30,2012-11-16,-0.007894756100024658
31,2012-11-19,0.0006889299930312731
32,2012-11-21,-0.013521485844092851
33,2012-11-22,0.012143081936828892
34,2012-11-23,0.004987841751098898
35,2012-11-26,0.006837467260509378
36,2012-11-27,0.005268410689065028
37,2012-11-28,0.003553190085591851
38,2012-11-29,0.011920556423803852
39,2012-11-30,-0.015473746509395703
40,2012-12-03,0.024278827674173442
41,2012-12-04,0.0037977804733841936
42,2012-12-05,-0.007940534685294764
43,2012-12-06,0.006951244200471329
44,2012-12-07,0.008869035441171569
45,2012-12-10,-0.0300413530447603
46,2012-12-11,0.020678930881414814
47,2012-12-12,0.006250753570983036
48,2012-12-13,0.00016404385692414536
49,2012-12-14,-0.011378736804133815
50,2012-12-17,0.01661293773726502
51,2012-12-18,-0.007204144032413318
52,2012-12-19,-0.017569814192962774
53,2012-12-20,-0.017033147298803897
54,2012-12-21,0.007792755426961229
55,2012-12-26,-0.0018583892094348187
56,2012-12-27,0.002701946706501701
57,2012-12-28,0.015063936760816077
58,2013-01-02,-0.0034947182631865914
59,2013-01-03,-0.006187128495004579
60,2013-01-04,0.004852640602912572
61,2013-01-07,-0.015306867306984273
62,2013-01-08,0.0
63,2013-01-09,0.005072136701446794
64,2013-01-10,0.01056852791466234
65,2013-01-11,-0.014116315413124525
66,2013-01-14,0.008762158468957004
67,2013-01-15,-0.010286507671941614
68,2013-01-16,0.014972941841784326
69,2013-01-17,-0.0045187151377126256
70,2013-01-18,-0.02582521237175328
71,2013-01-21,0.0
72,2013-01-22,0.011294623711705754
73,2013-01-23,-0.00888776426816662
74,2013-01-24,-0.01819436947228592
75,2013-01-28,-0.008603564628983484
76,2013-01-29,0.018348433160758404
77,2013-01-30,0.002594217768267626
78,2013-01-31,-0.006063630598728942
79,2013-02-01,0.00173624571174269
80,2013-02-04,0.002598642829508613
81,2013-02-05,0.003454431753190157
82,2013-02-06,0.004301326104464209
83,2013-02-07,-0.004301326104464209
84,2013-02-08,-0.017392740954282004
85,2013-02-13,0.007341795522198602
86,2013-02-14,-0.007341795522198602
87,2013-02-15,-0.04118635464285347
88,2013-02-18,0.014698555022371274
89,2013-02-19,-0.00018022838785380912
90,2013-02-20,-0.0036103208281081933
91,2013-02-21,0.01079212874680291
92,2013-02-22,-0.002866522385604142
93,2013-02-25,0.0025086561299660914
94,2013-02-26,-0.010434262491164858
95,2013-02-27,0.007028076505665837
96,2013-02-28,0.017092417238718127
97,2013-03-01,0.023550596046342243
98,2013-03-04,0.011486128084783331
99,2013-03-05,0.014046944408600659
100,2013-03-06,-0.010645317871131432
101,2013-03-07,-0.0003398089626731604
102,2013-03-08,0.0008492890193227964
103,2013-03-11,-0.010237859074119449
104,2013-03-12,-0.0013731984681184528
105,2013-03-13,-0.010533391771890166
106,2013-03-14,0.015387856497011576
107,2013-03-15,-0.005141382318288201
108,2013-03-18,-0.0034423613731036085
109,2013-03-19,0.0
110,2013-03-20,0.004644370608564152
111,2013-03-21,-0.006369962033719645
112,2013-03-22,-0.0069324713179588215
113,2013-03-25,0.012959144642505471
114,2013-03-26,-0.00602667332454665
115,2013-03-27,0.008598504959492104
116,2013-03-28,-0.006872913534336611
117,2013-04-01,-0.026202372394023676
118,2013-04-02,-0.008888947417245774
119,2013-04-03,0.006762812687602704
120,2013-04-04,-0.006762812687602704
121,2013-04-05,-0.009869958904508813
122,2013-04-08,-0.008876102111598172
123,2013-04-09,0.021421087084286583
124,2013-04-10,0.00444247716167645
125,2013-04-11,-0.006938983451174607
126,2013-04-12,-0.02092806025567384
127,2013-04-15,-0.03903837790198139
128,2013-04-16,0.014117881545784972
129,2013-04-17,0.018519047767237673
130,2013-04-18,0.02732950884463259
131,2013-04-19,0.015061913296078089
132,2013-04-22,0.011192823993395606
133,2013-04-23,-0.011368762787059339
134,2013-04-24,0.001406257946745093
135,2013-04-25,0.007524770762126209
136,2013-04-26,
137,2013-04-29,
138,2013-04-30,0.00952054063032115
139,2013-05-02,0.00017541889376637698
140,2013-05-03,-0.0035149597130788024
141,2013-05-06,-0.0017620797510806696
142,2013-05-07,0.0226687821760283
143,2013-05-08,0.007044097505798597
144,2013-05-09,0.006654729845561036
145,2013-05-10,-0.005628018607412244
146,2013-05-13,0.005628018607412244
147,2013-05-14,0.0059347863389582756
148,2013-05-15,0.001013805417908742
149,2013-05-16,0.004885882896938476
150,2013-05-17,0.0025178695212586533
151,2013-05-20,-0.005884892932569663
152,2013-05-21,0.003030832451680787
153,2013-05-22,0.0021832404155901486
154,2013-05-23,-0.001174989624482592
155,2013-05-24,-0.02276300046353885
156,2013-05-27,0.003259253249702887
157,2013-05-28,-0.007564038127209294
158,2013-05-29,-0.01652931920746603
159,2013-05-31,-0.017878128753084255
160,2013-06-03,-0.007889640997627012
161,2013-06-04,-0.0009004773314504888
162,2013-06-05,-0.01360565205577835
163,2013-06-06,-0.0009136409871395301
164,2013-06-07,-0.018636981900435057
165,2013-06-10,-0.005415962389703655
166,2013-06-11,-0.024645873047727473
167,2013-06-12,-0.007707109514861532
168,2013-06-13,0.00866641894094844
169,2013-06-14,-0.003072788933131232
170,2013-06-17,-0.018049999466420275
171,2013-06-18,0.005273984137640131
172,2013-06-19,-0.020071531155788858
173,2013-06-20,-0.0005965205465683354
174,2013-06-21,0.0023838509264391128
175,2013-06-24,-0.007968209331715936
176,2013-06-25,0.0246926125903717
177,2013-06-26,0.01356611877599656
178,2013-06-27,0.0030751513167834865
179,2013-06-28,-0.008866653823482284
180,2013-07-01,0.004828594419672427
181,2013-07-02,-0.026949531225197276
182,2013-07-03,-0.0003959612009762914
183,2013-07-04,0.012789195217004501
184,2013-07-05,-0.011404016406427075
185,2013-07-08,-0.004757154565893096
186,2013-07-10,0.016356616184643347
187,2013-07-11,0.004874729356771468
188,2013-07-12,0.008907863016928363
189,2013-07-15,0.019662807587094377
190,2013-07-16,-0.009496747176501508
191,2013-07-17,0.003429227844076177
192,2013-07-18,-0.0057219877107632655
193,2013-07-19,0.00038248232217075184
194,2013-07-22,0.014238494259432244
195,2013-07-23,0.004326161253513927
196,2013-07-24,-0.011515011940347541
197,2013-07-25,-0.002851946088421542
198,2013-07-26,
199,2013-07-29,
200,2013-07-30,-0.013785267894883546
201,2013-07-31,-0.015565302465143205
202,2013-08-01,0.01654232254353616
203,2013-08-02,0.005648101323831423
204,2013-08-05,0.009856065680884374
205,2013-08-06,-0.03145099573412846
206,2013-08-07,-0.005771754676640484
207,2013-08-08,-0.006809559932661635
208,2013-08-09,0.01515788924429362
209,2013-08-12,0.004542320439606229
210,2013-08-13,-0.000788507834945662
211,2013-08-14,-0.0221323166786509
212,2013-08-15,-0.0050530680556595264
213,2013-08-16,0.003034944222004121
214,2013-08-19,-0.020408871631207415
215,2013-08-20,-0.010571100397934963
216,2013-08-21,-0.012370426650379684
217,2013-08-22,0.0
218,2013-08-23,0.005050452601212285
219,2013-08-26,0.00020994857659273336
220,2013-08-27,-0.009912598093398728
221,2013-08-28,0.0035967034139088305
222,2013-08-29,0.011548768777084106
223,2013-08-30,0.0008346619763086593
224,2013-09-02,0.03404058526146958
225,2013-09-03,-0.03278978250040909
226,2013-09-04,-0.010260837805462941
227,2013-09-05,0.01855968194247115
228,2013-09-06,0.014359139022376954
229,2013-09-09,0.04480590335889678
230,2013-09-10,-0.022649850808170946
231,2013-09-11,0.00019914351226058002
232,2013-09-12,-0.016263725450556876
233,2013-09-13,0.018054592545271753
234,2013-09-16,0.004562142288615512
235,2013-09-17,-0.012546156675960596
236,2013-09-18,0.02669457518088514
237,2013-09-19,0.028848154337658194
238,2013-09-20,-0.0114395525584845
239,2013-09-23,0.00783117340453865
240,2013-09-24,0.03017181954677195
241,2013-09-25,-0.007039617873034754
242,2013-09-26,-0.006340938695839071
243,2013-09-27,-0.01147817652600347
244,2013-09-30,0.0030234338979973074
245,2013-10-01,0.0037665015924690515
246,2013-10-02,0.016960614990924938
247,2013-10-03,-0.005745581555137935
248,2013-10-04,0.009250759943305376
249,2013-10-07,-0.008507523187211152
250,2013-10-08,-0.006335031434511418
251,2013-10-09,0.006892064227273842
252,2013-10-10,0.0014839921105900267
253,2013-10-11,0.0009263363244498279
254,2013-10-14,-0.007435015800951739
255,2013-10-15,0.002422473977407247
256,2013-10-16,0.021541880204626995
257,2013-10-17,0.0078019081114169
258,2013-10-18,0.003067727695614586
259,2013-10-21,-0.0010816839082590235
260,2013-10-22,0.002881828441183565
261,2013-10-23,-0.0052294231988136985
262,2013-10-24,-0.023969695522224832
263,2013-10-25,-0.006316201566796575
264,2013-10-28,0.007981480885857817
265,2013-10-29,-0.022245949211899596
266,2013-10-30,0.016870071908941853
267,2013-10-31,-0.0244602789827999
268,2013-11-01,-0.013809214586662844
269,2013-11-04,0.011902674484019382
270,2013-11-05,-0.00612559319216377
271,2013-11-06,-0.018018504804452107
272,2013-11-07,-0.002544818784653291
273,2013-11-08,-0.019195226932456233
274,2013-11-11,0.01684047706799774
275,2013-11-12,-0.013250505087253561
276,2013-11-13,0.010890098821786154
277,2013-11-14,0.044862696679413894
278,2013-11-18,-0.011552083665575363
279,2013-11-19,-0.014388737452099676
280,2013-11-21,-0.006786220773853824
281,2013-11-22,-0.006049428028918058
282,2013-11-25,-0.012606016721483204
283,2013-11-26,0.020599041048467104
284,2013-11-27,-0.01467018974779366
285,2013-11-28,0.00530609479176869
286,2013-11-29,0.008198347775573822
287,2013-12-02,-0.02779325497713314
288,2013-12-03,-0.018967457442145008
289,2013-12-04,0.0020349824079519685
290,2013-12-05,0.018929320745633582
291,2013-12-06,-0.019336010474908072
292,2013-12-09,0.01172682285596327
293,2013-12-10,-0.02338697385041799
294,2013-12-11,0.007380128025049615
295,2013-12-12,0.002855376288042777
296,2013-12-13,-0.01044124564946447
297,2013-12-16,0.004312543949485992
298,2013-12-17,-0.004930125022974519
299,2013-12-18,0.00881606913081745
300,2013-12-19,0.014589863514763657
301,2013-12-20,0.004816425124678059
302,2013-12-23,0.0010004803135634788
303,2013-12-26,0.0033941932035541633
304,2013-12-27,-0.009814761006476935
305,2013-12-30,0.004418605212409332
306,2014-01-02,-0.013111675219534824
307,2014-01-03,-0.0042730555986247865
308,2014-01-06,-0.01831513223847514
309,2014-01-07,-0.0054144863076661665
310,2014-01-08,0.002294317434559545
311,2014-01-09,-0.027885203489535826
312,2014-01-10,0.006406171812411543
313,2014-01-13,-0.0027710132357707806
314,2014-01-14,0.004259878782407078
315,2014-01-15,0.00424180916234862
316,2014-01-16,-0.0021186024424708627
317,2014-01-17,-0.009804063932298046
318,2014-01-20,-0.008388048071066745
319,2014-01-21,-0.005414198508127299
320,2014-01-22,0.014016445102338793
321,2014-01-23,-0.0073071460462577065
322,2014-01-24,-0.014338720259873039
323,2014-01-27,-0.0006567363775142887
324,2014-01-28,-0.013668621547694215
325,2014-01-29,-0.02745440179522518
326,2014-01-30,-0.002055499088205348
327,2014-01-31,-0.0029765561881625047
328,2014-02-03,-0.022259183954190576
329,2014-02-04,0.02432080415383453
330,2014-02-05,-0.0011447968802142938
331,2014-02-06,-0.011289187714691007
332,2014-02-07,0.034835600179055515
333,2014-02-10,-0.012156768218908098
334,2014-02-11,0.021732612676601093
335,2014-02-12,-0.029691790475332436
336,2014-02-13,0.0056915351293627126
337,2014-02-14,-0.0011356957624517605
338,2014-02-17,-0.02322205688762491
339,2014-02-18,-0.009113370703669244
340,2014-02-19,0.026637406476656356
341,2014-02-20,0.008421558916220206
342,2014-02-21,0.02130366498271341
343,2014-02-24,0.017158318379414617
344,2014-02-25,-0.030785269038049012
345,2014-02-26,0.01207260372639718
346,2014-02-27,0.030421407436962422
347,2014-02-28,-0.0062709905886282336
348,2014-03-05,-0.005873964458084746
349,2014-03-06,0.017734028005237157
350,2014-03-07,-0.01381424946724108
351,2014-03-10,-0.012245878072877137
352,2014-03-11,0.002197759126382426
353,2014-03-12,0.012436071966220208
354,2014-03-13,-0.01793966330435781
355,2014-03-14,-0.00110434026799755
356,2014-03-17,0.01098912157559484
357,2014-03-18,0.015830320822125543
358,2014-03-19,0.000430200049654772
359,2014-03-20,-0.016697774923346564
360,2014-03-21,0.008275330235919753
361,2014-03-24,0.01741411325364428
362,2014-03-25,-0.00042626306337201214
363,2014-03-26,0.006376195681794261
364,2014-03-27,0.01158515314878894
365,2014-03-28,0.010623951827957612
366,2014-03-31,0.0033098914499691823
367,2014-04-01,-0.007878892176896635
368,2014-04-02,0.01978628008285721
369,2014-04-03,-0.009844214034777199
370,2014-04-04,0.008823305329678899
371,2014-04-07,-0.0030690970382303284
372,2014-04-08,0.017066647824063974
373,2014-04-09,0.002213523413240104
374,2014-04-10,-0.0012067781151463564
375,2014-04-11,-0.002216118543565404
376,2014-04-14,-0.001210938569549569
377,2014-04-15,-0.01259919099571949
378,2014-04-16,0.011386804494290637
379,2014-04-17,0.00885680096272079
380,2014-04-22,-0.003010579233030608
381,2014-04-23,0.0010045003456840007
382,2014-04-24,0.004008041477860047
383,2014-04-25,-0.01085876355323423
384,2014-04-28,-0.01118236732364597
385,2014-04-29,0.01400891885703448
386,2014-04-30,-0.006472494475243895
387,2014-05-02,0.00445437064158849
388,2014-05-05,0.017025909867979472
389,2014-05-06,0.01674097213408743
390,2014-05-07,-0.01614526080310119
391,2014-05-08,-0.00437639444894522
392,2014-05-09,-0.012841267948324742
393,2014-05-12,-0.006279793819527146
394,2014-05-13,-0.01473920219393543
395,2014-05-14,0.005142456868239886
396,2014-05-15,-0.01947447065421004
397,2014-05-16,0.011026908662248314
398,2014-05-19,-0.013960055568560392
399,2014-05-20,-0.00041974817426071453
400,2014-05-21,0.01064845628466271
401,2014-05-22,0.004351866643840463
402,2014-05-23,-0.0010344471588750181
403,2014-05-26,-0.002072151591017146
404,2014-05-27,-0.020113793735194285
405,2014-05-28,0.0071700011932671615
406,2014-05-29,0.011075215192079213
407,2014-05-30,-0.0012476192094514893
408,2014-06-02,-0.015939976759408836
409,2014-06-03,-0.003388398061659803
410,2014-06-04,-0.0057440856955728314
411,2014-06-05,0.0006399274971506941
412,2014-06-06,0.020471264418351343
413,2014-06-09,0.01657380023777888
414,2014-06-10,0.024156315399282757
415,2014-06-11,0.02005424102515274
416,2014-06-13,0.008417393506824578
417,2014-06-16,-0.0058650999592204656
418,2014-06-17,0.005475160387308442
419,2014-06-18,0.012018035595853682
420,2014-06-20,0.0036541630496125244
421,2014-06-23,-0.0017292731756728408
422,2014-06-24,0.002496899381398965
423,2014-06-25,-0.0034588811683122778
424,2014-06-26,0.0011542325363227413
425,2014-06-27,-0.0061716494689911805
426,2014-06-30,-0.01500858544993866
427,2014-07-01,-0.010463011564608049
428,2014-07-02,-0.000992733140129154
429,2014-07-03,-0.0005961053271787975
430,2014-07-04,0.003769451901323162
431,2014-07-07,-0.005958289663312133
432,2014-07-08,0.006552152895590968
433,2014-07-10,0.008277579782225875
434,2014-07-11,0.010737028373871471
435,2014-07-14,0.029653038540160104
436,2014-07-15,0.006575937209481353
437,2014-07-16,0.0
438,2014-07-17,0.006532883588440175
439,2014-07-18,0.024806012853455517
440,2014-07-21,0.016202010873922035
441,2014-07-22,0.03853368118437306
442,2014-07-23,-0.011926560970421107
443,2014-07-24,-0.012246426777531738
444,2014-07-25,-0.021529218886256807
445,2014-07-28,-0.0018001445329245414
446,2014-07-29,-0.00995932170439584
447,2014-07-30,0.001091251482347566
448,2014-07-31,-0.020384435509638088
449,2014-08-01,-0.0007424090705949737
450,2014-08-04,0.020945079282364
451,2014-08-05,-0.012440701982030511
452,2014-08-06,-0.0011052128792208293
453,2014-08-07,-0.0048032238069453115
454,2014-08-08,0.0
455,2014-08-11,0.012879681145196109
456,2014-08-12,-0.0009144764904007729
457,2014-08-13,-0.007161980847850025
458,2014-08-14,-0.0005530095182506578
459,2014-08-15,0.01537084242142095
460,2014-08-18,0.03093120484708134
461,2014-08-19,0.0035149597130788024
462,2014-08-20,0.004201721794300006
463,2014-08-21,-0.009478761258459478
464,2014-08-22,0.005277039464159472
465,2014-08-25,0.008733679968754515
466,2014-08-26,-0.0008699261020996829
467,2014-08-27,0.0078023974200585045
468,2014-08-28,-0.015666151286713337
469,2014-08-29,0.01687438476739267
470,2014-09-01,0.00051735794447616
471,2014-09-02,0.008241804895104288
472,2014-09-03,-0.00996739632025978
473,2014-09-04,-0.01830123410501816
474,2014-09-05,-0.02151383593368461
475,2014-09-08,-0.018136152121637217
476,2014-09-09,-0.01903056046824103
477,2014-09-10,-0.008617494075375376
478,2014-09-11,-0.002260370125519273
479,2014-09-12,-0.033167039608241744
480,2014-09-15,-0.0007800507643991317
481,2014-09-16,0.035454571344006425
482,2014-09-17,0.0037586963297226994
483,2014-09-18,-0.016454309766789965
484,2014-09-19,0.011565206383764348
485,2014-09-22,-0.015960817940808614
486,2014-09-23,-0.010203168794695738
487,2014-09-24,0.010969031370574367
488,2014-09-25,-0.027159807681718995
489,2014-09-26,0.022171347701358535
490,2014-09-29,-0.0410303880269276
491,2014-09-30,0.00439906723811978
492,2014-10-01,-0.0453045639052303
493,2014-10-02,0.017999823551439142
494,2014-10-03,0.023907155392621338
495,2014-10-06,0.03249910861324379
496,2014-10-07,0.005218935356515519
497,2014-10-08,-0.00483139416621059
498,2014-10-09,0.006949854295212887
499,2014-10-10,-0.05171862935689253
500,2014-10-13,0.04244140781323891
501,2014-10-14,0.0011643897961759464
502,2014-10-15,-0.030723192037720448
503,2014-10-16,-0.0410303078826435
504,2014-10-17,0.020827600565124005
505,2014-10-20,-0.026888879251970366
506,2014-10-21,-0.011597367361375177
507,2014-10-22,0.00781662355710866
508,2014-10-23,-0.04563852595422491
509,2014-10-24,0.06605164884327275
510,2014-10-27,-0.004132257988844312
511,2014-10-28,0.03459146547355285
512,2014-10-29,-0.04082199452025481
513,2014-10-30,0.04281995726276744
514,2014-10-31,0.022694649847859072
515,2014-11-03,-0.019705071079332726
516,2014-11-04,-0.008594037105150498
517,2014-11-05,-0.016596211723407972
518,2014-11-06,-0.0112879391340166
519,2014-11-07,-0.012461282874930646
520,2014-11-10,-0.010926689927026612
521,2014-11-11,0.013848311370849853
522,2014-11-12,0.0035361034550631665
523,2014-11-13,0.0037305742747713033
524,2014-11-14,-0.016898305688762605
525,2014-11-17,-0.009088111027048207
526,2014-11-18,0.03811774674150614
527,2014-11-19,0.008141750487893784
528,2014-11-21,0.02640681439243897
529,2014-11-24,0.01974451748632955
530,2014-11-25,-0.021127506884555558
531,2014-11-26,0.02286815136233944
532,2014-11-27,0.012482197349456214
533,2014-11-28,-0.008047600281590572
534,2014-12-01,-0.06805886186902077
535,2014-12-02,0.0067726887921502055
536,2014-12-03,-0.019831242964933438
537,2014-12-04,0.005617428631902399
538,2014-12-05,-0.001453337711362579
539,2014-12-08,0.003939849534479567
540,2014-12-09,0.013974744484066992
541,2014-12-10,0.0
542,2014-12-11,-0.020619287202735315
543,2014-12-12,-0.023396599132905482
544,2014-12-15,-0.02133925113550239
545,2014-12-16,-0.021136916134191885
546,2014-12-17,0.014579428155399032
547,2014-12-18,0.01393759495602609
548,2014-12-19,0.027305407437673068
549,2014-12-22,0.025964694667571564
550,2014-12-23,-0.01695654753745668
551,2014-12-26,-0.007536167051485521
552,2014-12-29,-0.0018929440924235763
553,2014-12-30,-0.0012639774303835338
554,2015-01-02,-0.06938444417483769
555,2015-01-05,-0.0013564777272874196
556,2015-01-06,0.04857469062757014
557,2015-01-07,0.033901508572234285
558,2015-01-08,-0.010681806232732072
559,2015-01-09,0.006506413901748775
560,2015-01-12,-0.014752660017381736
561,2015-01-13,0.018302877800808748
562,2015-01-14,0.001874414755311804
563,2015-01-15,0.04754096364421523
564,2015-01-16,0.008495556045791108
565,2015-01-19,-0.03952768450941946
566,2015-01-20,0.048731646387312644
567,2015-01-21,0.022741411952287294
568,2015-01-22,-0.0053496305901523655
569,2015-01-23,0.008203804320576324
570,2015-01-26,-0.030480793344221713
571,2015-01-27,-0.0009798922977100055
572,2015-01-28,-0.005702522637374585
573,2015-01-29,-0.017907322925469593
574,2015-01-30,-0.03493365162980844
575,2015-02-02,0.020576858535603204
576,2015-02-03,0.017363671174087436
577,2015-02-04,-0.019402367130737286
578,2015-02-05,0.0285675839823476
579,2015-02-06,-0.0285675839823476
580,2015-02-09,0.03371105734231161
581,2015-02-10,-0.019526402229630868
582,2015-02-11,0.0030135030641780247
583,2015-02-12,0.024961736058345618
584,2015-02-13,0.017263526235596682
585,2015-02-18,0.009569451016150587
586,2015-02-19,0.007590207073858046
587,2015-02-20,-0.012363485826515586
588,2015-02-23,0.015194955364929985
589,2015-02-24,0.017378761380007823
590,2015-02-25,0.00037043897441613183
591,2015-02-26,-0.0018535315435723732
592,2015-02-27,0.011987178926571751
593,2015-03-02,-0.028071329215971552
594,2015-03-03,0.007513145784512787
595,2015-03-04,-0.002623198105742741
596,2015-03-05,-0.02450034307923543
597,2015-03-06,-0.004045839370419024
598,2015-03-09,-0.05230984526258409
599,2015-03-10,0.022924772527143755
600,2015-03-11,0.034775979077793284
601,2015-03-12,-0.011005111552690128
602,2015-03-13,-0.027754956579422174
603,2015-03-16,0.044121991969589214
604,2015-03-17,0.015915455004343215
605,2015-03-18,0.03145496980076601
606,2015-03-19,-0.004198308621584879
607,2015-03-20,0.008016129716899023
608,2015-03-23,0.0034416844044349304
609,2015-03-24,0.012578800290043546
610,2015-03-25,-0.012578800290043546
611,2015-03-26,-0.03047785067443254
612,2015-03-27,0.005577259401792656
613,2015-03-30,0.021458906868204952
614,2015-03-31,0.016912925636284548
615,2015-04-01,-0.001070992595489706
616,2015-04-02,0.003209631856678996
617,2015-04-06,0.03206023960827409
618,2015-04-07,-0.015989182899241783
619,2015-04-08,0.007157226776680403
620,2015-04-09,-0.018610122442808574
621,2015-04-10,0.029164697453407662
622,2015-04-13,-0.012121291265731138
623,2015-04-14,-0.009100535092868789
624,2015-04-15,0.006134433345153845
625,2015-04-16,-0.01638371903735525
626,2015-04-17,-0.004093607248074171
627,2015-04-20,-0.0057234997953532485
628,2015-04-22,0.01865889778124341
629,2015-04-23,0.017106369609591
630,2015-04-24,-0.02293313633779981
631,2015-04-27,-0.029836864090391657
632,2015-04-28,-0.019529010295098903
633,2015-04-29,-0.007094895399037071
634,2015-04-30,-0.006390999316947088
635,2015-05-04,0.00882388161017289
636,2015-05-05,-0.0018708704826289058
637,2015-05-06,-0.02502974711656103
638,2015-05-07,0.021841110881895
639,2015-05-08,0.018427715329232264
640,2015-05-11,-0.022946608266257496
641,2015-05-12,-0.031243575395530243
642,2015-05-13,0.02765149292071145
643,2015-05-14,0.024877407510108362
644,2015-05-15,-0.0042580642622280784
645,2015-05-18,-0.034157523263601774
646,2015-05-19,0.0095529958441527
647,2015-05-20,-0.01958587953838542
648,2015-05-21,0.01501179104928374
649,2015-05-22,-0.016370091442460932
650,2015-05-25,-0.000777020248661664
651,2015-05-26,-0.028781781992882838
652,2015-05-27,0.027226005716417312
653,2015-05-28,-0.020449021437393355
654,2015-05-29,-0.0067769842790239565
655,2015-06-01,
656,2015-06-02,
657,2015-06-03,
658,2015-06-05,
659,2015-06-08,0.0014503058737127539
660,2015-06-09,0.018462103868872592
661,2015-06-10,0.010111309399841506
662,2015-06-11,-0.03542911686297234
663,2015-06-12,-0.02021553386843644
664,2015-06-15,-0.004263425816962929
665,2015-06-16,0.03174867695162398
666,2015-06-17,-0.02769795191650104
667,2015-06-18,
668,2015-06-19,
669,2015-06-22,0.008385835129926633
670,2015-06-23,
671,2015-06-24,
672,2015-06-25,
673,2015-06-26,
674,2015-06-29,-0.015633461313689256
675,2015-06-30,0.008368291687324447
676,2015-07-01,0.030771658666753687
677,2015-07-02,-0.0347378260205069
678,2015-07-03,-0.0044021243335712334
679,2015-07-06,-0.014601846880200053
680,2015-07-07,0.01670054651828945
681,2015-07-08,-0.026554932070283588
682,2015-07-10,0.030739059382149492
683,2015-07-13,-0.007964871116132421
684,2015-07-14,-0.006756761276439427
685,2015-07-15,0.0004236390568839177
686,2015-07-16,0.005701651840325006
687,2015-07-17,0.00021050636543629153
688,2015-07-20,-0.017842444447311312
689,2015-07-21,0.013411611208619778
690,2015-07-22,-0.034857294397421246
691,2015-07-23,-0.019010232289983886
692,2015-07-24,0.000892192797217195
693,2015-07-27,-0.0058139252723306
694,2015-07-28,0.009152871130934326
695,2015-07-29,0.012148111981750809
696,2015-07-30,-0.010593765049513593
697,2015-07-31,0.04193076500750159
698,2015-08-03,-0.011771114921685921
699,2015-08-04,-0.032825703623802216
700,2015-08-05,-0.008265410343681001
701,2015-08-06,-0.013550387694274413
702,2015-08-07,-0.014428328036166782
703,2015-08-10,0.021903750689218793
704,2015-08-11,0.022317372969562932
705,2015-08-12,-0.013554256758342209
706,2015-08-13,-0.026982773224744516
707,2015-08-14,0.01573406094194363
708,2015-08-17,0.010353434703925135
709,2015-08-18,-0.021730121427172566
710,2015-08-19,0.006841508933421725
711,2015-08-20,-0.011658561321131522
712,2015-08-21,-0.02161620406750009
713,2015-08-24,-0.008494623790981315
714,2015-08-25,-0.007134370077860108
715,2015-08-26,0.020317164723370418
716,2015-08-27,0.056599630761776876
717,2015-08-28,-0.04520543676804678
718,2015-08-31,0.023987421099837647
719,2015-09-01,-0.08943584663365423
720,2015-09-02,0.004924930106826153
721,2015-09-03,0.018978744598264097
722,2015-09-04,-0.03782378530558983
723,2015-09-08,0.014413718723562674
724,2015-09-09,0.012261066114549024
725,2015-09-10,-0.02043646158108725
726,2015-09-11,0.03998579925607082
727,2015-09-14,0.02688207145769672
728,2015-09-15,
729,2015-09-16,
730,2015-09-17,-0.022383751303362676
731,2015-09-18,
732,2015-09-21,
733,2015-09-22,0.02632355806135589
734,2015-09-23,-0.014272316141997088
735,2015-09-24,-0.01423597383897146
736,2015-09-25,0.004606578527871719
737,2015-09-28,-0.018555170570592416
738,2015-09-29,0.028902994826053963
739,2015-09-30,0.014970030898638242
740,2015-10-01,-0.008051215357609998
741,2015-10-02,0.03664781600541511
742,2015-10-05,-0.00022927220730828424
743,2015-10-06,0.001374593588430617
744,2015-10-07,
745,2015-10-08,
746,2015-10-09,-0.0013198857763065952
747,2015-10-13,-0.011957649254147995
748,2015-10-14,-0.01888970083645125
749,2015-10-15,
750,2015-10-16,
751,2015-10-19,
752,2015-10-20,
753,2015-10-21,
754,2015-10-22,
755,2015-10-23,
756,2015-10-26,
757,2015-10-27,
758,2015-10-28,-0.005595985629381683
759,2015-10-29,-0.06371581586286368
760,2015-10-30,0.006438581995164228
761,2015-11-03,0.03732642409700837
762,2015-11-04,0.006163722498718993
763,2015-11-05,0.035985557553913416
764,2015-11-06,-0.030085790043983707
765,2015-11-09,-0.01366770722465871
766,2015-11-10,0.011402632617897535
767,2015-11-11,0.011946563946305666
768,2015-11-12,0.00022399462399036452
769,2015-11-13,0.00980843786552521
770,2015-11-16,-0.008465209546259178
771,2015-11-17,0.024965418169681453
772,2015-11-18,0.0030500894108849153
773,2015-11-19,-0.009397948977142967
774,2015-11-23,-0.0028587374844515345
775,2015-11-24,-0.007293611572712688
776,2015-11-25,-0.013848847493224348
777,2015-11-26,0.0033681855127492
778,2015-11-27,-0.004943875238324402
779,2015-11-30,-0.041159989991380375
780,2015-12-01,0.020216861678104436
781,2015-12-02,0.009615412910837673
782,2015-12-03,0.04825843518744177
783,2015-12-04,-0.0434851790020252
784,2015-12-07,-0.03437074612083579
785,2015-12-08,-0.03146862686355201
786,2015-12-09,0.056956521880225264
787,2015-12-10,-0.010117331760369552
788,2015-12-11,-0.00788867200032417
789,2015-12-14,-0.027392503727385442
790,2015-12-15,0.020848942321920916
791,2015-12-16,0.01165514304837334
792,2015-12-17,-0.0060437886660476
793,2015-12-18,-0.045066608509022554
794,2015-12-21,-0.022694560027500366
795,2015-12-22,-0.001998052562871333
796,2015-12-23,0.015873324549990464
797,2015-12-28,-0.012877840495416404
798,2015-12-29,-0.03474418236915433
799,2015-12-30,-0.01954459607297032
800,2016-01-04,-0.010848102150299077
801,2016-01-05,0.016097484214453228
802,2016-01-06,0.0
803,2016-01-07,-0.02652675362971868
804,2016-01-08,0.006697948504676532
805,2016-01-11,0.026091821422025596
806,2016-01-12,-0.006263016296983448
807,2016-01-13,0.008342045139384968
808,2016-01-14,0.006211148493052043
809,2016-01-15,0.0023192899106270204
810,2016-01-18,-0.0038683994580748227
811,2016-01-19,0.0048974965785753
812,2016-01-20,-0.00205915130673473
813,2016-01-21,-0.0007733471193520636
814,2016-01-22,0.010772148278602955
815,2016-01-26,-0.00178731052846004
816,2016-01-27,-0.003327815648514143
817,2016-01-28,0.010965301759889634
818,2016-01-29,0.04875398125091035
819,2016-02-01,0.024574730073787077
820,2016-02-02,-0.01185409803156201
821,2016-02-03,0.01726015186053287
822,2016-02-04,0.012115712043457183
823,2016-02-05,0.007843177461025697
824,2016-02-10,-0.00045966445304879144
825,2016-02-11,-0.02161115825457749
826,2016-02-12,0.00046970409506119637
827,2016-02-15,0.016302200618790064
828,2016-02-16,-0.008350802317442785
829,2016-02-17,0.0004657894766819659
830,2016-02-18,0.0002327552099901098
831,2016-02-19,0.0013956969164428124
832,2016-02-22,0.03786085036141573
833,2016-02-23,0.0026821428985108753
834,2016-02-24,-0.01144917658594391
835,2016-02-25,0.012564603398149021
836,2016-02-26,0.014388782045188897
837,2016-02-29,0.03264797653499363
838,2016-03-01,0.017292797015066697
839,2016-03-02,0.008328134573915236
840,2016-03-03,0.04301734536174395
841,2016-03-04,0.012827053281701417
842,2016-03-07,-0.001569898312418605
843,2016-03-08,-0.0023593995125104072
844,2016-03-09,0.0076478460350295485
845,2016-03-10,0.009139606733268302
846,2016-03-11,-0.007968169649176904
847,2016-03-14,-0.012764081250790316
848,2016-03-15,-0.025216425666516606
849,2016-03-16,-0.004672410687605932
850,2016-03-17,0.04751910725608566
851,2016-03-18,0.013117472038891798
852,2016-03-21,-0.0026866068482900296
853,2016-03-22,0.022985131729242436
854,2016-03-23,-0.031088629671403467
855,2016-03-24,0.013087177032287123
856,2016-03-28,0.021750304229709805
857,2016-03-29,0.020371037767145772
858,2016-03-30,0.0016485030136497159
859,2016-03-31,0.0018285431879627723
860,2016-04-01,0.0014603507257531234
861,2016-04-04,-0.022132976716584096
862,2016-04-05,-0.00767578434323779
863,2016-04-06,-0.015530615482301613
864,2016-04-07,0.011576199219605954
865,2016-04-08,0.054881225529344047
866,2016-04-11,-0.021665425279635997
867,2016-04-12,0.0003649635010409824
868,2016-04-13,0.0036422732274692393
869,2016-04-14,0.023179566853315237
870,2016-04-15,0.002306414597393669
871,2016-04-18,0.011102431329716111
872,2016-04-19,0.015822289291177682
873,2016-04-20,-0.04426363044532433
874,2016-04-22,-0.005605240192375405
875,2016-04-25,0.003077724832314388
876,2016-04-26,0.013644771593114946
877,2016-04-27,0.03882279781411491
878,2016-04-28,0.00119996587982385
879,2016-04-29,0.009887601863296958
880,2016-05-02,0.0035559938956906123
881,2016-05-03,-0.01618849373813358
882,2016-05-04,0.013480299801254425
883,2016-05-05,-0.030109801471370545
884,2016-05-06,-0.017621601349819827
885,2016-05-09,0.008849615276982803
886,2016-05-10,0.03888178754420757
887,2016-05-11,0.0008470818028500915
888,2016-05-12,0.019121683237053766
889,2016-05-13,-0.0016627705997871445
890,2016-05-16,-0.009867125794252196
891,2016-05-17,-0.025533302005165126
892,2016-05-18,-0.019323449361644762
893,2016-05-19,0.0019317066497759328
894,2016-05-20,0.0
895,2016-05-23,-0.0033388836629804075
896,2016-05-24,-0.007420564086119796
897,2016-05-25,-0.020242536782724585
898,2016-05-27,-0.01384858163352698
899,2016-05-30,0.005854389205441013
900,2016-05-31,-0.0031058396555696532
901,2016-06-01,-0.004217554615164598
902,2016-06-02,0.04631957123064501
903,2016-06-03,0.0
904,2016-06-06,0.019114361599906537
905,2016-06-07,-0.021397685699712454
906,2016-06-08,0.0236327421142839
907,2016-06-09,0.005480387115278873
908,2016-06-10,-0.02753182341676652
909,2016-06-13,0.0042046663207289114
910,2016-06-14,-0.001574665681429721
911,2016-06-15,0.016669929197118627
912,2016-06-16,0.01656601784592837
913,2016-06-17,-0.007480534776613368
914,2016-06-20,0.011031117561967285
915,2016-06-21,-0.006264288610924318
916,2016-06-22,-0.01764807233680088
917,2016-06-23,0.021039072448066243
918,2016-06-24,-0.01569465829031813
919,2016-06-27,0.0006875386942590822
920,2016-06-28,0.017036186862329217
921,2016-06-29,0.02502215575806499
922,2016-06-30,-0.007275214027274046
923,2016-07-01,-0.0036574770918189614
924,2016-07-04,0.012249747615042494
925,2016-07-05,0.006559567686890588
926,2016-07-06,-0.01581579906339048
927,2016-07-07,0.004804067922474786
928,2016-07-08,0.012481719155721827
929,2016-07-11,0.01119867267165997
930,2016-07-12,-0.02235913645232568
931,2016-07-13,0.010344086894900073
932,2016-07-14,0.009267605404938983
933,2016-07-15,0.007416980088080116
934,2016-07-18,0.013879125349963495
935,2016-07-19,0.00047521977234499246
936,2016-07-20,0.010397053084655106
937,2016-07-21,-0.006446040562859245
938,2016-07-22,-0.0009468518784272462
939,2016-07-25,-0.012870615523611129
940,2016-07-26,0.001917287678578461
941,2016-07-27,-0.001917287678578461
942,2016-07-28,0.00015994243257910767
943,2016-07-29,0.010023105230548168
944,2016-08-01,0.013366014431349882
945,2016-08-02,-0.02083402409352164
946,2016-08-03,0.000318928398192142
947,2016-08-04,0.02020269137364128
948,2016-08-05,0.03530685908101283
949,2016-08-08,-0.032654161845472984
950,2016-08-09,0.0074523555584624646
951,2016-08-10,-0.01842076707981999
952,2016-08-11,0.012992308826017762
953,2016-08-12,-0.010946239000336533
954,2016-08-15,-0.001573533000889249
955,2016-08-16,-0.015873349156289684
956,2016-08-17,-0.006259534070677475
957,2016-08-18,-0.013453513557880825
958,2016-08-19,-0.0053996367796269595
959,2016-08-22,-0.01938273220638198
960,2016-08-23,0.0036734220943115403
961,2016-08-24,0.0011659866399700292
962,2016-08-25,0.006306044741328343
963,2016-08-26,-0.013490120474132006
964,2016-08-29,-0.01401454765349186
965,2016-08-30,0.0011895659285414695
966,2016-08-31,-0.009727869020534463
967,2016-09-01,0.048373583474367265
968,2016-09-02,0.041292440044865764
969,2016-09-05,0.0025054820890177965
970,2016-09-06,0.0210469542321583
971,2016-09-08,-0.024179741857530246
972,2016-09-09,-0.020766411293007714
973,2016-09-12,0.001280582875186731
974,2016-09-13,-0.01970979813532381
975,2016-09-14,0.004720461160915512
976,2016-09-15,0.02120902052846496
977,2016-09-16,-0.0025469608627748386
978,2016-09-19,-0.0039926586940106645
979,2016-09-20,-0.006260619212797636
980,2016-09-21,0.014864830926244466
981,2016-09-22,0.00047588231526951574
982,2016-09-23,-0.018889628109652
983,2016-09-26,0.0027434536694048717
984,2016-09-27,0.021050052020507692
985,2016-09-28,0.012077631119026044
986,2016-09-29,-0.006883600397409317
987,2016-09-30,-0.007880261301107971
988,2016-10-03,0.022683819178077158
989,2016-10-04,-0.0034087730031222563
990,2016-10-05,0.0024801749647362925
991,2016-10-06,-0.009176454755616348
992,2016-10-07,0.01596560314387041
993,2016-10-10,0.0007686265787025803
994,2016-10-11,-0.02206089122829802
995,2016-10-13,-0.002516515955300669
996,2016-10-14,0.0069052220933869535
997,2016-10-17,0.0023431551118680005
998,2016-10-18,0.028911825289283932
999,2016-10-19,-0.009595763438505323
1000,2016-10-20,-0.006294578434284048
1001,2016-10-21,-0.00494055347284128
1002,2016-10-24,-0.002479530210069747
1003,2016-10-25,-0.02816639731343873
1004,2016-10-26,0.0017539668053947466
1005,2016-10-27,0.0068270646461563445
1006,2016-10-28,-0.009539070818425976
1007,2016-10-31,0.02445887608140307
1008,2016-11-01,-0.03473512282935065
1009,2016-11-03,-0.012178440883444885
1010,2016-11-04,0.008945314807322191
1011,2016-11-07,0.014467412190945161
1012,2016-11-08,0.0014352924878480167
1013,2016-11-09,-0.0068761764494009725
1014,2016-11-10,-0.03527472192090819
1015,2016-11-11,-0.04504886869248281
1016,2016-11-14,0.008484199597317499
1017,2016-11-16,-0.0013802969993452763
1018,2016-11-17,-0.008495898670868307
1019,2016-11-18,0.004343678100488191
1020,2016-11-21,0.011720247812915474
1021,2016-11-22,-0.022352156240992294
1022,2016-11-23,0.011844764853286449
1023,2016-11-24,-0.017467693040391197
1024,2016-11-25,0.011040171619381312
1025,2016-11-28,0.003132071411449111
1026,2016-11-29,-0.03087481667406511
1027,2016-11-30,0.04072881619780322
1028,2016-12-01,-0.037330208180931024
1029,2016-12-02,-0.018927991687156975
1030,2016-12-05,0.008516804298784209
1031,2016-12-06,0.012195273531249384
1032,2016-12-07,0.007989408000637077
1033,2016-12-08,0.026179506038707778
1034,2016-12-09,0.011475710418861418
1035,2016-12-12,-0.011992622642974737
1036,2016-12-13,-0.007265245713635515
1037,2016-12-14,-0.016807101249525225
1038,2016-12-15,-0.0024747935777016394
1039,2016-12-16,0.014059968116291621
1040,2016-12-19,-0.01211494055539486
1041,2016-12-20,-0.0008836264446356878
1042,2016-12-21,-0.014245308684394331
1043,2016-12-22,0.02216992537766327
1044,2016-12-23,0.008906057450865923
1045,2016-12-26,-0.00017390246368975681
1046,2016-12-27,0.002431470458073015
1047,2016-12-28,0.01549079155713251
1048,2016-12-29,0.01407641321199371
1049,2017-01-02,-0.003035927394448912
1050,2017-01-03,0.033062202350057746
1051,2017-01-04,0.015084221050701174
1052,2017-01-05,0.00417674502782539
1053,2017-01-06,-0.006271613233340467
1054,2017-01-09,0.0046672169321828605
1055,2017-01-10,-0.022242966060885827
1056,2017-01-11,0.00016413034862683418
1057,2017-01-12,0.06251538472503171
1058,2017-01-13,-0.003243481179508123
1059,2017-01-16,-0.0021681749408166695
1060,2017-01-17,-0.007782140442055052
1061,2017-01-18,-0.006426858080354592
1062,2017-01-19,-0.015211812775206113
1063,2017-01-20,0.013795493394535008
1064,2017-01-23,0.0009444515030345713
1065,2017-01-24,0.0006290814978546777
1066,2017-01-26,0.006894464844219073
1067,2017-01-27,-0.008467997845108322
1068,2017-01-30,-0.027784032565545402
1069,2017-01-31,0.011110379251296543
1070,2017-02-01,0.0008003041579591752
1071,2017-02-02,0.00796816964917646
1072,2017-02-03,0.03738756265265941
1073,2017-02-06,0.019532757589526106
1074,2017-02-07,-0.005262073410261081
1075,2017-02-08,0.01436730800374697
1076,2017-02-09,-0.003572570013160359
1077,2017-02-10,0.002978024833434567
1078,2017-02-13,-0.0001487175655299211
1079,2017-02-14,-0.008212110537882289
1080,2017-02-15,0.007170676240081164
1081,2017-02-16,-0.017872399096440006
1082,2017-02-17,-0.0016683253156095645
1083,2017-02-20,0.011320021777583733
1084,2017-02-21,0.010005399677522675
1085,2017-02-22,-0.010605925173754471
1086,2017-02-23,-0.02186202178420782
1087,2017-02-24,-0.013288220561127773
1088,2017-03-01,-0.0014009497411713312
1089,2017-03-02,-0.0006231380645456142
1090,2017-03-03,0.00899919170289909
1091,2017-03-06,0.008306477731927941
1092,2017-03-07,-0.0012262724168881078
1093,2017-03-08,-0.013122519958232104
1094,2017-03-09,0.005115131746802781
1095,2017-03-10,0.009386865805916855
1096,2017-03-13,0.02136600742924255
1097,2017-03-14,-0.011459639969877422
1098,2017-03-15,0.015648844181358257
1099,2017-03-16,-0.007192164493738495
1100,2017-03-17,-0.013473809063443198
1101,2017-03-20,0.008952279027376164
1102,2017-03-21,-0.007581537797277882
1103,2017-03-22,-0.008867112065383154
1104,2017-03-23,-0.0067797330541736756
1105,2017-03-24,0.008620712387866547
1106,2017-03-27,0.004892976272448557
1107,2017-03-28,0.010469741497109553
1108,2017-03-29,
1109,2017-03-30,
1110,2017-03-31,-0.005565104190783821
1111,2017-04-03,0.008560538488369573
1112,2017-04-04,0.006409800298150081
1113,2017-04-05,0.010347423948902978
1114,2017-04-06,-0.016308708146558715
1115,2017-04-07,0.0013443276354250244
1116,2017-04-10,-0.0016434007449870336
1117,2017-04-11,0.0010461034076350018
1118,2017-04-12,0.0007465920633444867
1119,2017-04-13,-0.01609904626575709
1120,2017-04-17,0.01833537962810272
1121,2017-04-18,0.0072705564929167465
1122,2017-04-19,-0.021972351447438143
1123,2017-04-20,0.012166954356756854
1124,2017-04-24,0.0019389669155103206
1125,2017-04-25,0.013909694111648108
1126,2017-04-26,-0.01495330209240997
1127,2017-04-27,-0.003586345637516253
1128,2017-04-28,0.013383010152303143
1129,2017-05-02,0.007358385256063471
1130,2017-05-03,0.0008794519171511084
1131,2017-05-04,0.0027795351285488934
1132,2017-05-05,0.0037912265822166447
1133,2017-05-08,0.004791326770466675
1134,2017-05-09,-0.003627661184609998
1135,2017-05-10,0.01471883725819989
1136,2017-05-11,0.01690263970819661
1137,2017-05-12,0.0019698754222039483
1138,2017-05-15,-0.001688267190200321
1139,2017-05-16,0.024479693170656347
1140,2017-05-17,-0.017743728744013865
1141,2017-05-18,-0.1329322035427909
1142,2017-05-19,0.021023488621464637
1143,2017-05-22,-0.05514536974183937
1144,2017-05-23,0.045241948315545955
1145,2017-05-24,0.029574109567994
1146,2017-05-25,-0.013899745020464316
1147,2017-05-26,0.009287976626813688
1148,2017-05-29,0.0
1149,2017-05-30,-0.002159494833990472
1150,2017-05-31,-0.010243826967318626
1151,2017-06-01,-0.0031249400429826935
1152,2017-06-02,0.0029688904215072753
1153,2017-06-05,-0.0035950801580098
1154,2017-06-06,0.015846160622055017
1155,2017-06-07,0.014536328293123901
1156,2017-06-08,-0.007165226009444581
1157,2017-06-09,0.01125825074882858
1158,2017-06-12,-0.017551019673223145
1159,2017-06-13,0.011785611457904466
1160,2017-06-14,0.004857325809130231
1161,2017-06-15,0.0
1162,2017-06-16,0.007392324528717076
1163,2017-06-19,0.008531055448393943
1164,2017-06-20,-0.011994071730692113
1165,2017-06-21,-0.017497608171442636
1166,2017-06-22,0.005968324259284508
1167,2017-06-23,-0.0013742120091349008
1168,2017-06-26,0.006092951297840266
1169,2017-06-27,-0.0068571087730395774
1170,2017-06-28,-0.0015302068200009344
1171,2017-06-29,-0.008612864618894989
1172,2017-06-30,0.008919050496968062
1173,2017-07-03,0.0039725338113401065
1174,2017-07-04,0.0060809093551537075
1175,2017-07-05,0.0003030307576672442
1176,2017-07-06,-0.021440362197622242
1177,2017-07-07,-0.0015491560270763927
1178,2017-07-10,0.022989518224698635
1179,2017-07-11,0.0012114174526409727
1180,2017-07-12,0.022149902857217185
1181,2017-07-13,0.026726688163875245
1182,2017-07-14,0.004314113648790752
1183,2017-07-17,-0.007200491732318959
1184,2017-07-18,0.0008667726508173601
1185,2017-07-19,-0.01278896926285178
1186,2017-07-20,0.005106116423208462
1187,2017-07-21,0.007827275623167651
1188,2017-07-24,0.017745141967250966
1189,2017-07-25,-0.006831837136605401
1190,2017-07-26,-0.008317773527680039
1191,2017-07-27,0.009459666355936314
1192,2017-07-28,0.0449106574616307
1193,2017-07-31,-0.019835402792374168
1194,2017-08-01,0.003194724617239686
1195,2017-08-02,0.02573717711040935
1196,2017-08-03,-0.013470480758388526
1197,2017-08-04,-0.01657492331148358
1198,2017-08-07,0.01520414861254693
1199,2017-08-08,-0.006606189728640466
1200,2017-08-09,-0.0016583060623194257
1201,2017-08-10,-0.007915058696647215
1202,2017-08-11,0.017139299519943307
1203,2017-08-14,-0.002607233037815071
1204,2017-08-15,0.0030182627044155197
1205,2017-08-16,-0.020062893217210664
1206,2017-08-17,-0.00799835844740393
1207,2017-08-18,0.009115749260689476
1208,2017-08-21,0.006817501187987851
1209,2017-08-22,-0.0002774233808020554
1210,2017-08-23,-0.008356566851690062
1211,2017-08-24,-0.000839485136197915
1212,2017-08-25,0.03317801733170178
1213,2017-08-28,-0.004750575676674806
1214,2017-08-29,0.004886016744754862
1215,2017-08-30,-0.004886016744754862
1216,2017-08-31,-0.005593902453540522
1217,2017-09-01,-0.011144051876308403
1218,2017-09-04,0.000414952639226307
1219,2017-09-05,0.003175743112086238
1220,2017-09-06,0.03081339150966489
1221,2017-09-07,0.0
1222,2017-09-08,0.006794164639032374
1223,2017-09-11,0.0
1224,2017-09-12,0.002386952466027381
1225,2017-09-13,0.0006620721725711931
1226,2017-09-14,0.007647637484291536
1227,2017-09-15,0.03864966579696372
1228,2017-09-18,-0.023915648584053706
1229,2017-09-19,0.0009056213593758855
1230,2017-09-20,-0.023684522371459238
1231,2017-09-21,-0.004246291050492346
1232,2017-09-22,-0.0033300065402546153
1233,2017-09-25,-0.018176185961004343
1234,2017-09-26,-0.0036751691812417775
1235,2017-09-27,-0.007116548441810089
1236,2017-09-28,-0.00979926438621348
1237,2017-09-29,0.01691581282802357
1238,2017-10-02,-0.0032783256144250927
1239,2017-10-03,0.00695349479566687
1240,2017-10-04,0.014835053417210808
1241,2017-10-05,0.005606822857981086
1242,2017-10-06,-0.01827026847280333
1243,2017-10-09,0.002437374194138364
1244,2017-10-10,0.012899936667999157
1245,2017-10-11,-0.0005342013908915533
1246,2017-10-12,0.0
1247,2017-10-13,0.0024016021896438033
1248,2017-10-16,-0.005344774882749093
1249,2017-10-17,-0.005373481603156982
1250,2017-10-18,0.026189613018098967
1251,2017-10-19,-0.01334148349421227
1252,2017-10-20,-0.0051996519122567975
1253,2017-10-23,-0.01644244656662419
1254,2017-10-24,-0.0012236863645043172
1255,2017-10-25,0.004208790466570633
1256,2017-10-26,-0.011034755536970309
1257,2017-10-27,0.00886472891571266
1258,2017-10-30,-0.019607140368211873
1259,2017-10-31,-0.010019579995930172
1260,,
