,Time,Returns_NATU3
0,2012-10-02,0.024140609475584718
1,2012-10-03,-0.021248866994189264
2,2012-10-04,0.0014427775010812383
3,2012-10-05,0.0034181556458250384
4,2012-10-08,0.017271006752351603
5,2012-10-09,-0.0008830729050686159
6,2012-10-10,-0.015310891938770332
7,2012-10-11,-0.006660145160123143
8,2012-10-15,-0.0067047275420826224
9,2012-10-16,-0.014467810407005732
10,2012-10-17,0.007168471295357026
11,2012-10-18,-0.0018331444516239692
12,2012-10-19,0.013667638728664055
13,2012-10-22,-0.00018097565112373815
14,2012-10-23,-0.005081735027696155
15,2012-10-24,-0.0025505388444031496
16,2012-10-25,-0.01137416397885449
17,2012-10-26,-0.0027714013119553016
18,2012-10-29,0.0027714013119553016
19,2012-10-30,-0.0048086277233188035
20,2012-10-31,0.0038857112089742962
21,2012-11-01,0.01557517485103066
22,2012-11-05,0.009049835519917337
23,2012-11-06,-0.004514680354525957
24,2012-11-07,-0.010736159897940745
25,2012-11-08,0.013086355299954278
26,2012-11-09,-0.0016264573635815793
27,2012-11-12,-0.00544069154632254
28,2012-11-13,0.0
29,2012-11-14,0.011391443936702217
30,2012-11-16,0.014812477483788555
31,2012-11-19,-0.006397764790216698
32,2012-11-21,0.003559373720833925
33,2012-11-22,-0.0048081474091175025
34,2012-11-23,-0.01112913997764231
35,2012-11-26,0.003603535430992899
36,2012-11-27,-0.003603535430992899
37,2012-11-28,0.01611488752933532
38,2012-11-29,-0.0026678005803262295
39,2012-11-30,0.00727532246532725
40,2012-12-03,0.004410344902913366
41,2012-12-04,0.0014071770132044747
42,2012-12-05,-0.012380773857429084
43,2012-12-06,0.017815128540924263
44,2012-12-07,0.0017466904004175277
45,2012-12-10,0.009034130319513167
46,2012-12-11,0.007409355857610045
47,2012-12-12,-0.002406309150053687
48,2012-12-13,-0.00017215386129976196
49,2012-12-14,-0.014737987000107644
50,2012-12-17,0.009734145958081086
51,2012-12-18,-0.008861182123743205
52,2012-12-19,-0.0026211810322420703
53,2012-12-20,-0.002628157401894704
54,2012-12-21,-0.013422984770263824
55,2012-12-26,0.009027373297225694
56,2012-12-27,0.02144246713199749
57,2012-12-28,0.011318917031680087
58,2013-01-02,0.010348739490050995
59,2013-01-03,0.002528480023391566
60,2013-01-04,0.008215269540460035
61,2013-01-07,-0.033964888762319845
62,2013-01-08,-0.04758166941778086
63,2013-01-09,-0.0036297861665204323
64,2013-01-10,0.0383462400039738
65,2013-01-11,-0.006143117114973506
66,2013-01-14,-0.012578764601225423
67,2013-01-15,-0.01690076155600284
68,2013-01-16,0.022412412000762494
69,2013-01-17,-0.007296054883539682
70,2013-01-18,-0.0069899737961529596
71,2013-01-21,0.016057472867082367
72,2013-01-22,-0.008531868320432956
73,2013-01-23,-0.00986641773705621
74,2013-01-24,-0.005785570130663054
75,2013-01-28,-0.04544130744159469
76,2013-01-29,0.005676439029473457
77,2013-01-30,0.0037665015924690515
78,2013-01-31,0.009354604992201754
79,2013-02-01,0.004459279035673447
80,2013-02-04,-0.0138138840278752
81,2013-02-05,-0.019359135436008756
82,2013-02-06,-0.0055732056004700326
83,2013-02-07,0.026810238301960165
84,2013-02-08,0.004119103409900848
85,2013-02-13,0.0016802206727093427
86,2013-02-14,0.0022358682480474457
87,2013-02-15,-0.02793161389580945
88,2013-02-18,0.005725187448543778
89,2013-02-19,-0.0024769185515811643
90,2013-02-20,0.003427921978966353
91,2013-02-21,-0.007059039272642398
92,2013-02-22,0.0019128161549035738
93,2013-02-25,-0.0005735066526924015
94,2013-02-26,0.004578451340092826
95,2013-02-27,-0.0064922892448300296
96,2013-02-28,-0.021298055974966257
97,2013-03-01,0.021106428423848023
98,2013-03-04,0.00496946741351989
99,2013-03-05,-0.021779814160646893
100,2013-03-06,0.01891581220298244
101,2013-03-07,-0.03205708176905331
102,2013-03-08,-0.0019763444972786814
103,2013-03-11,0.00493340921531038
104,2013-03-12,0.018334880513298124
105,2013-03-13,-0.021884480050754718
106,2013-03-14,-0.01673345851088337
107,2013-03-15,-0.026049478907619328
108,2013-03-18,0.0016481667997934046
109,2013-03-19,0.016535989562288744
110,2013-03-20,0.01626709231248258
111,2013-03-21,-0.022156052550725835
112,2013-03-22,0.005888960238243257
113,2013-03-25,-0.04323767994928174
114,2013-03-26,0.013231338815302252
115,2013-03-27,-0.0027159945946322317
116,2013-03-28,0.0
117,2013-04-01,0.007295561204089918
118,2013-04-02,-0.015698908885874996
119,2013-04-03,0.022941527048314647
120,2013-04-04,-0.021044593268278344
121,2013-04-05,0.021044593268278344
122,2013-04-08,0.01432984588002828
123,2013-04-09,-0.009188446379609694
124,2013-04-10,0.010813101489200339
125,2013-04-11,-0.012660961577680041
126,2013-04-12,-0.002263163215364905
127,2013-04-15,-0.028624100160482335
128,2013-04-16,0.019312061552144044
129,2013-04-17,0.009312038608338291
130,2013-04-18,0.024416289464590513
131,2013-04-19,0.0026096772553492187
132,2013-04-22,-0.021889848492653297
133,2013-04-23,0.008569772912556228
134,2013-04-24,-0.0044797671692276
135,2013-04-25,-0.02919764297760752
136,2013-04-26,
137,2013-04-29,
138,2013-04-30,0.03148129650356779
139,2013-05-02,-0.00812609763434402
140,2013-05-03,-0.004987541511038973
141,2013-05-06,-0.017146118143211098
142,2013-05-07,0.025114327474927034
143,2013-05-08,-0.0029806678206769632
144,2013-05-09,-0.01706008225947908
145,2013-05-10,0.017259027642663405
146,2013-05-13,0.011670590840832329
147,2013-05-14,-0.015857597381992328
148,2013-05-15,0.028559321888481204
149,2013-05-16,0.029087393191189026
150,2013-05-17,-0.007762966110370417
151,2013-05-20,0.008328611459341495
152,2013-05-21,0.0007537403857296177
153,2013-05-22,0.016995459968694338
154,2013-05-23,-0.016807155981165334
155,2013-05-24,0.0011293432619354782
156,2013-05-27,0.013453136256881049
157,2013-05-28,-0.0193016956286316
158,2013-05-29,-0.023936040745467846
159,2013-05-31,-0.017201303882767416
160,2013-06-03,-0.014497304411579037
161,2013-06-04,-0.00360723827199827
162,2013-06-05,0.003807218266664414
163,2013-06-06,-0.00040008002133973264
164,2013-06-07,-0.0010009008942883924
165,2013-06-10,0.01075709565340377
166,2013-06-11,-0.009356114737775645
167,2013-06-12,-0.0048115971901490084
168,2013-06-13,0.006809559932661635
169,2013-06-14,-0.0039999253330260665
170,2013-06-17,-0.010678110822076814
171,2013-06-18,-0.007318613902098647
172,2013-06-19,-0.015421299358760354
173,2013-06-20,-0.026455417044638274
174,2013-06-21,0.015831465216680662
175,2013-06-24,-0.03235012892660505
176,2013-06-25,0.041522571900913796
177,2013-06-26,-0.01737349821043299
178,2013-06-27,0.0018985344401372117
179,2013-06-28,0.011107711280796462
180,2013-07-01,-0.002713181309869306
181,2013-07-02,-0.02218789454559955
182,2013-07-03,0.0
183,2013-07-04,-0.011821717597645609
184,2013-07-05,0.01374294781655161
185,2013-07-08,0.002130443901985135
186,2013-07-10,0.025424186126471682
187,2013-07-11,-0.026062887578320648
188,2013-07-12,-0.0098438416318114
189,2013-07-15,0.0062172136569023095
190,2013-07-16,-0.00793916848879972
191,2013-07-17,-0.023320225301701747
192,2013-07-18,-0.01892094328751659
193,2013-07-19,-0.007216991180223786
194,2013-07-22,0.025034812421961927
195,2013-07-23,0.0006620986597152267
196,2013-07-24,-0.02298445459592191
197,2013-07-25,0.03548050616175713
198,2013-07-26,
199,2013-07-29,
200,2013-07-30,-0.004584638479133929
201,2013-07-31,-0.013216117619263112
202,2013-08-01,-0.030162089752848065
203,2013-08-02,-0.020081437196555196
204,2013-08-05,-0.012198134176467867
205,2013-08-06,-0.019783698515714043
206,2013-08-07,0.0038443102644221128
207,2013-08-08,0.008596041264541388
208,2013-08-09,0.010406881880259178
209,2013-08-12,0.024176002843416367
210,2013-08-13,0.03120300657285613
211,2013-08-14,0.00044515915864762334
212,2013-08-15,-0.004236799784426815
213,2013-08-16,0.01662088123604022
214,2013-08-19,-0.05418937525091616
215,2013-08-20,-0.02133974827204055
216,2013-08-21,0.018551688780416242
217,2013-08-22,0.03250462326885861
218,2013-08-23,-0.0011268508234643093
219,2013-08-26,-0.01590933555513363
220,2013-08-27,-0.012680377398636367
221,2013-08-28,0.005553045402224566
222,2013-08-29,0.02528898834888782
223,2013-08-30,0.012075302850302005
224,2013-09-02,0.026539532425311485
225,2013-09-03,-0.0032520787469256796
226,2013-09-04,0.030791463689370246
227,2013-09-05,-0.007185153177878156
228,2013-09-06,0.00021202417188925793
229,2013-09-09,0.05145235510398427
230,2013-09-10,-0.029639388969711966
231,2013-09-11,-0.02032975789541691
232,2013-09-12,0.0021151022666270336
233,2013-09-13,0.024419411768784816
234,2013-09-16,-0.010362787035546273
235,2013-09-17,0.016529281459406686
236,2013-09-18,0.03245927572724172
237,2013-09-19,-0.008166562666393595
238,2013-09-20,0.010544194085447156
239,2013-09-23,-0.022616734833887264
240,2013-09-24,0.0018202046962927376
241,2013-09-25,0.00020200019864624608
242,2013-09-26,0.005037794029957077
243,2013-09-27,0.008207432720063412
244,2013-09-30,-0.013245226750020489
245,2013-10-01,0.020000666706669445
246,2013-10-02,-0.02080909440640255
247,2013-10-03,-0.026427862752401055
248,2013-10-04,-0.013796206020082469
249,2013-10-07,0.010260837805462941
250,2013-10-08,0.0
251,2013-10-09,0.0
252,2013-10-10,0.01673421947876985
253,2013-10-11,0.0010238559095725464
254,2013-10-14,0.0028612118143929166
255,2013-10-15,-0.008814241752972851
256,2013-10-16,0.002262211761672628
257,2013-10-17,-0.0004109307639499349
258,2013-10-18,0.00389700019175665
259,2013-10-21,0.0010230998334881392
260,2013-10-22,-0.018576426472729946
261,2013-10-23,-0.016807097129940995
262,2013-10-24,-0.03888176467778548
263,2013-10-25,-0.005743399864076348
264,2013-10-28,0.021044157382565487
265,2013-10-29,-0.026820623122573384
266,2013-10-30,0.004889918666653337
267,2013-10-31,-0.006674085063222979
268,2013-11-01,-0.01348330539142406
269,2013-11-04,-0.01596387361344842
270,2013-11-05,0.0039003836047997176
271,2013-11-06,-0.024337718492129845
272,2013-11-07,-0.018231854061550035
273,2013-11-08,0.002386707605359195
274,2013-11-11,0.00688922999537267
275,2013-11-12,-0.025900775780641094
276,2013-11-13,-0.0017021280705304953
277,2013-11-14,0.03373929303505285
278,2013-11-18,0.006332846308445994
279,2013-11-19,-0.01959692060862972
280,2013-11-21,-0.002626168363506931
281,2013-11-22,0.004055785016687796
282,2013-11-25,0.00829875558919202
283,2013-11-26,-0.008060736298983517
284,2013-11-27,0.018630441649687857
285,2013-11-28,0.0023337933307518988
286,2013-11-29,0.006968645844195986
287,2013-12-02,-0.0046404027046502705
288,2013-12-03,-0.01877987095491429
289,2013-12-04,-0.003560882100904106
290,2013-12-05,-0.001189744354375577
291,2013-12-06,-0.004773302676102986
292,2013-12-09,0.0035821411438519135
293,2013-12-10,-0.010544142867332518
294,2013-12-11,-0.0014464081770286796
295,2013-12-12,-0.03311162126954548
296,2013-12-13,-0.006253929389193669
297,2013-12-16,-0.0067983643430276075
298,2013-12-17,0.008052383316140332
299,2013-12-18,-0.001254018973112725
300,2013-12-19,0.018892011274665776
301,2013-12-20,0.004667690577628836
302,2013-12-23,0.004402085910442111
303,2013-12-26,0.0038967171068136075
304,2013-12-27,0.005816836566093109
305,2013-12-30,-0.00024174018244593753
306,2014-01-02,-0.02694918143785152
307,2014-01-03,0.013320399058148968
308,2014-01-06,-0.021048245166184643
309,2014-01-07,-0.01665443532540456
310,2014-01-08,-0.013319869401905216
311,2014-01-09,-0.016903223932476674
312,2014-01-10,0.004448469981398695
313,2014-01-13,0.010648068679498746
314,2014-01-14,-0.011954378483893358
315,2014-01-15,0.00910866438476754
316,2014-01-16,-0.02571642736603419
317,2014-01-17,-0.005865039394857607
318,2014-01-20,0.010373785927003443
319,2014-01-21,0.012360367914765913
320,2014-01-22,0.026819581691732708
321,2014-01-23,-0.0035686757676129943
322,2014-01-24,-0.01647823073238497
323,2014-01-27,0.0028516156348814548
324,2014-01-28,0.0005176242150657373
325,2014-01-29,-0.033410998000181547
326,2014-01-30,0.030041758150234354
327,2014-01-31,0.019283281659993712
328,2014-02-03,-0.004338452749494959
329,2014-02-04,-0.0038436178497254225
330,2014-02-05,-0.028119582483121075
331,2014-02-06,0.029402430622069264
332,2014-02-07,0.02281472789148342
333,2014-02-10,-0.026668348687525878
334,2014-02-11,-0.0020612736507659157
335,2014-02-12,-0.011153014065339306
336,2014-02-13,-0.0418114423043181
337,2014-02-14,0.021257385650949256
338,2014-02-17,-0.036880534508095586
339,2014-02-18,-0.018681764568328152
340,2014-02-19,-0.029418057850391754
341,2014-02-20,0.011527562477655628
342,2014-02-21,-0.016758611895208553
343,2014-02-24,-0.0005829496023865843
344,2014-02-25,0.007262196252743713
345,2014-02-26,0.0028902620858497485
346,2014-02-27,0.011763124659652568
347,2014-02-28,-0.015811828859926713
348,2014-03-05,0.022350586868123745
349,2014-03-06,0.011551050772979465
350,2014-03-07,-0.0014015138355123469
351,2014-03-10,0.005594308296337225
352,2014-03-11,0.0
353,2014-03-12,-0.00981081477625212
354,2014-03-13,-0.013042401874366671
355,2014-03-14,0.009090971442982099
356,2014-03-17,0.006764315628222217
357,2014-03-18,0.03613693536369933
358,2014-03-19,-0.042618542097065504
359,2014-03-20,0.017654963511268384
360,2014-03-21,0.011049891131638567
361,2014-03-24,-0.0077221287244571
362,2014-03-25,0.023530525095687427
363,2014-03-26,-0.019386272664167592
364,2014-03-27,0.016407231828919677
365,2014-03-28,0.01774240137784755
366,2014-03-31,0.01559846605147408
367,2014-04-01,-0.03469787674812075
368,2014-04-02,0.021760455374955523
369,2014-04-03,-0.0007976339755293438
370,2014-04-04,0.012422573190048247
371,2014-04-07,0.04444031677035731
372,2014-04-08,0.032384538070004965
373,2014-04-09,-0.0026793585304605294
374,2014-04-10,0.006321392465699294
375,2014-04-11,-0.0024265482041583297
376,2014-04-14,-0.009275170341364714
377,2014-04-15,-0.016815456187273536
378,2014-04-16,0.014851832581363134
379,2014-04-17,0.0002456209323242753
380,2014-04-22,0.010750237774852511
381,2014-04-23,-0.024103577142960297
382,2014-04-24,-0.05448213461748308
383,2014-04-25,0.00993984131888137
384,2014-04-28,0.005451097280617656
385,2014-04-29,0.015412557656655057
386,2014-04-30,-0.023991890144521744
387,2014-05-02,0.023226902229680935
388,2014-05-05,-0.006911610684256164
389,2014-05-06,-0.0007708595840831833
390,2014-05-07,0.009466566551637356
391,2014-05-08,0.02216162161605162
392,2014-05-09,0.006207344266083492
393,2014-05-12,0.000494828022965077
394,2014-05-13,0.005674222699291853
395,2014-05-14,-0.011131864693713744
396,2014-05-15,0.002484423638144495
397,2014-05-16,-0.006722296115523552
398,2014-05-19,-0.02273968624505729
399,2014-05-20,-0.02457764348055891
400,2014-05-21,0.008346422996137193
401,2014-05-22,0.009049784039865116
402,2014-05-23,-0.001545518101888188
403,2014-05-26,0.0056554650179427846
404,2014-05-27,-0.006687216450302458
405,2014-05-28,0.02422045708270515
406,2014-05-29,-0.0025221451266781436
407,2014-05-30,-0.020408846899351296
408,2014-06-02,0.010256551450588791
409,2014-06-03,0.008636070726694811
410,2014-06-04,-0.025875710349051673
411,2014-06-05,0.0025920698805426134
412,2014-06-06,-0.0031113066725527716
413,2014-06-09,0.022847971173054926
414,2014-06-10,0.022585577073432894
415,2014-06-11,0.007909087395082448
416,2014-06-13,0.011747541306563303
417,2014-06-16,-0.0208980689758147
418,2014-06-17,0.0012414402741689479
419,2014-06-18,0.006184311761767702
420,2014-06-20,-0.006184311761767702
421,2014-06-23,-0.019797690335539464
422,2014-06-24,0.0007590892301134744
423,2014-06-25,-0.0030395920444097335
424,2014-06-26,-0.03405902134969008
425,2014-06-27,-0.01055410866005202
426,2014-06-30,-0.012008176153595063
427,2014-07-01,0.0013413550145497943
428,2014-07-02,-0.0013413550145497943
429,2014-07-03,0.01993421490081726
430,2014-07-04,0.0026280699128298224
431,2014-07-07,-0.0021018925789322296
432,2014-07-08,-0.00951381383127714
433,2014-07-10,0.018155952433019262
434,2014-07-11,0.018344475388145653
435,2014-07-14,0.0025568666121387196
436,2014-07-15,-0.00872023992144566
437,2014-07-16,-0.0005153568848323964
438,2014-07-17,-0.009061498896576481
439,2014-07-18,0.007772033839900772
440,2014-07-21,0.00899166004106755
441,2014-07-22,0.0025543564661969498
442,2014-07-23,-0.0076824702683393475
443,2014-07-24,-0.04737738633324895
444,2014-07-25,-0.0013485909534898255
445,2014-07-28,0.0021569703698456344
446,2014-07-29,-0.010015052040867278
447,2014-07-30,-0.012592529357925208
448,2014-07-31,-0.027085195742429402
449,2014-08-01,0.01878642047594381
450,2014-08-04,0.03009797724892227
451,2014-08-05,-0.024557769248997996
452,2014-08-06,0.0005523336082884356
453,2014-08-07,-0.014460763267525323
454,2014-08-08,0.01114209314037451
455,2014-08-11,0.023272864520638148
456,2014-08-12,0.021949462266555475
457,2014-08-13,0.006071023002020226
458,2014-08-14,-0.02127737156556453
459,2014-08-15,0.029141081916118416
460,2014-08-18,0.01811177605270675
461,2014-08-19,0.027565280524769253
462,2014-08-20,0.023907509290974627
463,2014-08-21,0.037758320460040906
464,2014-08-22,-0.0009385500784642176
465,2014-08-25,-0.014184588043598456
466,2014-08-26,0.001189744354375577
467,2014-08-27,-0.0035734879769560024
468,2014-08-28,-0.0168475940334627
469,2014-08-29,-0.0024302077869382543
470,2014-09-01,-0.0333982317400463
471,2014-09-02,0.008267665576466854
472,2014-09-03,-0.004501132655677864
473,2014-09-04,0.003502605400914849
474,2014-09-05,0.00274351078392554
475,2014-09-08,-0.023945717899349628
476,2014-09-09,0.007876981496581337
477,2014-09-10,-0.011710903125701666
478,2014-09-11,-0.0007685154825347595
479,2014-09-12,-0.020977099907316443
480,2014-09-15,0.006781507470835724
481,2014-09-16,0.03247954469231118
482,2014-09-17,-0.0010070745687347227
483,2014-09-18,-0.03590134280512158
484,2014-09-19,-0.007600639693515987
485,2014-09-22,-0.0028980655245955944
486,2014-09-23,-0.006883876709130821
487,2014-09-24,0.019990223527316164
488,2014-09-25,-0.023450000902333734
489,2014-09-26,0.033812710081352115
490,2014-09-29,-0.040231507364864694
491,2014-09-30,-0.007811487532188188
492,2014-10-01,-0.02131807950294462
493,2014-10-02,-0.009157882790293392
494,2014-10-03,0.020146922096769604
495,2014-10-06,0.035694169938297104
496,2014-10-07,0.021388400098548477
497,2014-10-08,0.0002579796236208409
498,2014-10-09,0.03149071869095943
499,2014-10-10,-0.019947663313394592
500,2014-10-13,0.022444493636669005
501,2014-10-14,0.012638081885472108
502,2014-10-15,-0.0051845318506291704
503,2014-10-16,-0.05077232279504029
504,2014-10-17,0.002600729616725417
505,2014-10-20,-0.0311288653145958
506,2014-10-21,-0.036288198317213194
507,2014-10-22,-0.008090460865132432
508,2014-10-23,-0.045853391158354295
509,2014-10-24,-0.014771318193095961
510,2014-10-27,-0.02684519646674577
511,2014-10-28,0.018777141347045667
512,2014-10-29,-0.007529021710666051
513,2014-10-30,0.032126438305388305
514,2014-10-31,0.05246356953574072
515,2014-11-03,0.0
516,2014-11-04,-0.003896442392899324
517,2014-11-05,0.00667031387396122
518,2014-11-06,-0.006949298679549631
519,2014-11-07,0.013850637701271928
520,2014-11-10,-0.004411339015185867
521,2014-11-11,-0.008045458739170286
522,2014-11-12,-0.01657111294365432
523,2014-11-13,-0.03809981571202492
524,2014-11-14,-0.006789812062810263
525,2014-11-17,-0.02580389192445054
526,2014-11-18,0.0325937039872608
527,2014-11-19,0.019519861738601207
528,2014-11-21,0.03793265416864999
529,2014-11-24,-0.03390158041131386
530,2014-11-25,-0.008658034007481774
531,2014-11-26,0.010667507972298651
532,2014-11-27,-0.0045990309460597345
533,2014-11-28,0.016004943184407594
534,2014-12-01,-0.057475377291593244
535,2014-12-02,0.0003003152702349965
536,2014-12-03,-0.0033077761836781683
537,2014-12-04,0.0015048610589389888
538,2014-12-05,0.007490671729157405
539,2014-12-08,-0.033386954304343686
540,2014-12-09,-0.012422581726950543
541,2014-12-10,-0.003129893008927631
542,2014-12-11,0.0
543,2014-12-12,-0.036390865153355545
544,2014-12-15,-0.00848846102407741
545,2014-12-16,-0.011210140473610686
546,2014-12-17,0.017746144026685506
547,2014-12-18,0.007140536552780574
548,2014-12-19,0.013172881244878809
549,2014-12-22,0.005411440867487016
550,2014-12-23,0.009478712508002474
551,2014-12-26,-0.012658365425382012
552,2014-12-29,0.03443219642148421
553,2014-12-30,-0.020202707317519497
554,2015-01-02,-0.04593709518702571
555,2015-01-05,-0.010907396189193008
556,2015-01-06,-0.004663532691514316
557,2015-01-07,0.04184981334454774
558,2015-01-08,-0.007391966809840778
559,2015-01-09,-0.018558240576266538
560,2015-01-12,-0.004611305855538372
561,2015-01-13,-0.006624767411387733
562,2015-01-14,-0.006000018000096752
563,2015-01-15,0.01690741418928976
564,2015-01-16,0.018886917653999635
565,2015-01-19,-0.03278982282299081
566,2015-01-20,0.0
567,2015-01-21,0.06297483046029262
568,2015-01-22,0.04498225120039301
569,2015-01-23,-0.03223134023020213
570,2015-01-26,-0.014317113301840045
571,2015-01-27,-0.006604804532273967
572,2015-01-28,0.024623310034951995
573,2015-01-29,-0.014888612493750397
574,2015-01-30,-0.020521635720796905
575,2015-02-02,0.012048338516174706
576,2015-02-03,-0.0022085511422380577
577,2015-02-04,-0.024945361679711286
578,2015-02-05,0.015105574305774638
579,2015-02-06,-0.028471706900479177
580,2015-02-09,-0.015878567417532796
581,2015-02-10,0.00033338890123779663
582,2015-02-11,-0.03390155167568132
583,2015-02-12,-0.07145896398214502
584,2015-02-13,0.027398974188114433
585,2015-02-18,0.030869968876461762
586,2015-02-19,-0.021901298893701515
587,2015-02-20,0.010657259138298514
588,2015-02-23,0.005637788211168893
589,2015-02-24,0.0031573435510776626
590,2015-02-25,0.0017498167500580308
591,2015-02-26,0.0013975893504363235
592,2015-02-27,-0.018323204671902182
593,2015-03-02,-0.02959443694346442
594,2015-03-03,-0.04265513897187878
595,2015-03-04,-0.025553074424617517
596,2015-03-05,-0.009852296443011443
597,2015-03-06,0.0059230183031218075
598,2015-03-09,0.0015736037556060012
599,2015-03-10,-0.013454931642358225
600,2015-03-11,0.008726751138237177
601,2015-03-12,0.0031545767485150478
602,2015-03-13,-0.0303780759435881
603,2015-03-16,0.010094978121819587
604,2015-03-17,0.03784452475171607
605,2015-03-18,0.003089998596134791
606,2015-03-19,-0.0019301685577501893
607,2015-03-20,0.03381142653943847
608,2015-03-23,-0.016572884024043333
609,2015-03-24,-0.012612435486735851
610,2015-03-25,-0.005012503168732696
611,2015-03-26,-0.009320533493547778
612,2015-03-27,0.02314029251958072
613,2015-03-30,0.028933072125546744
614,2015-03-31,-0.0037105793965359624
615,2015-04-01,0.014394084755912306
616,2015-04-02,0.0503767862450748
617,2015-04-06,0.004866154807968037
618,2015-04-07,-0.030988430816518697
619,2015-04-08,0.00035758986104594825
620,2015-04-09,-0.012230368718495477
621,2015-04-10,0.018289913406859704
622,2015-04-13,-0.01756628818129613
623,2015-04-14,-0.028243249515776725
624,2015-04-15,-0.0011166574976932964
625,2015-04-16,0.01331869508908623
626,2015-04-17,-0.00405078815830473
627,2015-04-20,-0.023899606991740985
628,2015-04-22,-0.007968131856281424
629,2015-04-23,0.0019029121232718715
630,2015-04-24,0.027378496123381613
631,2015-04-27,0.002955303113044927
632,2015-04-28,-0.01673838564676844
633,2015-04-29,-0.02199557769211058
634,2015-04-30,0.09920661536122521
635,2015-05-04,0.02841197541621776
636,2015-05-05,0.0847307154058865
637,2015-05-06,0.02752473372191311
638,2015-05-07,-0.059023400781283986
639,2015-05-08,-0.006420600009042765
640,2015-05-11,-0.008084118661372042
641,2015-05-12,-0.00032466309751022493
642,2015-05-13,-0.004557332032265382
643,2015-05-14,-0.017443226249996613
644,2015-05-15,0.005958243379798667
645,2015-05-18,-0.009950297849866896
646,2015-05-19,-0.023609899768827436
647,2015-05-20,0.0
648,2015-05-21,0.006463740933856599
649,2015-05-22,-0.008513587945607082
650,2015-05-25,-0.003082722085076206
651,2015-05-26,-0.029239848995901152
652,2015-05-27,0.025803385073911667
653,2015-05-28,0.010614788931747832
654,2015-05-29,-0.023781957910981255
655,2015-06-01,0.005912032521469879
656,2015-06-02,0.03005687378543387
657,2015-06-03,-0.0006731067234952981
658,2015-06-05,0.010050302183468585
659,2015-06-08,0.024692612590371255
660,2015-06-09,0.008097210232619556
661,2015-06-10,-0.03112457678180025
662,2015-06-11,-0.005673300905932432
663,2015-06-12,-0.034732738801654506
664,2015-06-15,-0.016067442828598733
665,2015-06-16,-0.02604035136832561
666,2015-06-17,0.02604035136832561
667,2015-06-18,-0.010619568827460402
668,2015-06-19,0.005323881252750073
669,2015-06-22,0.01928189482722731
670,2015-06-23,-0.02460577607997738
671,2015-06-24,-0.009295740873481062
672,2015-06-25,
673,2015-06-26,
674,2015-06-29,0.013965680861971919
675,2015-06-30,0.0050965162173040035
676,2015-07-01,0.016207773916033563
677,2015-07-02,-0.0021459235702767643
678,2015-07-03,-0.0017918299327686071
679,2015-07-06,-0.020290515321727653
680,2015-07-07,0.0184955408352101
681,2015-07-08,-0.0228975654711423
682,2015-07-10,0.0353954964038774
683,2015-07-13,-0.006407996295330509
684,2015-07-14,-0.004653632800472263
685,2015-07-15,0.028997787473891812
686,2015-07-16,-0.0390952766194288
687,2015-07-17,-0.017919660343539423
688,2015-07-20,-0.003696861881326008
689,2015-07-21,-0.016054106232607168
690,2015-07-22,-0.004904706966754269
691,2015-07-23,-0.011028862294035768
692,2015-07-24,-0.013474737343051046
693,2015-07-27,-0.011303921014160778
694,2015-07-28,0.0027402639969764664
695,2015-07-29,0.018206933660962488
696,2015-07-30,-0.025268555787168356
697,2015-07-31,0.002359379827471475
698,2015-08-03,-0.019033049154530524
699,2015-08-04,-0.013298604208732634
700,2015-08-05,0.008080852053938603
701,2015-08-06,-0.024853591341523984
702,2015-08-07,-0.033133623664903133
703,2015-08-10,0.010604552798966882
704,2015-08-11,-0.019169958301811896
705,2015-08-12,-0.018667787599436103
706,2015-08-13,-0.023050710810906594
707,2015-08-14,-0.0035938944160402997
708,2015-08-17,0.00806821965401161
709,2015-08-18,
710,2015-08-19,
711,2015-08-20,
712,2015-08-21,
713,2015-08-24,0.02157248620390373
714,2015-08-25,-0.01668896917584206
715,2015-08-26,0.018429657207633898
716,2015-08-27,0.03419132273147163
717,2015-08-28,-0.0350612662400116
718,2015-08-31,0.030428787961987336
719,2015-09-01,-0.06631303675437694
720,2015-09-02,0.02889732080570928
721,2015-09-03,-0.014122035223555152
722,2015-09-04,-0.04546237407675724
723,2015-09-08,-0.009815409257821539
724,2015-09-09,-0.012763160426990439
725,2015-09-10,-0.012928118772097541
726,2015-09-11,0.0
727,2015-09-14,0.011976191046715545
728,2015-09-15,-0.028987536873252395
729,2015-09-16,0.018937249119797883
730,2015-09-17,0.021884745400457373
731,2015-09-18,-0.02477496892273745
732,2015-09-21,-0.03735082909507881
733,2015-09-22,-0.01717214000667644
734,2015-09-23,-0.007157443826463883
735,2015-09-24,-0.01655495646191607
736,2015-09-25,-0.007855499940308874
737,2015-09-28,-0.012166190472074234
738,2015-09-29,0.005837055420426562
739,2015-09-30,0.031252543504104224
740,2015-10-01,0.002560769710777233
741,2015-10-02,
742,2015-10-05,
743,2015-10-06,
744,2015-10-07,
745,2015-10-08,
746,2015-10-09,
747,2015-10-13,
748,2015-10-14,
749,2015-10-15,
750,2015-10-16,
751,2015-10-19,
752,2015-10-20,
753,2015-10-21,0.006557487978792853
754,2015-10-22,
755,2015-10-23,
756,2015-10-26,
757,2015-10-27,
758,2015-10-28,
759,2015-10-29,
760,2015-10-30,
761,2015-11-03,0.09650038032550778
762,2015-11-04,0.017685703997347257
763,2015-11-05,-0.02724749018561745
764,2015-11-06,-0.040855355098063484
765,2015-11-09,-0.00459766735504008
766,2015-11-10,-0.02031394440155454
767,2015-11-11,0.015273992637876876
768,2015-11-12,-0.004642380243938149
769,2015-11-13,-0.012343166121806082
770,2015-11-16,0.010649727916658414
771,2015-11-17,0.028818072151721275
772,2015-11-18,0.014712116305413137
773,2015-11-19,-0.026723070140753258
774,2015-11-23,0.012422478846292773
775,2015-11-24,-0.017435062545885227
776,2015-11-25,-0.034941775172575795
777,2015-11-26,0.011640614557561157
778,2015-11-27,-0.038004181246639845
779,2015-11-30,-0.05867856461343823
780,2015-12-01,0.015460603106378201
781,2015-12-02,0.016597937133773666
782,2015-12-03,0.05037833551573723
783,2015-12-04,0.008658105846561792
784,2015-12-07,0.015397994562851736
785,2015-12-08,-0.015397994562851736
786,2015-12-09,0.05288676760023936
787,2015-12-10,0.021036415321480817
788,2015-12-11,0.031523531603368404
789,2015-12-14,-0.004276041417750953
790,2015-12-15,0.06375913442100778
791,2015-12-16,0.005103875368468902
792,2015-12-17,0.012646961700767179
793,2015-12-18,-0.02840686274708304
794,2015-12-21,-0.07955027875800935
795,2015-12-22,-0.02593334097560218
796,2015-12-23,0.01991526865003923
797,2015-12-28,-0.02981633922428406
798,2015-12-29,-0.029878131815534115
799,2015-12-30,0.0034115171680020318
800,2016-01-04,0.009322059230195023
801,2016-01-05,0.01048887361000439
802,2016-01-06,0.012030885872471142
803,2016-01-07,-0.03996329973029322
804,2016-01-08,-0.024767679788746833
805,2016-01-11,-0.002202159004900839
806,2016-01-12,0.005715513596323607
807,2016-01-13,-0.00043850035512971175
808,2016-01-14,-0.002195346703785628
809,2016-01-15,0.0
810,2016-01-18,-0.003963889797099274
811,2016-01-19,-0.029558802241544058
812,2016-01-20,-0.02765153133051035
813,2016-01-21,-0.004683896260784248
814,2016-01-22,0.013986288923097945
815,2016-01-26,-0.0046403795565024275
816,2016-01-27,0.032039398789661
817,2016-01-28,-0.018641139074139446
818,2016-01-29,0.028056092963697044
819,2016-02-01,0.036797844220529896
820,2016-02-02,0.010269666637455988
821,2016-02-03,0.04820210181787754
822,2016-02-04,0.053319637532783126
823,2016-02-05,0.023190584547972293
824,2016-02-10,-0.02126939275779538
825,2016-02-11,0.009551171349245546
826,2016-02-12,0.007953119140029496
827,2016-02-15,-0.0060537453135625086
828,2016-02-16,0.005676458004804985
829,2016-02-17,-0.0365074554814071
830,2016-02-18,0.04402632534861706
831,2016-02-19,-0.01585537119122682
832,2016-02-22,0.0633962785070441
833,2016-02-23,-0.013302407432423724
834,2016-02-24,-0.01973744664577648
835,2016-02-25,-0.002217258812717393
836,2016-02-26,-0.027378496123381613
837,2016-02-29,0.010590152124194674
838,2016-03-01,0.037656719438005304
839,2016-03-02,0.03314042755312707
840,2016-03-03,0.04690228012040887
841,2016-03-04,0.023141528561694713
842,2016-03-07,-0.017804657900307053
843,2016-03-08,0.0046466064353780645
844,2016-03-09,-0.07029460290770695
845,2016-03-10,0.003900022670682013
846,2016-03-11,-0.01389649988164976
847,2016-03-14,-0.05570312980415881
848,2016-03-15,-0.021860888902601072
849,2016-03-16,0.042139427939821505
850,2016-03-17,0.022059718064732614
851,2016-03-18,0.013723545351790989
852,2016-03-21,0.019535375638591645
853,2016-03-22,-0.006705513037867039
854,2016-03-23,-0.033852747064164745
855,2016-03-24,0.019227909976922586
856,2016-03-28,0.03321860202565752
857,2016-03-29,-0.03034813001522574
858,2016-03-30,-0.030189599504157005
859,2016-03-31,-0.020142381461038195
860,2016-04-01,0.05853894956660399
861,2016-04-04,-0.04804413829610743
862,2016-04-05,0.017005991778619833
863,2016-04-06,-0.011799620680034817
864,2016-04-07,0.0025931483321688376
865,2016-04-08,0.02952643818193268
866,2016-04-11,0.015681040922831624
867,2016-04-12,0.039179876176853146
868,2016-04-13,0.01685812007595322
869,2016-04-14,-0.022313298963991368
870,2016-04-15,-0.005485101170755069
871,2016-04-18,-0.035693082133319454
872,2016-04-19,0.0239363768695684
873,2016-04-20,0.0
874,2016-04-22,-0.017544309650909362
875,2016-04-25,-0.03934815490195476
876,2016-04-26,0.01207699948665919
877,2016-04-27,0.01480438665016548
878,2016-04-28,-0.06286723989233067
879,2016-04-29,-0.027080996770608934
880,2016-05-02,-0.016209091786049346
881,2016-05-03,-0.020536256240442086
882,2016-05-04,-0.017648724039307062
883,2016-05-05,0.010298752200574413
884,2016-05-06,-0.012371291802546924
885,2016-05-09,-0.007496911414178076
886,2016-05-10,0.010810916104215362
887,2016-05-11,-0.01164738624918149
888,2016-05-12,-0.03534538675180299
889,2016-05-13,-0.03394643856263935
890,2016-05-16,-0.006749137131878413
891,2016-05-17,0.005851963451241282
892,2016-05-18,-0.0004489786731092238
893,2016-05-19,0.015151849248818738
894,2016-05-20,-0.005321564546870938
895,2016-05-23,-0.01839854456232981
896,2016-05-24,-0.009556340995481971
897,2016-05-25,0.008650088081027185
898,2016-05-27,0.009474512774836796
899,2016-05-30,-0.007662872745569427
900,2016-05-31,0.018826194747782576
901,2016-06-01,0.05612176065566432
902,2016-06-02,0.01582711055780006
903,2016-06-03,0.0
904,2016-06-06,0.0020639428985380626
905,2016-06-07,-0.023363557000894986
906,2016-06-08,-0.005502744044033836
907,2016-06-09,-0.02841340577836915
908,2016-06-10,-0.026998718299250157
909,2016-06-13,-0.009013174828917947
910,2016-06-14,-0.017812710802664
911,2016-06-15,0.009174330193093105
912,2016-06-16,0.011350859668689317
913,2016-06-17,0.02540805334772056
914,2016-06-20,0.032051250760717576
915,2016-06-21,0.01354813271519717
916,2016-06-22,-0.013974395778569182
917,2016-06-23,0.09550391563167038
918,2016-06-24,-0.0023282509999003054
919,2016-06-27,-0.016451604892004923
920,2016-06-28,0.008651292482684703
921,2016-06-29,-0.001567437594280019
922,2016-06-30,0.0
923,2016-07-01,0.03922071315328157
924,2016-07-04,0.014227121290131262
925,2016-07-05,-0.016114308147401335
926,2016-07-06,0.021674989863521343
927,2016-07-07,-0.0051890035850985505
928,2016-07-08,0.001114243362927425
929,2016-07-11,0.0007420408503753251
930,2016-07-12,-0.009316259269410043
931,2016-07-13,0.014864710714623808
932,2016-07-14,0.00991008293996165
933,2016-07-15,0.031988388368206166
934,2016-07-18,-0.0024791583004386553
935,2016-07-19,0.024519581713326133
936,2016-07-20,-0.027360492614045384
937,2016-07-21,-0.020841572893012472
938,2016-07-22,0.01941804954628168
939,2016-07-25,-0.009661946870025862
940,2016-07-26,-0.013758327338072363
941,2016-07-27,-0.006950823668200545
942,2016-07-28,0.09651090038084398
943,2016-07-29,0.10435998529421209
944,2016-08-01,-0.05240024636350116
945,2016-08-02,-0.0009498180229661202
946,2016-08-03,-0.01371416827708627
947,2016-08-04,-0.0054741725970153254
948,2016-08-05,0.004188857489389797
949,2016-08-08,-0.0032206147000422014
950,2016-08-09,0.018220098084754
951,2016-08-10,-0.034480618956534315
952,2016-08-11,0.04048095276556918
953,2016-08-12,0.03860284889846399
954,2016-08-15,0.01979668849552274
955,2016-08-16,-0.009249566306356982
956,2016-08-17,0.0032919376341724593
957,2016-08-18,-0.009908563277336135
958,2016-08-19,0.017053517757779524
959,2016-08-22,-0.04179884598179351
960,2016-08-23,0.012907308481873603
961,2016-08-24,0.01394804319598153
962,2016-08-25,-0.020995720597632328
963,2016-08-26,-0.02648542412906174
964,2016-08-29,0.025870228785143556
965,2016-08-30,-0.009273605729429146
966,2016-08-31,-0.03283126260371505
967,2016-09-01,0.0028841551798630682
968,2016-09-02,0.03149866705937088
969,2016-09-05,-0.0015515596355188954
970,2016-09-06,0.01510270653946133
971,2016-09-08,-0.001224273167542922
972,2016-09-09,-0.028267201879918158
973,2016-09-12,0.0037736207709584413
974,2016-09-13,-0.02736413138407512
975,2016-09-14,0.017586352806354455
976,2016-09-15,-0.007955491694275452
977,2016-09-16,-0.031151091676838938
978,2016-09-19,0.01828920998331318
979,2016-09-20,-0.021590632592367154
980,2016-09-21,0.026433224862035587
981,2016-09-22,-0.008408781758882267
982,2016-09-23,-0.006843793913569485
983,2016-09-26,-0.00032706459817299915
984,2016-09-27,-0.007552161982356864
985,2016-09-28,0.0140732154135641
986,2016-09-29,-0.008157982917694095
987,2016-09-30,0.022996964878730708
988,2016-10-03,0.039860918040704796
989,2016-10-04,-0.015504186535965303
990,2016-10-05,0.02773681576187137
991,2016-10-06,-0.019954675319816317
992,2016-10-07,-0.01846398878891531
993,2016-10-10,-0.006655039509914751
994,2016-10-11,-0.004461511543315311
995,2016-10-13,0.009219617193230167
996,2016-10-14,0.02592679972636036
997,2016-10-17,0.018937615721282164
998,2016-10-18,0.013523902790511855
999,2016-10-19,-0.01807272026942286
1000,2016-10-20,-0.0076278015834168045
1001,2016-10-21,0.010662644488299122
1002,2016-10-24,0.01712524952546346
1003,2016-10-25,-0.004179110559936472
1004,2016-10-26,-0.043717797632280675
1005,2016-10-27,-0.04179900158417871
1006,2016-10-28,0.0003257859508929428
1007,2016-10-31,-0.001303813722772773
1008,2016-11-01,-0.03822968448881969
1009,2016-11-03,-0.05502780899776294
1010,2016-11-04,-0.013698880655803158
1011,2016-11-07,-0.00036296968995364054
1012,2016-11-08,-0.008020494908739462
1013,2016-11-09,-0.025580672428382467
1014,2016-11-10,-0.026637762723633607
1015,2016-11-11,-0.040131270276484
1016,2016-11-14,0.02458494114890719
1017,2016-11-16,0.015931947015801917
1018,2016-11-17,0.008062973072133772
1019,2016-11-18,0.0038167985267008042
1020,2016-11-21,0.02148188881589963
1021,2016-11-22,-0.0007460276501549679
1022,2016-11-23,0.0
1023,2016-11-24,0.0
1024,2016-11-25,0.0
1025,2016-11-28,0.0
1026,2016-11-29,-0.0434684910158869
1027,2016-11-30,0.020826089747498777
1028,2016-12-01,-0.12506136187821815
1029,2016-12-02,0.00517684492693915
1030,2016-12-05,0.00899560555250023
1031,2016-12-06,0.03930263369120768
1032,2016-12-07,-0.006169010026304544
1033,2016-12-08,-0.024641046263171873
1034,2016-12-09,0.008421102396408475
1035,2016-12-12,-0.034118491275641816
1036,2016-12-13,0.0013007155811903814
1037,2016-12-14,-0.02545113242952457
1038,2016-12-15,0.020673663955586008
1039,2016-12-16,0.007805807366283002
1040,2016-12-19,-0.02803512561360222
1041,2016-12-20,-0.0004443457082667912
1042,2016-12-21,0.0
1043,2016-12-22,-0.020202752668994073
1044,2016-12-23,0.001812460890645795
1045,2016-12-26,-0.0013590489375863157
1046,2016-12-27,0.028158374369588568
1047,2016-12-28,0.013569873065121474
1048,2016-12-29,0.0008691873645867432
1049,2017-01-02,-0.02418236160028231
1050,2017-01-03,0.03369389029025616
1051,2017-01-04,-0.005609464426110655
1052,2017-01-05,0.0012972109927180675
1053,2017-01-06,-0.0034632070745401755
1054,2017-01-09,0.04742637371086911
1055,2017-01-10,-0.015840306526025305
1056,2017-01-11,-0.025533216884909837
1057,2017-01-12,0.05247793504496423
1058,2017-01-13,-0.004098407292076889
1059,2017-01-16,-0.01823506805836539
1060,2017-01-17,0.014119835913258605
1061,2017-01-18,0.04001342028952015
1062,2017-01-19,-0.029348840132990883
1063,2017-01-20,0.027762836659895207
1064,2017-01-23,0.022366990464357084
1065,2017-01-24,-0.0019421641751047325
1066,2017-01-26,0.016962666099828994
1067,2017-01-27,-0.010374771450504028
1068,2017-01-30,-0.0011593431250229713
1069,2017-01-31,-0.023079490613368225
1070,2017-02-01,0.02462504730538928
1071,2017-02-02,0.007692345623155905
1072,2017-02-03,0.006872917339511897
1073,2017-02-06,-0.023874872480669218
1074,2017-02-07,0.023874872480669218
1075,2017-02-08,-0.018046256682310524
1076,2017-02-09,0.015760465210878483
1077,2017-02-10,0.012883846760902262
1078,2017-02-13,0.014205921144112121
1079,2017-02-14,-0.009697987054319235
1080,2017-02-15,0.018199202390833502
1081,2017-02-16,-0.012965545584723959
1082,2017-02-17,-0.005608539659609502
1083,2017-02-20,-0.008283142082431638
1084,2017-02-21,0.003773513911672577
1085,2017-02-22,0.007878525236864053
1086,2017-02-23,-0.0636420222657641
1087,2017-02-24,0.020107122506329844
1088,2017-03-01,0.00971069935215585
1089,2017-03-02,-0.0007734338983111932
1090,2017-03-03,0.027848452330661022
1091,2017-03-06,0.004878936397608058
1092,2017-03-07,0.013018596105018876
1093,2017-03-08,-0.0040732513269694515
1094,2017-03-09,-0.004835456607224398
1095,2017-03-10,0.03156225289593628
1096,2017-03-13,0.023564103513065593
1097,2017-03-14,0.0028188884064204167
1098,2017-03-15,0.012935016689412215
1099,2017-03-16,-0.008371238282617988
1100,2017-03-17,-0.0035087053540245883
1101,2017-03-20,0.0035087053540245883
1102,2017-03-21,-0.02554232553794966
1103,2017-03-22,-0.013748371152387584
1104,2017-03-23,0.02340337195428832
1105,2017-03-24,0.008151737502725354
1106,2017-03-27,0.0007057163313359816
1107,2017-03-28,-0.0038876175487199127
1108,2017-03-29,
1109,2017-03-30,
1110,2017-03-31,0.009698725142114561
1111,2017-04-03,-0.009002830889953461
1112,2017-04-04,-0.005930594741637929
1113,2017-04-05,0.007320966856645406
1114,2017-04-06,0.024362123987407447
1115,2017-04-07,0.01747356285954149
1116,2017-04-10,0.004652716934439471
1117,2017-04-11,0.00792606527242068
1118,2017-04-12,-0.004285485378548781
1119,2017-04-13,-0.008626463581351551
1120,2017-04-17,0.0292255244514239
1121,2017-04-18,-0.008123521521479216
1122,2017-04-19,-0.005233901382057038
1123,2017-04-20,0.0
1124,2017-04-24,0.032271274112769976
1125,2017-04-25,0.0044359705890686385
1126,2017-04-26,-0.01400844302073212
1127,2017-04-27,-0.03524018697607012
1128,2017-04-28,0.004638808771650904
1129,2017-05-02,0.03412188112037473
1130,2017-05-03,0.014904382684199469
1131,2017-05-04,-0.00599843945392875
1132,2017-05-05,0.00788523246650552
1133,2017-05-08,0.015276992358892905
1134,2017-05-09,0.03346822966994667
1135,2017-05-10,0.058968817864039735
1136,2017-05-11,-0.018505923142084768
1137,2017-05-12,0.012564499776870353
1138,2017-05-15,-0.00255718266598981
1139,2017-05-16,0.00369152763824232
1140,2017-05-17,-0.03607374366694094
1141,2017-05-18,-0.10135246487445126
1142,2017-05-19,0.03953335970890004
1143,2017-05-22,-0.03953335970890004
1144,2017-05-23,0.03263245402889803
1145,2017-05-24,0.02885266020282229
1146,2017-05-25,-0.0061350191485551875
1147,2017-05-26,0.03625777769621408
1148,2017-05-29,0.0
1149,2017-05-30,-0.00446103342047488
1150,2017-05-31,-0.029645214323288815
1151,2017-06-01,0.010081099273455685
1152,2017-06-02,-0.000912361308348153
1153,2017-06-05,0.005763765387661657
1154,2017-06-06,-0.006981330207521452
1155,2017-06-07,-0.014728833310284628
1156,2017-06-08,0.0030865148436340917
1157,2017-06-09,-0.08050506157512416
1158,2017-06-12,-0.019562174585355585
1159,2017-06-13,-0.019257885386582352
1160,2017-06-14,-0.02140801182008456
1161,2017-06-15,0.0
1162,2017-06-16,-0.007477371362257568
1163,2017-06-19,0.0007145409378686018
1164,2017-06-20,-0.014026448014380133
1165,2017-06-21,-0.01496105209416676
1166,2017-06-22,-0.01892800918300841
1167,2017-06-23,-0.005259290860484711
1168,2017-06-26,-0.016328367330094906
1169,2017-06-27,-0.010390741738630638
1170,2017-06-28,0.013067095747694157
1171,2017-06-29,-0.018108836212963553
1172,2017-06-30,-0.0007778296774896276
1173,2017-07-03,-0.021235598979439274
1174,2017-07-04,-0.0031847160675200215
1175,2017-07-05,0.0166077363996604
1176,2017-07-06,-0.004323095833378865
1177,2017-07-07,-0.024722112829733245
1178,2017-07-10,0.022750931391724905
1179,2017-07-11,-0.020734395116531967
1180,2017-07-12,0.00442211775900514
1181,2017-07-13,0.0
1182,2017-07-14,-0.012106726003914048
1183,2017-07-17,-0.03933436151574732
1184,2017-07-18,0.0016877219552027256
1185,2017-07-19,0.007559926966457464
1186,2017-07-20,-0.002513616740316138
1187,2017-07-21,0.00041937513720124997
1188,2017-07-24,-0.02333089968115143
1189,2017-07-25,-0.030945987173287115
1190,2017-07-26,0.0
1191,2017-07-27,0.059295676247565154
1192,2017-07-28,0.03040497280359533
1193,2017-07-31,0.013665808079641018
1194,2017-08-01,-0.018127344672396184
1195,2017-08-02,0.018925469231885206
1196,2017-08-03,0.02287165944657632
1197,2017-08-04,0.00583088155110234
1198,2017-08-07,-0.0023282509999003054
1199,2017-08-08,-0.013690845836979104
1200,2017-08-09,0.001574223103026906
1201,2017-08-10,-0.013460219055697387
1202,2017-08-11,0.0103093696588612
1203,2017-08-14,0.04247746607429903
1204,2017-08-15,0.018727138349265537
1205,2017-08-16,-0.01533026787772096
1206,2017-08-17,0.004136084028817599
1207,2017-08-18,0.042606481675731
1208,2017-08-21,-0.0021597920951408334
1209,2017-08-22,0.024912355529280727
1210,2017-08-23,0.016039360306530526
1211,2017-08-24,0.03867507167509121
1212,2017-08-25,-0.030407714906844685
1213,2017-08-28,0.013628797214657595
1214,2017-08-29,0.015780116194156868
1215,2017-08-30,0.0003330890899557737
1216,2017-08-31,-0.017806651949497265
1217,2017-09-01,0.007429922856407867
1218,2017-09-04,-0.007090997247333863
1219,2017-09-05,0.00405813888104678
1220,2017-09-06,0.0023597516427917853
1221,2017-09-07,0.0
1222,2017-09-08,0.021649438026820622
1223,2017-09-11,0.03846009573515463
1224,2017-09-12,0.029983476095029715
1225,2017-09-13,0.030006857189738945
1226,2017-09-14,0.011873009586299332
1227,2017-09-15,0.0224663281757298
1228,2017-09-18,0.007473389410171283
1229,2017-09-19,-0.04660172137198426
1230,2017-09-20,-0.009950390859166713
1231,2017-09-21,-0.02329958179331504
1232,2017-09-22,-0.007159688171870293
1233,2017-09-25,-0.022430225904069623
1234,2017-09-26,0.003189827316982363
1235,2017-09-27,-0.010565169509251682
1236,2017-09-28,-0.0038696919641738603
1237,2017-09-29,0.008045095425936122
1238,2017-10-02,-0.018438238669765905
1239,2017-10-03,0.028007657634634864
1240,2017-10-04,0.04105053983035756
1241,2017-10-05,-0.03314536032324389
1242,2017-10-06,-0.019399591045886844
1243,2017-10-09,0.004805455347068666
1244,2017-10-10,0.014594135698818178
1245,2017-10-11,-0.030378067826704935
1246,2017-10-12,0.0
1247,2017-10-13,-0.02232522137977222
1248,2017-10-16,0.03298251619793868
1249,2017-10-17,-0.027024272818140016
1250,2017-10-18,0.02154833690976199
1251,2017-10-19,-0.004856736270202777
1252,2017-10-20,0.005179681544217107
1253,2017-10-23,-0.014636755279542335
1254,2017-10-24,0.024916383223626326
1255,2017-10-25,0.03114922278293042
1256,2017-10-26,-0.008711909623086544
1257,2017-10-27,0.0
1258,2017-10-30,-0.04506274463691451
1259,2017-10-31,0.012345803532986643
1260,,
