,Time,Returns_PCAR4
0,2012-10-02,-0.006119817487847179
1,2012-10-03,0.013824264004256293
2,2012-10-04,0.0066805015694599845
3,2012-10-05,0.014711374376941144
4,2012-10-08,0.038304665556987416
5,2012-10-09,-0.026209530972647777
6,2012-10-10,0.008847660489597509
7,2012-10-11,-0.008220487132244436
8,2012-10-15,-0.005341998879208276
9,2012-10-16,-0.015348732518686958
10,2012-10-17,0.020586208917601212
11,2012-10-18,0.008842985337403242
12,2012-10-19,-0.006755265610970618
13,2012-10-22,0.0111991708725947
14,2012-10-23,-0.005998783261182972
15,2012-10-24,-0.009380194758043636
16,2012-10-25,-0.038533157628427794
17,2012-10-26,0.008235955122153804
18,2012-10-29,0.008597815292629818
19,2012-10-30,-0.0037524596081288664
20,2012-10-31,0.0010735612541585837
21,2012-11-01,-0.012958455919315881
22,2012-11-05,0.0010863787108448264
23,2012-11-06,0.0
24,2012-11-07,0.0016263393537157
25,2012-11-08,-0.021807486030424705
26,2012-11-09,0.00706582176996573
27,2012-11-12,0.006579169232349358
28,2012-11-13,0.01356808879554805
29,2012-11-14,-0.019047728648452278
30,2012-11-16,-0.0020901945083853235
31,2012-11-19,0.015298606076524557
32,2012-11-21,-0.0017357013249466036
33,2012-11-22,-0.0038096270220204786
34,2012-11-23,0.0040258516392750465
35,2012-11-26,0.010050672347515999
36,2012-11-27,-0.010810190391509877
37,2012-11-28,-0.006652735039356372
38,2012-11-29,0.010990212413035216
39,2012-11-30,-0.015266894190132163
40,2012-12-03,0.014618329554800802
41,2012-12-04,-0.003688912738347483
42,2012-12-05,-0.00654329450893254
43,2012-12-06,0.011854322927027816
44,2012-12-07,-0.0030320336664093617
45,2012-12-10,-0.0077287717152350055
46,2012-12-11,0.026423494107234546
47,2012-12-12,0.011114550381161159
48,2012-12-13,0.009115417041740237
49,2012-12-14,-0.003343544768469542
50,2012-12-17,-0.017738350695392313
51,2012-12-18,-0.010387469981465891
52,2012-12-19,-0.01354603131307286
53,2012-12-20,-0.011633567803087885
54,2012-12-21,-0.001657171077969366
55,2012-12-26,0.0006632024335111453
56,2012-12-27,0.005509831822906541
57,2012-12-28,-0.005509831822906541
58,2013-01-02,-0.01885011177202145
59,2013-01-03,0.006620560275057308
60,2013-01-04,0.02321902317277491
61,2013-01-07,-0.010768538729088561
62,2013-01-08,-0.007986113735173994
63,2013-01-09,0.017661134918879107
64,2013-01-10,0.006108392773468196
65,2013-01-11,-0.03271836777961301
66,2013-01-14,0.005378896923700083
67,2013-01-15,0.004126632471465719
68,2013-01-16,-0.0016709093070774728
69,2013-01-17,0.0055588373460073726
70,2013-01-18,-0.0006654090336626339
71,2013-01-21,0.002880364793800716
72,2013-01-22,-0.0011069089247790487
73,2013-01-23,-0.003883602929255936
74,2013-01-24,-0.014331684931280897
75,2013-01-28,0.0042753857343296175
76,2013-01-29,0.010500917299856916
77,2013-01-30,0.0012216509266469444
78,2013-01-31,0.04131050223428279
79,2013-02-01,0.0
80,2013-02-04,0.0010644193724163031
81,2013-02-05,0.011634535168072446
82,2013-02-06,-0.01964551543939219
83,2013-02-07,0.005880932701266772
84,2013-02-08,0.012185990076016395
85,2013-02-13,-0.0010537636572314213
86,2013-02-14,-0.004755742226977944
87,2013-02-15,0.0005294952515155771
88,2013-02-18,0.007909598173572618
89,2013-02-19,0.012006812166421632
90,2013-02-20,0.014937628388707047
91,2013-02-21,-0.004406562124913194
92,2013-02-22,-0.014691393606088177
93,2013-02-25,0.013766658198377968
94,2013-02-26,-0.0023672150152416194
95,2013-02-27,0.00718715907013312
96,2013-02-28,0.014724250437399
97,2013-03-01,0.0030197572890724445
98,2013-03-04,0.01318148913485473
99,2013-03-05,0.011636418565514894
100,2013-03-06,0.017011841612307066
101,2013-03-07,-0.03073340467856589
102,2013-03-08,0.008413215625814985
103,2013-03-11,0.03191286461260656
104,2013-03-12,-0.008629275781721901
105,2013-03-13,0.021435107922231467
106,2013-03-14,0.017657079500632555
107,2013-03-15,-0.022475610817099145
108,2013-03-18,0.00481853131646659
109,2013-03-19,-0.010421972639178101
110,2013-03-20,0.017466107258955255
111,2013-03-21,-0.012905013400192011
112,2013-03-22,-0.020884586192631893
113,2013-03-25,0.003768402144280536
114,2013-03-26,0.012555090189588114
115,2013-03-27,0.005698164408761919
116,2013-03-28,
117,2013-04-01,
118,2013-04-02,0.016250315098436552
119,2013-04-03,0.008258221367834828
120,2013-04-04,-0.015083129497361902
121,2013-04-05,-0.0009385342281031939
122,2013-04-08,0.004216540775169975
123,2013-04-09,0.004012621833950014
124,2013-04-10,0.0011169616791040227
125,2013-04-11,-0.0003721819543107685
126,2013-04-12,-0.010383444348764925
127,2013-04-15,-0.032007451493752725
128,2013-04-16,0.025876619788681943
129,2013-04-17,-0.01295047494276158
130,2013-04-18,0.032280524806042266
131,2013-04-19,0.01766048459218794
132,2013-04-22,0.021378191766638466
133,2013-04-23,0.015585146699953256
134,2013-04-24,-0.0368721500642053
135,2013-04-25,-0.006769189801383746
136,2013-04-26,
137,2013-04-29,
138,2013-04-30,-0.008072231217975734
139,2013-05-02,-0.009240219400973082
140,2013-05-03,0.021818992842693063
141,2013-05-06,-0.0021605878437442883
142,2013-05-07,0.009329104300774382
143,2013-05-08,-0.0035778392690311023
144,2013-05-09,0.002058846898322031
145,2013-05-10,-0.018592638555031904
146,2013-05-13,-0.0029194438102582154
147,2013-05-14,0.02303107473599919
148,2013-05-15,0.012422537635242037
149,2013-05-16,-0.025001337925284695
150,2013-05-17,0.011596165877229225
151,2013-05-20,0.024803761097856203
152,2013-05-21,-0.00200720931383902
153,2013-05-22,-0.0187828371682075
154,2013-05-23,-0.020140925934760467
155,2013-05-24,-0.000908659770913367
156,2013-05-27,-0.01216461712200001
157,2013-05-28,0.01434404045269666
158,2013-05-29,-0.026099588426375497
159,2013-05-31,-0.03419056408470045
160,2013-06-03,-0.003764655195348965
161,2013-06-04,-0.0033906449681389006
162,2013-06-05,-0.003596980445609965
163,2013-06-06,0.027093596913181806
164,2013-06-07,-0.0019924955498753505
165,2013-06-10,-0.012327558224873414
166,2013-06-11,-0.01452810056290943
167,2013-06-12,-0.012961689714672708
168,2013-06-13,-0.02532285612147156
169,2013-06-14,0.006265127638700463
170,2013-06-17,0.0014093720804346788
171,2013-06-18,-0.005952739043849853
172,2013-06-19,-0.002735949377474789
173,2013-06-20,-0.014410837416950706
174,2013-06-21,-0.015248477838297525
175,2013-06-24,-0.0279827377536348
176,2013-06-25,0.005039425263395181
177,2013-06-26,0.03489214821690645
178,2013-06-27,0.02176105721868371
179,2013-06-28,0.00654750277999927
180,2013-07-01,-0.008975896211119938
181,2013-07-02,-0.038204078030037
182,2013-07-03,-0.002845893883876016
183,2013-07-04,0.018406731959742295
184,2013-07-05,-0.013983280875716098
185,2013-07-08,0.012427646633496714
186,2013-07-10,0.021764569312367144
187,2013-07-11,0.011410201095142902
188,2013-07-12,-0.0010045003456840007
189,2013-07-15,0.01723754108159614
190,2013-07-16,0.008655488114663434
191,2013-07-17,-9.796777882531416e-05
192,2013-07-18,-0.010832188740721449
193,2013-07-19,-0.004962789342129348
194,2013-07-22,0.015403128540379285
195,2013-07-23,0.004692120068336969
196,2013-07-24,0.0044760121217892745
197,2013-07-25,-0.004866189651172803
198,2013-07-26,
199,2013-07-29,
200,2013-07-30,-0.004125801570848964
201,2013-07-31,-0.005230685655960521
202,2013-08-01,0.006214609397124704
203,2013-08-02,-0.016758803482571416
204,2013-08-05,-0.0025031302181188764
205,2013-08-06,-0.014032828255246876
206,2013-08-07,-0.0036667488441537444
207,2013-08-08,-0.004397409550713327
208,2013-08-09,0.024600116868232824
209,2013-08-12,-0.006118691069551652
210,2013-08-13,0.01606902192271953
211,2013-08-14,-0.02323822518010399
212,2013-08-15,-0.015626095250985017
213,2013-08-16,0.0035961815936307318
214,2013-08-19,-0.023452377384719725
215,2013-08-20,-0.012998819754289848
216,2013-08-21,0.010791439835439398
217,2013-08-22,-0.010897838430227402
218,2013-08-23,0.016668831804888207
219,2013-08-26,-0.029301480261862523
220,2013-08-27,-0.00021546169328878761
221,2013-08-28,0.018153162379956456
222,2013-08-29,0.013140793561058572
223,2013-08-30,0.010493078350768847
224,2013-09-02,0.016095482720212217
225,2013-09-03,-0.02815638999488357
226,2013-09-04,0.0
227,2013-09-05,0.024794679533719055
228,2013-09-06,0.006306632545200586
229,2013-09-09,-0.010704042095913913
230,2013-09-10,0.014549781014730812
231,2013-09-11,-0.0159856786973398
232,2013-09-12,0.009804991276789465
233,2013-09-13,0.012524131231312907
234,2013-09-16,0.020563979610636274
235,2013-09-17,-0.008194684747993897
236,2013-09-18,0.041174841541111284
237,2013-09-19,-0.002667420806116816
238,2013-09-20,-0.008045288103466497
239,2013-09-23,-0.006754145739501283
240,2013-09-24,0.015943441981579376
241,2013-09-25,0.00038107079581539693
242,2013-09-26,-0.009474189336043715
243,2013-09-27,0.010521359712036826
244,2013-09-30,-0.03979174201214963
245,2013-10-01,0.013863886304771533
246,2013-10-02,-0.004992443290267268
247,2013-10-03,-0.004031708101412512
248,2013-10-04,0.023083596290167208
249,2013-10-07,-0.008023649793452492
250,2013-10-08,0.016078890972129223
251,2013-10-09,0.004764182563303798
252,2013-10-10,0.04452616259905451
253,2013-10-11,-0.007116809332587515
254,2013-10-14,0.002377923198422671
255,2013-10-15,-0.0064150147267652
256,2013-10-16,-0.0021167556761714224
257,2013-10-17,-0.007769221541263249
258,2013-10-18,0.007677066936692789
259,2013-10-21,0.00962827111789366
260,2013-10-22,0.0041890507822026635
261,2013-10-23,-0.0077544428013078814
262,2013-10-24,-0.010958275218450275
263,2013-10-25,-0.003989428680306162
264,2013-10-28,0.009529590639714591
265,2013-10-29,-0.0055401619594084295
266,2013-10-30,0.009216655104923532
267,2013-10-31,0.027061681506721058
268,2013-11-01,-0.012037479163794274
269,2013-11-04,-0.00634639485642996
270,2013-11-05,0.0022711797799432887
271,2013-11-06,0.0014508889147561987
272,2013-11-07,-0.012950468096081913
273,2013-11-08,0.0028415436614412926
274,2013-11-11,-0.006888660995184814
275,2013-11-12,-0.011121495384868396
276,2013-11-13,0.008814689286952948
277,2013-11-14,0.021386266035033685
278,2013-11-18,0.002348285102288017
279,2013-11-19,-0.021427745039406254
280,2013-11-21,-0.004804120407451151
281,2013-11-22,-0.005292727722627788
282,2013-11-25,0.0050148043197371095
283,2013-11-26,0.0059111562228313375
284,2013-11-27,0.003768596836139615
285,2013-11-28,-0.004597709248629123
286,2013-11-29,0.0009212161031140198
287,2013-12-02,-0.02423229497156143
288,2013-12-03,-0.019529108668074002
289,2013-12-04,-0.003565705139500608
290,2013-12-05,-0.0041600213979924305
291,2013-12-06,-0.005054000480096299
292,2013-12-09,0.007474722990284732
293,2013-12-10,-0.01137977530217249
294,2013-12-11,0.007600884196676816
295,2013-12-12,-0.02666036543303374
296,2013-12-13,0.005964222303009414
297,2013-12-16,0.020501929537180885
298,2013-12-17,-0.014573078236507442
299,2013-12-18,0.000984716977500355
300,2013-12-19,0.008233765395606163
301,2013-12-20,0.0037998778357275498
302,2013-12-23,0.011313740450696663
303,2013-12-26,0.0009610572672542617
304,2013-12-27,0.0015358421141451473
305,2013-12-30,0.006215079348541153
306,2014-01-02,-0.012083019693817754
307,2014-01-03,-0.017420526903640265
308,2014-01-06,-0.01663076334438429
309,2014-01-07,-0.00259872212816159
310,2014-01-08,-0.004111684075756017
311,2014-01-09,-0.030093605648787936
312,2014-01-10,-0.004359104012448434
313,2014-01-13,0.01003891483954611
314,2014-01-14,0.011365503888461248
315,2014-01-15,0.007909979342265672
316,2014-01-16,-0.010152371464017484
317,2014-01-17,-0.02678404198249229
318,2014-01-20,-0.009583602188382834
319,2014-01-21,-0.006369426986225335
320,2014-01-22,0.03351094718648451
321,2014-01-23,-0.003094329425690212
322,2014-01-24,-0.010175593819290008
323,2014-01-27,0.0018767600128599682
324,2014-01-28,-0.004175392330982852
325,2014-01-29,-0.02381695057386768
326,2014-01-30,0.014780427822212339
327,2014-01-31,-0.014244909737125333
328,2014-02-03,-0.009682722129692678
329,2014-02-04,0.008611495489258658
330,2014-02-05,-0.010775965996123738
331,2014-02-06,0.015053983215785216
332,2014-02-07,0.0005335076232197977
333,2014-02-10,0.001598742662952013
334,2014-02-11,0.013224207248129005
335,2014-02-12,0.00367163272508364
336,2014-02-13,0.0
337,2014-02-14,0.022775280855808155
338,2014-02-17,-0.022775280855808155
339,2014-02-18,-0.01052641298698731
340,2014-02-19,0.011886712490844609
341,2014-02-20,0.009056461354398415
342,2014-02-21,0.009283222837430216
343,2014-02-24,-0.009076021507181231
344,2014-02-25,-0.00020720133024898502
345,2014-02-26,0.007021920632817036
346,2014-02-27,0.016026474803473967
347,2014-02-28,0.0014167073884223669
348,2014-03-05,-0.018369768986488566
349,2014-03-06,0.0071839903670127825
350,2014-03-07,-0.0004091336847027449
351,2014-03-10,-0.019628750239758297
352,2014-03-11,-0.002611649488863499
353,2014-03-12,-0.0207151671933401
354,2014-03-13,0.012206297071073458
355,2014-03-14,-0.015093802388517652
356,2014-03-17,0.015621092394837888
357,2014-03-18,0.02406497738926383
358,2014-03-19,-0.007749974046783237
359,2014-03-20,0.007338144540475433
360,2014-03-21,-0.0056798108270976755
361,2014-03-24,0.013373340002892142
362,2014-03-25,-0.010890870805391195
363,2014-03-26,-0.012160478283724352
364,2014-03-27,0.02397056677213616
365,2014-03-28,0.007627802281620966
366,2014-03-31,0.010582139725674011
367,2014-04-01,0.002002975161428111
368,2014-04-02,0.015487304567431082
369,2014-04-03,0.007067870615683702
370,2014-04-04,0.026735144043007253
371,2014-04-07,0.028170876966696845
372,2014-04-08,-0.004640379556502872
373,2014-04-09,-0.020867389489190202
374,2014-04-10,-0.007819244643416212
375,2014-04-11,0.012557242749140052
376,2014-04-14,-0.0015136805017528232
377,2014-04-15,-0.006935603242782307
378,2014-04-16,0.00967754218377781
379,2014-04-17,0.00967823359916764
380,2014-04-22,-0.0004676892922184095
381,2014-04-23,-0.013089306014321345
382,2014-04-24,0.0025559440604094874
383,2014-04-25,-0.010167807753335367
384,2014-04-28,0.0043839486757608626
385,2014-04-29,0.00038023388754293563
386,2014-04-30,0.0028476811296220816
387,2014-05-02,0.014117881545784527
388,2014-05-05,0.004941034640799202
389,2014-05-06,-0.02762633659234126
390,2014-05-07,0.0007645451515818635
391,2014-05-08,-0.001242623092898576
392,2014-05-09,-0.003065430035316119
393,2014-05-12,0.0073603256237921855
394,2014-05-13,-0.002861260934327703
395,2014-05-14,-0.006227507551260558
396,2014-05-15,-0.004334271151571478
397,2014-05-16,-0.01233440587708845
398,2014-05-19,-0.003524242460335003
399,2014-05-20,-0.008074078796570738
400,2014-05-21,0.0002965254774212056
401,2014-05-22,0.005421165431692465
402,2014-05-23,0.012503816015709823
403,2014-05-26,-9.710208155677691e-05
404,2014-05-27,-0.010737028373871915
405,2014-05-28,0.009376890212958067
406,2014-05-29,-0.00233597532083607
407,2014-05-30,-0.008022741161916258
408,2014-06-02,-0.0005896138493026726
409,2014-06-03,0.006466212399990567
410,2014-06-04,-0.012776625892625404
411,2014-06-05,0.026066776463064656
412,2014-06-06,0.021545180799316554
413,2014-06-09,0.006111635807400262
414,2014-06-10,0.02609084994274191
415,2014-06-11,-0.006321325674298883
416,2014-06-13,-0.017522351017112747
417,2014-06-16,0.00680436982395527
418,2014-06-17,-0.004935513000208225
419,2014-06-18,-0.00900230168596483
420,2014-06-20,-0.012130616851600884
421,2014-06-23,-0.007560939752232265
422,2014-06-24,0.003835482806338497
423,2014-06-25,-0.005566175546025676
424,2014-06-26,-0.009281774025967415
425,2014-06-27,0.004168086415301531
426,2014-06-30,-0.003779614030390732
427,2014-07-01,-0.005842834898202476
428,2014-07-02,0.017043145089906453
429,2014-07-03,0.01788987659636021
430,2014-07-04,-0.0004716381345701848
431,2014-07-07,-0.013584970802796192
432,2014-07-08,0.0019111042332005113
433,2014-07-10,0.016098804354995444
434,2014-07-11,-0.004236269045176044
435,2014-07-14,-0.020010176757606857
436,2014-07-15,0.006236537214586946
437,2014-07-16,-0.0028735938901363056
438,2014-07-17,0.0023952107259548328
439,2014-07-18,0.022238891642461844
440,2014-07-21,0.01624542603630097
441,2014-07-22,0.003676493145515103
442,2014-07-23,-0.007921207522556983
443,2014-07-24,0.021588846251221483
444,2014-07-25,0.01115920517450153
445,2014-07-28,8.950736136892345e-05
446,2014-07-29,-0.004484312447329053
447,2014-07-30,-0.002249719734015443
448,2014-07-31,-0.01360565205577835
449,2014-08-01,0.0044648851289981195
450,2014-08-04,0.012827691589090584
451,2014-08-05,-0.008925867231406315
452,2014-08-06,0.007488662303111404
453,2014-08-07,-0.007217018341835413
454,2014-08-08,-0.010466480074629025
455,2014-08-11,0.0031970704738659705
456,2014-08-12,-0.0004561368380109343
457,2014-08-13,0.006094520298898232
458,2014-08-14,-0.001088785159227612
459,2014-08-15,-0.001362725612993998
460,2014-08-18,0.011119790782661454
461,2014-08-19,0.016672208863530713
462,2014-08-20,-0.0015042077030296142
463,2014-08-21,-0.01949274881033425
464,2014-08-22,-0.002350407901347218
465,2014-08-25,0.018472592983663105
466,2014-08-26,0.004874771431047975
467,2014-08-27,0.0018550423031733487
468,2014-08-28,0.01393479451936841
469,2014-08-29,-0.006899298051088465
470,2014-09-01,-0.004391364826206612
471,2014-09-02,0.004917008786643251
472,2014-09-03,0.007243580192751509
473,2014-09-04,-0.00785688902370385
474,2014-09-05,-0.002193464396771816
475,2014-09-08,-0.003695868371822897
476,2014-09-09,-0.022556994180365386
477,2014-09-10,-0.0018953929245739687
478,2014-09-11,0.0046867773727408135
479,2014-09-12,-0.006404775880945124
480,2014-09-15,-0.000814775278160873
481,2014-09-16,0.015012174193500982
482,2014-09-17,-0.0005355198723941967
483,2014-09-18,-0.01456724804181686
484,2014-09-19,0.007040357566386213
485,2014-09-22,-0.01568271296622825
486,2014-09-23,-0.014355616264546178
487,2014-09-24,0.008491043287707889
488,2014-09-25,-0.009325537278046525
489,2014-09-26,0.022563544996271112
490,2014-09-29,-0.026374172742210433
491,2014-09-30,-0.00504109551094345
492,2014-10-01,-0.01879982636641575
493,2014-10-02,0.01692632698937757
494,2014-10-03,0.013504242473485917
495,2014-10-06,0.03544216515131904
496,2014-10-07,-0.036367644170874236
497,2014-10-08,0.001850111561727985
498,2014-10-09,-0.0016649712938381356
499,2014-10-10,-0.037733207887791664
500,2014-10-13,0.018855934607748814
501,2014-10-14,0.0
502,2014-10-15,-0.011289926012129747
503,2014-10-16,-0.014995936258794806
504,2014-10-17,0.022505120491624453
505,2014-10-20,-0.02008673962734342
506,2014-10-21,-0.018724927643409828
507,2014-10-22,-0.018179629292040644
508,2014-10-23,-0.02445709245774097
509,2014-10-24,0.02295218119799891
510,2014-10-27,-0.02655428472546184
511,2014-10-28,0.030462301200988584
512,2014-10-29,-0.012985244941458696
513,2014-10-30,0.024420769720252977
514,2014-10-31,0.02692323158990817
515,2014-11-03,-0.007923512167890223
516,2014-11-04,0.008693196620702004
517,2014-11-05,0.001633585102781332
518,2014-11-06,-0.004426489051603255
519,2014-11-07,-0.00038583968095462495
520,2014-11-10,0.013511738311579258
521,2014-11-11,-0.0042924375740893694
522,2014-11-12,0.021561100015457413
523,2014-11-13,-0.01783990877291952
524,2014-11-14,-0.011976191046715101
525,2014-11-17,0.0019258263331849435
526,2014-11-18,0.013852669638600545
527,2014-11-19,-0.015489390778768097
528,2014-11-21,0.02962057243624816
529,2014-11-24,-0.00902092174508251
530,2014-11-25,0.015454754432649764
531,2014-11-26,0.0012076077990847978
532,2014-11-27,-0.0055855478378346035
533,2014-11-28,0.012800443591623356
534,2014-12-01,-0.036224294828200776
535,2014-12-02,-0.005462128502546015
536,2014-12-03,0.001536274883963351
537,2014-12-04,0.003256679076766744
538,2014-12-05,-0.008547471006533414
539,2014-12-08,-0.021348980849612786
540,2014-12-09,0.010780171355114554
541,2014-12-10,-0.020483178174299788
542,2014-12-11,-0.0014935134728153443
543,2014-12-12,-0.012331641680836114
544,2014-12-15,-0.0047524534326433
545,2014-12-16,-0.01285340516650102
546,2014-12-17,-0.0030848764824140673
547,2014-12-18,-0.012226864831406559
548,2014-12-19,0.019614565242661364
549,2014-12-22,0.013504820026050801
550,2014-12-23,-0.006678875262281281
551,2014-12-26,-0.010102621871179274
552,2014-12-29,0.01859528235836727
553,2014-12-30,-0.015420859507574214
554,2015-01-02,-0.04175536203642416
555,2015-01-05,-0.008671945664914027
556,2015-01-06,0.025479106265344775
557,2015-01-07,0.016632379084781768
558,2015-01-08,0.006268978928343216
559,2015-01-09,-0.027629551769008387
560,2015-01-12,-0.019139287144374073
561,2015-01-13,0.0036433387922185645
562,2015-01-14,-0.02985620511574094
563,2015-01-15,0.0016517209335473737
564,2015-01-16,-0.025292373504622212
565,2015-01-19,-0.0006773338069248069
566,2015-01-20,0.009216644123927864
567,2015-01-21,0.04666754030546105
568,2015-01-22,0.014207151601032919
569,2015-01-23,-0.01399365597775759
570,2015-01-26,-0.004493887345560665
571,2015-01-27,-0.014800713354312656
572,2015-01-28,-0.023121122954164797
573,2015-01-29,0.01239780097018528
574,2015-01-30,-0.02596682336414169
575,2015-02-02,0.01601647050877375
576,2015-02-03,-0.0001111395090998002
577,2015-02-04,-0.002559066765138951
578,2015-02-05,0.01919950822544969
579,2015-02-06,-0.0030647900354132673
580,2015-02-09,0.0007670812850291142
581,2015-02-10,-0.00472139219389156
582,2015-02-11,-0.003859507401115181
583,2015-02-12,0.010878608345390894
584,2015-02-13,-0.007459446611671083
585,2015-02-18,0.0077872508015035535
586,2015-02-19,0.005665163798760808
587,2015-02-20,-0.002719609963886427
588,2015-02-23,0.014169270334240203
589,2015-02-24,0.004500629114279953
590,2015-02-25,0.005118951110088865
591,2015-02-26,0.01666698936549693
592,2015-02-27,0.015982086297508857
593,2015-03-02,-0.0013392780244148028
594,2015-03-03,0.00020613339222741445
595,2015-03-04,0.0016478170821470073
596,2015-03-05,-0.004434597067866086
597,2015-03-06,0.0024775278748778717
598,2015-03-09,-0.003925593904455127
599,2015-03-10,-0.003525553252795355
600,2015-03-11,0.008069627899401688
601,2015-03-12,-0.0028893426354130725
602,2015-03-13,-0.027978972554158155
603,2015-03-16,-0.0011696529839984038
604,2015-03-17,0.01782091784897144
605,2015-03-18,0.015658555891305603
606,2015-03-19,-0.01848440940554763
607,2015-03-20,0.032482042804921285
608,2015-03-23,-0.006718909527527295
609,2015-03-24,0.0009188422720072253
610,2015-03-25,-0.005013034233679825
611,2015-03-26,-0.03922071315328157
612,2015-03-27,0.013771435646253494
613,2015-03-30,0.024423130685597094
614,2015-03-31,-0.020223712440682107
615,2015-04-01,0.012907486438430205
616,2015-04-02,0.011414602535499085
617,2015-04-06,0.014314197866564626
618,2015-04-07,0.008830935684712493
619,2015-04-08,0.0009986619663484575
620,2015-04-09,0.006069982165929133
621,2015-04-10,-0.002980657900041983
622,2015-04-13,0.005754574807171231
623,2015-04-14,-0.019177554800466012
624,2015-04-15,-0.0003026577243208095
625,2015-04-16,-0.015349668591106536
626,2015-04-17,0.00785674152363125
627,2015-04-20,-0.015259623177484194
628,2015-04-22,0.010062668388139961
629,2015-04-23,-0.0059431879002591614
630,2015-04-24,0.015197375154428983
631,2015-04-27,0.011673635752535994
632,2015-04-28,-0.0085406097770937
633,2015-04-29,0.013928779004081626
634,2015-04-30,0.01295193342758072
635,2015-05-04,-0.001966618126627573
636,2015-05-05,0.01368547277029375
637,2015-05-06,-0.009364085155946889
638,2015-05-07,-0.0005881580291466904
639,2015-05-08,-0.04389927211729905
640,2015-05-11,-0.03164294042004734
641,2015-05-12,-0.027989614083293368
642,2015-05-13,0.0005436586251379438
643,2015-05-14,-0.014782617785301433
644,2015-05-15,0.014782617785301433
645,2015-05-18,-0.016659712084677203
646,2015-05-19,-0.007432559550740514
647,2015-05-20,-0.012436449919960957
648,2015-05-21,0.0190950694985057
649,2015-05-22,-0.016842759975120636
650,2015-05-25,0.011185798707468386
651,2015-05-26,-0.03049366721325164
652,2015-05-27,0.0025197700458443606
653,2015-05-28,-0.01637677030360063
654,2015-05-29,-0.006415921800158486
655,2015-06-01,-0.005280117963032183
656,2015-06-02,-0.007083831191723178
657,2015-06-03,-0.017570546835480982
658,2015-06-05,-0.0015687808400146608
659,2015-06-08,0.009017193324947215
660,2015-06-09,0.002390879757130371
661,2015-06-10,0.023016619892723966
662,2015-06-11,-0.030567407714531925
663,2015-06-12,-0.02521909768749442
664,2015-06-15,0.01506176743526133
665,2015-06-16,-0.008666505318645434
666,2015-06-17,-0.00651867503247594
667,2015-06-18,-0.004700033243916657
668,2015-06-19,-0.020794986569074858
669,2015-06-22,-0.009922470355199664
670,2015-06-23,0.00268112511275298
671,2015-06-24,0.005974745975795948
672,2015-06-25,-0.015326034436808023
673,2015-06-26,-0.006455800592936711
674,2015-06-29,-0.01671929021247376
675,2015-06-30,-0.03239472173936164
676,2015-07-01,0.014318737334510168
677,2015-07-02,-0.02347615786226598
678,2015-07-03,-0.022354293800403546
679,2015-07-06,-0.0008427728816435831
680,2015-07-07,-0.02576480108736856
681,2015-07-08,-0.039560985036026786
682,2015-07-10,0.04244082861829401
683,2015-07-13,0.062019131700283836
684,2015-07-14,-0.009504443383870687
685,2015-07-15,0.0024526513540603645
686,2015-07-16,0.02194041783736722
687,2015-07-17,-0.003734818192211442
688,2015-07-20,-0.026130234370061345
689,2015-07-21,0.0047895814477225684
690,2015-07-22,-0.026140745611970218
691,2015-07-23,-0.009433353809799705
692,2015-07-24,-0.009808906426047592
693,2015-07-27,0.020922490211648714
694,2015-07-28,0.002375449926640627
695,2015-07-29,0.018666258960742255
696,2015-07-30,0.027428579081243853
697,2015-07-31,-0.001734103004191745
698,2015-08-03,-0.032567355364814254
699,2015-08-04,-0.01137479319395407
700,2015-08-05,0.018247672481716215
701,2015-08-06,-0.029753327598730728
702,2015-08-07,-0.04769005121337688
703,2015-08-10,0.03017940353329429
704,2015-08-11,0.005299776179781723
705,2015-08-12,-0.048290334105293375
706,2015-08-13,-0.021825586132247388
707,2015-08-14,-0.017778948214462353
708,2015-08-17,-0.007358185841158438
709,2015-08-18,0.0031377653853557064
710,2015-08-19,0.007801506499601096
711,2015-08-20,-0.0114107532296428
712,2015-08-21,-0.0342214392244955
713,2015-08-24,-0.0116176223758373
714,2015-08-25,0.0047615393655178195
715,2015-08-26,0.03160022803627349
716,2015-08-27,0.012146233690044639
717,2015-08-28,0.0021926242658922845
718,2015-08-31,-0.0065923642702614416
719,2015-09-01,-0.0342817325423832
720,2015-09-02,0.039308447493835
721,2015-09-03,0.009047043316110503
722,2015-09-04,-0.03524112805481927
723,2015-09-08,-0.014908686686552208
724,2015-09-09,-0.00032658393497353444
725,2015-09-10,-0.003763401316551729
726,2015-09-11,-0.004930149633394443
727,2015-09-14,0.03560248096297958
728,2015-09-15,-0.00398248223743547
729,2015-09-16,0.0043003331382198695
730,2015-09-17,-0.042863689234636126
731,2015-09-18,
732,2015-09-21,
733,2015-09-22,-0.041405710380924
734,2015-09-23,-0.044581005734952495
735,2015-09-24,0.030068664243336762
736,2015-09-25,-0.04726223036351751
737,2015-09-28,-0.016878936905199815
738,2015-09-29,0.007559602938876253
739,2015-09-30,0.02373401784527207
740,2015-10-01,0.007130095636739053
741,2015-10-02,0.0017746234283526618
742,2015-10-05,
743,2015-10-06,
744,2015-10-07,
745,2015-10-08,
746,2015-10-09,
747,2015-10-13,-0.07649172814346628
748,2015-10-14,
749,2015-10-15,
750,2015-10-16,-0.04908363680044392
751,2015-10-19,
752,2015-10-20,
753,2015-10-21,
754,2015-10-22,
755,2015-10-23,-0.03916769658127617
756,2015-10-26,
757,2015-10-27,
758,2015-10-28,0.029203467080387124
759,2015-10-29,
760,2015-10-30,
761,2015-11-03,0.06374987512918784
762,2015-11-04,-0.0003699093706899248
763,2015-11-05,0.0040612571974096845
764,2015-11-06,-0.04368164398685126
765,2015-11-09,0.005948420168005342
766,2015-11-10,-0.011932358437015012
767,2015-11-11,0.04226913581411029
768,2015-11-12,0.001483642705383037
769,2015-11-13,-0.0055751678098308055
770,2015-11-16,0.0057605101618856125
771,2015-11-17,0.002590674976152396
772,2015-11-18,-0.0209157758878753
773,2015-11-19,0.028464352580691354
774,2015-11-23,-0.0003669051591335126
775,2015-11-24,-0.032636929313022645
776,2015-11-25,-0.016244943648688004
777,2015-11-26,-0.0019286987470699124
778,2015-11-27,-0.040379666355816024
779,2015-11-30,-0.01519016549397545
780,2015-12-01,-0.013974744484066992
781,2015-12-02,-0.013333530869465093
782,2015-12-03,0.010847019046348105
783,2015-12-04,-0.028621503073925858
784,2015-12-07,-0.013324912247626663
785,2015-12-08,-0.010439394161851467
786,2015-12-09,0.05611329353154071
787,2015-12-10,-0.001240972225019732
788,2015-12-11,-0.017326348951400394
789,2015-12-14,-0.031877808186064005
790,2015-12-15,-0.010929070532190277
791,2015-12-16,0.004385993825092083
792,2015-12-17,-0.02660913060980219
793,2015-12-18,-0.03127035532672551
794,2015-12-21,-0.042630156930830054
795,2015-12-22,0.016080941368729285
796,2015-12-23,-0.019474134113116826
797,2015-12-28,0.037173711212517446
798,2015-12-29,-0.012948950644120938
799,2015-12-30,-0.008089503831640421
800,2016-01-04,-0.04745333956394626
801,2016-01-05,0.017629333268929237
802,2016-01-06,-0.03991994745234484
803,2016-01-07,-0.02568572913316025
804,2016-01-08,-0.00871057375009432
805,2016-01-11,-0.02550818896321072
806,2016-01-12,-0.05076379802105846
807,2016-01-13,-0.06044577873052415
808,2016-01-14,0.04951353537193537
809,2016-01-15,0.02654644254783678
810,2016-01-18,-0.025101175618345017
811,2016-01-19,0.010916540626388471
812,2016-01-20,0.006266069971604615
813,2016-01-21,-0.05006869262999736
814,2016-01-22,0.014815085785140791
815,2016-01-26,-0.021103442990177523
816,2016-01-27,0.0639939413863222
817,2016-01-28,0.00309455866590147
818,2016-01-29,0.07127496603011352
819,2016-02-01,0.017630739288140962
820,2016-02-02,-0.023665127270076525
821,2016-02-03,0.03972668330692963
822,2016-02-04,0.031369213866996315
823,2016-02-05,0.016529326461014904
824,2016-02-10,-0.03383509892411585
825,2016-02-11,-0.021679598771649822
826,2016-02-12,0.0436314976430725
827,2016-02-15,0.008744189793472135
828,2016-02-16,0.030720383303325605
829,2016-02-17,0.022722981442787837
830,2016-02-18,-0.023661531521252055
831,2016-02-19,-0.009433961588318773
832,2016-02-22,0.03309549310957083
833,2016-02-23,-0.02836732844049683
834,2016-02-24,-0.02652804529078434
835,2016-02-25,-0.0317409100030015
836,2016-02-26,0.0246926125903717
837,2016-02-29,0.014047263825605949
838,2016-03-01,0.007666544130874087
839,2016-03-02,0.005236788863296038
840,2016-03-03,0.043666970394176996
841,2016-03-04,0.04379939765319296
842,2016-03-07,0.017894149984625685
843,2016-03-08,-0.009661932694162711
844,2016-03-09,0.02134552853152094
845,2016-03-10,-0.0019025479537631007
846,2016-03-11,0.005907253527290823
847,2016-03-14,0.00983779791789452
848,2016-03-15,-0.02403149028585494
849,2016-03-16,-0.0008537246958897349
850,2016-03-17,0.012098204992007311
851,2016-03-18,0.03849008119637487
852,2016-03-21,0.011705522387700285
853,2016-03-22,0.02143785993270919
854,2016-03-23,-0.02888928895801879
855,2016-03-24,0.014648601164113817
856,2016-03-28,0.015418352329967355
857,2016-03-29,0.015956731012448433
858,2016-03-30,-0.007362967018046618
859,2016-03-31,-0.023613789300546806
860,2016-04-01,0.00753816312590283
861,2016-04-04,-0.025824616251830523
862,2016-04-05,0.0008108048367438947
863,2016-04-06,-0.030239823777321373
864,2016-04-07,-0.009653863114357897
865,2016-04-08,-0.001054942635708489
866,2016-04-11,0.0027406152153424124
867,2016-04-12,0.005249355886143725
868,2016-04-13,0.06408030098750528
869,2016-04-14,0.02808359222600343
870,2016-04-15,-0.008824131432759952
871,2016-04-18,-0.016905153227924075
872,2016-04-19,0.004106840580975213
873,2016-04-20,-0.008624181161142275
874,2016-04-22,-0.016273409492590485
875,2016-04-25,-0.021845488026185134
876,2016-04-26,0.025241116907681604
877,2016-04-27,-0.0019960685070934403
878,2016-04-28,0.0059760936614150495
879,2016-04-29,0.005150625542303278
880,2016-05-02,0.022468406567840216
881,2016-05-03,-0.005035803883077339
882,2016-05-04,-0.014867214081921709
883,2016-05-05,-0.018298083753734318
884,2016-05-06,-0.012319675277220998
885,2016-05-09,-0.028234724914437237
886,2016-05-10,0.03309996864879183
887,2016-05-11,-0.0508144765811096
888,2016-05-12,-0.03816590625347471
889,2016-05-13,-0.02348319894348938
890,2016-05-16,-0.038994420582723066
891,2016-05-17,0.004226350503181209
892,2016-05-18,-0.016537112041065782
893,2016-05-19,-0.006692161606915992
894,2016-05-20,-0.016929086081262756
895,2016-05-23,-0.0029310963470199347
896,2016-05-24,0.020099913876499453
897,2016-05-25,-0.018389049514684785
898,2016-05-27,-0.004650675432293472
899,2016-05-30,-0.0012274213359111386
900,2016-05-31,-0.006407069724518877
901,2016-06-01,0.011796622277932212
902,2016-06-02,0.012383283315641869
903,2016-06-03,0.01864749228567808
904,2016-06-06,-0.0066540644754438105
905,2016-06-07,0.016083601577120632
906,2016-06-08,0.008876512486254207
907,2016-06-09,0.012250216897980781
908,2016-06-10,-0.004143675501095068
909,2016-06-13,-0.0025406180659723887
910,2016-06-14,-0.011630742338903488
911,2016-06-15,0.006064819007990163
912,2016-06-16,-0.00864186145878465
913,2016-06-17,0.027988388404982523
914,2016-06-20,0.03231876917036125
915,2016-06-21,0.008357229291527712
916,2016-06-22,-0.02348882691868104
917,2016-06-23,0.02807747262537097
918,2016-06-24,-0.014271797844406908
919,2016-06-27,-0.030308796580430286
920,2016-06-28,-0.001596897832151889
921,2016-06-29,0.03609855055850941
922,2016-06-30,0.028225907995464983
923,2016-07-01,0.013608524288113433
924,2016-07-04,-0.010188986794432697
925,2016-07-05,-0.002991433886670336
926,2016-07-06,-0.001713386546528639
927,2016-07-07,0.02120970190712157
928,2016-07-08,0.008567579042718876
929,2016-07-11,0.031137315830243484
930,2016-07-12,0.03449297280154573
931,2016-07-13,0.008343892398042563
932,2016-07-14,0.05562205765206185
933,2016-07-15,0.010364671572149042
934,2016-07-18,0.02589200996878649
935,2016-07-19,0.009124471095873332
936,2016-07-20,-0.02100507885967673
937,2016-07-21,-0.014554223176809877
938,2016-07-22,-0.00653717605431936
939,2016-07-25,0.005631807055448412
940,2016-07-26,-0.010929125278169138
941,2016-07-27,-0.014760397540444448
942,2016-07-28,-0.10991440677693554
943,2016-07-29,0.017888808298369696
944,2016-08-01,-0.025176774000132962
945,2016-08-02,-0.001463955133275352
946,2016-08-03,-0.0023048937067784436
947,2016-08-04,0.020555110093750883
948,2016-08-05,0.015093127324329547
949,2016-08-08,0.0030317759146560874
950,2016-08-09,0.00020183634414205898
951,2016-08-10,-0.004448965837293262
952,2016-08-11,0.034853672241495826
953,2016-08-12,0.037080417518172926
954,2016-08-15,0.016275712528207364
955,2016-08-16,-0.023848656781121136
956,2016-08-17,-0.0026641119721322326
957,2016-08-18,0.005700167492773467
958,2016-08-19,-0.004747896199477797
959,2016-08-22,-0.013801215801139133
960,2016-08-23,0.01646279539502693
961,2016-08-24,0.007188850686833614
962,2016-08-25,0.0007537403857296177
963,2016-08-26,-0.019207550292809294
964,2016-08-29,-0.006936463064234122
965,2016-08-30,-0.00795888879528528
966,2016-08-31,-0.01868845541007591
967,2016-09-01,0.012628403691150147
968,2016-09-02,0.029368416710269685
969,2016-09-05,-0.005154158589674829
970,2016-09-06,0.002866738650014078
971,2016-09-08,-0.006317662320126871
972,2016-09-09,-0.03956648139359853
973,2016-09-12,0.019783039240826472
974,2016-09-13,-0.0011759507315947104
975,2016-09-14,-0.005309244445382166
976,2016-09-15,0.003149608840895546
977,2016-09-16,-0.013255748555691671
978,2016-09-19,0.009711740190740503
979,2016-09-20,0.01565587734868723
980,2016-09-21,0.01904090569701289
981,2016-09-22,0.02836133319757117
982,2016-09-23,0.036367644170875124
983,2016-09-26,-0.002145138450898365
984,2016-09-27,-0.016964889818797957
985,2016-09-28,-0.00859155271114087
986,2016-09-29,-0.028490931844666
987,2016-09-30,0.0030177126734627358
988,2016-10-03,0.005259272126876713
989,2016-10-04,-0.02177912026177875
990,2016-10-05,0.027942142850653884
991,2016-10-06,0.0
992,2016-10-07,-0.012741413007073099
993,2016-10-10,0.03155423286403858
994,2016-10-11,-0.027601974063176105
995,2016-10-13,-0.0001878839079845207
996,2016-10-14,0.029980003073491357
997,2016-10-17,0.007266190139705309
998,2016-10-18,0.025023682380653334
999,2016-10-19,0.0007057879179006576
1000,2016-10-20,0.02008276715409263
1001,2016-10-21,0.01748118194428372
1002,2016-10-24,0.005928669859852853
1003,2016-10-25,-0.02064741910822665
1004,2016-10-26,-0.016164425997802212
1005,2016-10-27,0.01409333449179151
1006,2016-10-28,0.034304619469976316
1007,2016-10-31,0.018197325662926644
1008,2016-11-01,-0.03554225811972245
1009,2016-11-03,-0.016959687013180513
1010,2016-11-04,0.03397065721108561
1011,2016-11-07,0.03253120717096447
1012,2016-11-08,-0.005836608609985916
1013,2016-11-09,-0.0013016923624800114
1014,2016-11-10,-0.06040074586179234
1015,2016-11-11,-0.06835069002392569
1016,2016-11-14,-0.014174015471624113
1017,2016-11-16,0.043732799734023775
1018,2016-11-17,-0.04166889056719736
1019,2016-11-18,0.0005622224505090756
1020,2016-11-21,-0.004318020292678693
1021,2016-11-22,0.014383287094755559
1022,2016-11-23,0.009230267091842492
1023,2016-11-24,0.058525494241170595
1024,2016-11-25,-0.021724785731387364
1025,2016-11-28,0.0033596176648273968
1026,2016-11-29,-0.03869132110931739
1027,2016-11-30,0.0018331444516239692
1028,2016-12-01,-0.07509457593945745
1029,2016-12-02,-0.02701520941669644
1030,2016-12-05,-0.005899742651211515
1031,2016-12-06,0.02776840473384201
1032,2016-12-07,0.008497255044718877
1033,2016-12-08,-0.01526749211080869
1034,2016-12-09,0.048932907421020744
1035,2016-12-12,-0.030129760477904277
1036,2016-12-13,0.02917795683745794
1037,2016-12-14,-0.02917795683745794
1038,2016-12-15,0.025744225878785
1039,2016-12-16,0.030302440569355493
1040,2016-12-19,-0.015883712576886033
1041,2016-12-20,-0.02730479892788562
1042,2016-12-21,0.010781794753039087
1043,2016-12-22,0.007250499300115898
1044,2016-12-23,0.00908416542213164
1045,2016-12-26,0.0045112481675269045
1046,2016-12-27,-0.006019581758386128
1047,2016-12-28,0.021281352163401213
1048,2016-12-29,0.011204102981086983
1049,2017-01-02,-0.00420976186827815
1050,2017-01-03,0.039559293026005804
1051,2017-01-04,-0.010456453084445094
1052,2017-01-05,-0.0008911683802201864
1053,2017-01-06,0.004448010022009008
1054,2017-01-09,-0.009274205693404092
1055,2017-01-10,-0.003050733635716618
1056,2017-01-11,0.008233427795465431
1057,2017-01-12,0.055979337102283644
1058,2017-01-13,-0.01699853892709058
1059,2017-01-16,-0.0030906616947374843
1060,2017-01-17,-0.008288840411237786
1061,2017-01-18,-0.018021641217147
1062,2017-01-19,-0.0010598305084972282
1063,2017-01-20,0.011073089579375583
1064,2017-01-23,0.02809320493226153
1065,2017-01-24,0.010986369085672187
1066,2017-01-26,0.018486595253058624
1067,2017-01-27,-0.02286668978309425
1068,2017-01-30,-0.020985159742454407
1069,2017-01-31,-0.001035035464448164
1070,2017-02-01,-0.01232973866096021
1071,2017-02-02,0.00418485349902209
1072,2017-02-03,0.022708699503826146
1073,2017-02-06,-0.00768382498428366
1074,2017-02-07,-0.012591783337185802
1075,2017-02-08,0.011905895101397945
1076,2017-02-09,-0.009132466410613382
1077,2017-02-10,0.002420471444524175
1078,2017-02-13,-0.006583547744731355
1079,2017-02-14,-0.0024364787973345514
1080,2017-02-15,0.026140800837963774
1081,2017-02-16,-0.007839150506878667
1082,2017-02-17,-0.008591117984701135
1083,2017-02-20,0.0008624235044027984
1084,2017-02-21,0.026541214059180973
1085,2017-02-22,-0.0064005776335367415
1086,2017-02-23,-0.018418017537606524
1087,2017-02-24,-0.011250607733251705
1088,2017-03-01,0.0034752597059695134
1089,2017-03-02,-0.004345943238448946
1090,2017-03-03,0.014699754277084587
1091,2017-03-06,-0.015048264464916805
1092,2017-03-07,-0.006995498911130937
1093,2017-03-08,-0.031737357670770905
1094,2017-03-09,-0.01643876287530821
1095,2017-03-10,0.008253160172926766
1096,2017-03-13,0.03252467057204633
1097,2017-03-14,-0.02343369887079394
1098,2017-03-15,0.022549237851922754
1099,2017-03-16,0.0033566501206054866
1100,2017-03-17,0.006153830409210137
1101,2017-03-20,0.025782239566475518
1102,2017-03-21,-0.012375561757876241
1103,2017-03-22,0.0517342046092244
1104,2017-03-23,0.021928970806387227
1105,2017-03-24,-0.01554440289001402
1106,2017-03-27,0.007802364219302582
1107,2017-03-28,0.0
1108,2017-03-29,
1109,2017-03-30,
1110,2017-03-31,-0.021400059463094756
1111,2017-04-03,0.007294511848285445
1112,2017-04-04,-0.0011569292893298666
1113,2017-04-05,-0.007302970216833238
1114,2017-04-06,-0.010045271226844399
1115,2017-04-07,0.0010091154403397695
1116,2017-04-10,0.0010080141897885753
1117,2017-04-11,-0.017618633390744876
1118,2017-04-12,-0.004968690124247388
1119,2017-04-13,-0.0027519796736603652
1120,2017-04-17,0.04397233316893878
1121,2017-04-18,0.025387889592142443
1122,2017-04-19,0.021776240318408746
1123,2017-04-20,0.013741705824891426
1124,2017-04-24,-0.015315238825780675
1125,2017-04-25,0.009872320482146257
1126,2017-04-26,0.0034246765813117364
1127,2017-04-27,0.01847635301419448
1128,2017-04-28,0.09037459866343234
1129,2017-05-02,0.01727158650866034
1130,2017-05-03,-0.01379332213233564
1131,2017-05-04,-0.010050349882682497
1132,2017-05-05,0.009911423566202338
1133,2017-05-08,-0.0037575300195307193
1134,2017-05-09,0.007639401103843646
1135,2017-05-10,0.018235934777028895
1136,2017-05-11,-0.005859524998585108
1137,2017-05-12,0.009521358590199647
1138,2017-05-15,0.008492293232982284
1139,2017-05-16,0.02649161544697609
1140,2017-05-17,-0.0254183392649745
1141,2017-05-18,-0.11467045390570707
1142,2017-05-19,0.0211285648948758
1143,2017-05-22,-0.021278982222032283
1144,2017-05-23,0.033861460130357734
1145,2017-05-24,0.014004430236465026
1146,2017-05-25,-0.016479109423540805
1147,2017-05-26,0.031420731794621126
1148,2017-05-29,0.0
1149,2017-05-30,-0.012221282841386127
1150,2017-05-31,-0.013821109231607842
1151,2017-06-01,-0.004067495439380231
1152,2017-06-02,-0.00029111953090588116
1153,2017-06-05,-0.005401896563807185
1154,2017-06-06,0.0027776058027120243
1155,2017-06-07,0.03161178520153207
1156,2017-06-08,-0.006100607958078541
1157,2017-06-09,-0.02172271291030725
1158,2017-06-12,0.0
1159,2017-06-13,-0.010085622141465578
1160,2017-06-14,-0.0067806715665623685
1161,2017-06-15,0.0
1162,2017-06-16,-0.02349528169903259
1163,2017-06-19,-0.007142359918737462
1164,2017-06-20,-0.02736509959876532
1165,2017-06-21,-0.01277715929185419
1166,2017-06-22,0.015125528277160072
1167,2017-06-23,-0.0054881047625334745
1168,2017-06-26,0.008610683339038694
1169,2017-06-27,-0.021906226241173776
1170,2017-06-28,0.02657178684008432
1171,2017-06-29,-0.0015527798753804944
1172,2017-06-30,0.012355431307137899
1173,2017-07-03,-0.022821792733114243
1174,2017-07-04,-0.0007854685755699364
1175,2017-07-05,0.006422830783196609
1176,2017-07-06,-0.008467997845108322
1177,2017-07-07,0.0036155034275573428
1178,2017-07-10,0.02922516392452046
1179,2017-07-11,0.012117612586464155
1180,2017-07-12,0.003606947048404585
1181,2017-07-13,0.01872537967109178
1182,2017-07-14,-0.0007363576388668136
1183,2017-07-17,-0.015442043468159028
1184,2017-07-18,-0.017053231621194875
1185,2017-07-19,-0.012405366606081714
1186,2017-07-20,0.017415655839466915
1187,2017-07-21,0.009195813790736196
1188,2017-07-24,0.03262521327342238
1189,2017-07-25,0.016565045923352173
1190,2017-07-26,0.021062309753459907
1191,2017-07-27,0.0027937439598550995
1192,2017-07-28,0.009993170879042168
1193,2017-07-31,0.0012420952189122758
1194,2017-08-01,0.011655915461830979
1195,2017-08-02,0.025174689014066942
1196,2017-08-03,-0.009752304997583394
1197,2017-08-04,0.00013426404657046476
1198,2017-08-07,0.0021454016771347284
1199,2017-08-08,-0.004564432557065956
1200,2017-08-09,-0.006479558482168635
1201,2017-08-10,-0.011578117960887369
1202,2017-08-11,-0.008254263571539688
1203,2017-08-14,0.007020511958467424
1204,2017-08-15,0.006835296418971737
1205,2017-08-16,-0.001499775286241345
1206,2017-08-17,-0.006570906644319585
1207,2017-08-18,0.005205546001407768
1208,2017-08-21,-0.00273640887674631
1209,2017-08-22,0.02449550702485581
1210,2017-08-23,-0.0024093170906729355
1211,2017-08-24,0.009071566649775598
1212,2017-08-25,-0.028694701084153174
1213,2017-08-28,0.0016387140198528272
1214,2017-08-29,0.010586404443013286
1215,2017-08-30,-0.02280426500921795
1216,2017-08-31,-0.005679134316404877
1217,2017-09-01,0.0011106762367747436
1218,2017-09-04,-0.020466077245794523
1219,2017-09-05,0.016434080097448955
1220,2017-09-06,0.029783276800852576
1221,2017-09-07,0.0
1222,2017-09-08,0.009153382356126727
1223,2017-09-11,0.014235589868299314
1224,2017-09-12,0.00474435539180007
1225,2017-09-13,-0.01150420621586612
1226,2017-09-14,-0.008414126435916103
1227,2017-09-15,0.00868004398890676
1228,2017-09-18,0.0402634537687252
1229,2017-09-19,0.014957814118027102
1230,2017-09-20,-0.0015109798515364758
1231,2017-09-21,-0.018183487721953995
1232,2017-09-22,0.002050968596164715
1233,2017-09-25,-0.023188978842743957
1234,2017-09-26,0.00457665380156147
1235,2017-09-27,-0.013793374679990755
1236,2017-09-28,-0.009569464625228008
1237,2017-09-29,0.0016013214310772739
1238,2017-10-02,0.0011992273060705827
1239,2017-10-03,0.05038070533014505
1240,2017-10-04,0.012208332129415744
1241,2017-10-05,-0.0086689655445511
1242,2017-10-06,-0.011293806919437266
1243,2017-10-09,0.0024217970559101687
1244,2017-10-10,0.023278798166678882
1245,2017-10-11,0.005581360225405341
1246,2017-10-12,0.0
1247,2017-10-13,-0.040383985934651534
1248,2017-10-16,-0.007886794881155623
1249,2017-10-17,-0.002469336510259268
1250,2017-10-18,0.03892043384363664
1251,2017-10-19,0.0032488094332352446
1252,2017-10-20,-0.001998052562871777
1253,2017-10-23,-0.018928009885518016
1254,2017-10-24,0.01479445350035924
1255,2017-10-25,0.00012553498762013504
1256,2017-10-26,-0.0035202198343355917
1257,2017-10-27,0.0035202198343355917
1258,2017-10-30,-0.03486279197780995
1259,2017-10-31,-0.00979439797601156
1260,,
