,Time,Returns_RENT3
0,2012-10-02,-0.005041682582948237
1,2012-10-03,0.010612539605403981
2,2012-10-04,-0.04256131477153513
3,2012-10-05,0.025751652503589906
4,2012-10-08,0.026759053449729286
5,2012-10-09,-0.0102280559328638
6,2012-10-10,-0.013427635652114578
7,2012-10-11,0.008692696554561063
8,2012-10-15,-0.0033543012267531758
9,2012-10-16,-0.016952149527417415
10,2012-10-17,-0.026268090440769054
11,2012-10-18,0.011921095938458581
12,2012-10-19,0.0025967428033633055
13,2012-10-22,0.00632356073334206
14,2012-10-23,0.0031468480261915843
15,2012-10-24,-0.02048277555807143
16,2012-10-25,-0.003212073556372985
17,2012-10-26,0.008154883156787474
18,2012-10-29,-0.004069128836515112
19,2012-10-30,0.016174816471796305
20,2012-10-31,0.019858156522940096
21,2012-11-01,0.024968971037705234
22,2012-11-05,-0.009636545102316596
23,2012-11-06,0.012372373728844366
24,2012-11-07,-0.0005483876937018017
25,2012-11-08,-0.03845555301217596
26,2012-11-09,0.009613091633856818
27,2012-11-12,-0.030568809890358928
28,2012-11-13,0.04592675844783489
29,2012-11-14,-0.01648161668665571
30,2012-11-16,0.013152421356305677
31,2012-11-19,0.01462626721836724
32,2012-11-21,-0.01046640278003741
33,2012-11-22,-0.007503347912159786
34,2012-11-23,0.0038981342450652434
35,2012-11-26,-0.002502823038634805
36,2012-11-27,0.004999397589711574
37,2012-11-28,0.004700780239033975
38,2012-11-29,-0.0033144790698855786
39,2012-11-30,-0.016184086759198912
40,2012-12-03,0.0263728274861057
41,2012-12-04,-0.008252957269824446
42,2012-12-05,-0.00971679342237275
43,2012-12-06,-0.004191106079241447
44,2012-12-07,0.013907899501614196
45,2012-12-10,0.014807069166908882
46,2012-12-11,-0.005186770197327828
47,2012-12-12,0.0040968512115417965
48,2012-12-13,0.009222036537976042
49,2012-12-14,-0.0016205632274672865
50,2012-12-17,0.004586716124053147
51,2012-12-18,0.009375314203993845
52,2012-12-19,0.007968000715797618
53,2012-12-20,-0.0015879857508105388
54,2012-12-21,-0.006912296702566767
55,2012-12-26,-0.0034770858032886487
56,2012-12-27,0.011449282821580198
57,2012-12-28,-0.00957654846080569
58,2013-01-02,0.02975237871806824
59,2013-01-03,-0.006507399651284107
60,2013-01-04,0.004168110134787462
61,2013-01-07,-0.02288025934079796
62,2013-01-08,0.0002668934499689968
63,2013-01-09,-0.01473673702641598
64,2013-01-10,-0.004327106893763588
65,2013-01-11,-0.018879900030147834
66,2013-01-14,-0.005539994426227768
67,2013-01-15,0.0013863494683907795
68,2013-01-16,-0.016500065473148418
69,2013-01-17,0.0025338402147041528
70,2013-01-18,-0.0028167492138959638
71,2013-01-21,0.005907032461443862
72,2013-01-22,0.031467797549890264
73,2013-01-23,0.01188586917604706
74,2013-01-24,-0.022814577563818883
75,2013-01-28,-0.005509502193385085
76,2013-01-29,0.010988785896352216
77,2013-01-30,-0.011265910901362197
78,2013-01-31,0.011265910901362197
79,2013-02-01,-0.00273582862652777
80,2013-02-04,0.010626942760323388
81,2013-02-05,0.024103244165448956
82,2013-02-06,0.01835618930552041
83,2013-02-07,-0.005209411882704185
84,2013-02-08,-0.020849267798734417
85,2013-02-13,0.0224143161142214
86,2013-02-14,-0.011539709297206269
87,2013-02-15,-0.009540765925623695
88,2013-02-18,-0.006681273970783774
89,2013-02-19,-0.01458312182340249
90,2013-02-20,-0.007097141647059324
91,2013-02-21,-0.011019056965298368
92,2013-02-22,0.01920431027663083
93,2013-02-25,0.0016285150346075916
94,2013-02-26,0.023859688004192137
95,2013-02-27,0.00659901279692221
96,2013-02-28,-0.012178092101036597
97,2013-03-01,0.0013295161845161552
98,2013-03-04,0.008213670511966864
99,2013-03-05,-0.010609867192646671
100,2013-03-06,-0.010723615000705955
101,2013-03-07,-0.014387902362343219
102,2013-03-08,0.008438732601498966
103,2013-03-11,0.005408174478652938
104,2013-03-12,-0.002157913824948121
105,2013-03-13,0.0013488772120782144
106,2013-03-14,-0.006226651389222848
107,2013-03-15,-0.0008148710103497159
108,2013-03-18,0.008929316664492593
109,2013-03-19,-0.009471783761558328
110,2013-03-20,-0.014244321814469885
111,2013-03-21,0.004130806580581847
112,2013-03-22,0.00547928370296713
113,2013-03-25,-0.016528780322579983
114,2013-03-26,0.013792951696052214
115,2013-03-27,0.00273582862652777
116,2013-03-28,-0.013754885591826138
117,2013-04-01,-0.00834475175320959
118,2013-04-02,-0.005605162319197277
119,2013-04-03,-0.005633642926292204
120,2013-04-04,0.005633642926292204
121,2013-04-05,-0.002809717536967682
122,2013-04-08,0.002530987319018685
123,2013-04-09,-0.009033530074485707
124,2013-04-10,-0.01197792949440446
125,2013-04-11,-0.02381185618174575
126,2013-04-12,-0.0053045890087752845
127,2013-04-15,-0.019386857257909895
128,2013-04-16,0.008695735718902586
129,2013-04-17,-0.005688314378098802
130,2013-04-18,-0.0027085957232482194
131,2013-04-19,0.04648195655239329
132,2013-04-22,-0.003457020201237615
133,2013-04-23,0.03458469790198304
134,2013-04-24,0.008875080069767893
135,2013-04-25,-0.027434520499099335
136,2013-04-26,
137,2013-04-29,
138,2013-04-30,0.01042413539193321
139,2013-05-02,-0.013955429381600215
140,2013-05-03,-0.010501709069739018
141,2013-05-06,-0.006958727089838579
142,2013-05-07,0.020142122418127517
143,2013-05-08,0.001782722505534906
144,2013-05-09,-0.01285630897415535
145,2013-05-10,0.006899229701976761
146,2013-05-13,0.00387740643125678
147,2013-05-14,-0.010173296900883422
148,2013-05-15,-0.000903565036010967
149,2013-05-16,-0.0006039164262188201
150,2013-05-17,0.006006813208722317
151,2013-05-20,0.010426568060532215
152,2013-05-21,0.03579520888405696
153,2013-05-22,0.014755122986769731
154,2013-05-23,-0.009907148659084708
155,2013-05-24,0.0017041767368186633
156,2013-05-27,-0.008556301196081861
157,2013-05-28,-0.005168653834167536
158,2013-05-29,-0.021242098372602047
159,2013-05-31,-0.03562925668059336
160,2013-06-03,-0.004889138798193748
161,2013-06-04,0.02897923606293462
162,2013-06-05,-0.03358216194965191
163,2013-06-06,0.0061357493289322385
164,2013-06-07,-0.023203334258810937
165,2013-06-10,-0.011017265020958789
166,2013-06-11,-0.015949677064538648
167,2013-06-12,0.0006446822738168656
168,2013-06-13,0.020670138821173634
169,2013-06-14,-0.020670138821173634
170,2013-06-17,-0.013588042518970944
171,2013-06-18,0.0
172,2013-06-19,-0.031096130681270928
173,2013-06-20,0.011359647766535197
174,2013-06-21,-0.019795825699312708
175,2013-06-24,0.011455336017692552
176,2013-06-25,0.04262952396510489
177,2013-06-26,0.023163328255522142
178,2013-06-27,0.013709083597542193
179,2013-06-28,-0.0212667107913731
180,2013-07-01,-0.03734932037131378
181,2013-07-02,-0.015875367857058453
182,2013-07-03,0.008298976368572575
183,2013-07-04,0.018018195585018493
184,2013-07-05,-0.015376726474721103
185,2013-07-08,0.023782219812188643
186,2013-07-10,-0.003545724720384058
187,2013-07-11,0.028662960884139554
188,2013-07-12,-0.027049401212020374
189,2013-07-15,0.006431693680102768
190,2013-07-16,-0.006431693680102768
191,2013-07-17,0.01916897286483099
192,2013-07-18,0.011017265020958789
193,2013-07-19,0.005617053337528155
194,2013-07-22,-0.000624377889848482
195,2013-07-23,0.021566974167110065
196,2013-07-24,-0.021877673848934798
197,2013-07-25,0.005594174424562226
198,2013-07-26,
199,2013-07-29,
200,2013-07-30,0.007367397508013518
201,2013-07-31,-0.0061357493289322385
202,2013-08-01,0.0009203450167101224
203,2013-08-02,-0.021124766620358226
204,2013-08-05,0.006260588237680054
205,2013-08-06,0.007770204075687737
206,2013-08-07,-0.0009301865032504963
207,2013-08-08,0.013849469996211727
208,2013-08-09,0.008522111634177598
209,2013-08-12,-0.003036876616003159
210,2013-08-13,0.016578847340879665
211,2013-08-14,-0.0278893915450249
212,2013-08-15,-0.01955343963382994
213,2013-08-16,-0.014207991026702782
214,2013-08-19,-0.006380402893897408
215,2013-08-20,-0.02429318830695193
216,2013-08-21,0.016260854029003458
217,2013-08-22,0.0032192958002923433
218,2013-08-23,0.023516836223641757
219,2013-08-26,0.00501320137129424
220,2013-08-27,-0.03757173647865164
221,2013-08-28,-0.011750917631403901
222,2013-08-29,0.01595976104270802
223,2013-08-30,0.017297473439221722
224,2013-09-02,0.01293681443144612
225,2013-09-03,0.006247485453096058
226,2013-09-04,-0.006876398472235312
227,2013-09-05,-0.002199248789802155
228,2013-09-06,0.012188091212236962
229,2013-09-09,0.02454093105068278
230,2013-09-10,0.0060398677136821455
231,2013-09-11,-0.024699190144708005
232,2013-09-12,0.00646252674959058
233,2013-09-13,0.0061169929535696
234,2013-09-16,-0.0006116198349075397
235,2013-09-17,0.008204820875307384
236,2013-09-18,0.015015590673189028
237,2013-09-19,0.005944259997213486
238,2013-09-20,-0.022775567128942242
239,2013-09-23,0.01534048044918812
240,2013-09-24,0.0059500175538325095
241,2013-09-25,-0.0011878609392979023
242,2013-09-26,0.0026729300652195143
243,2013-09-27,-0.001485069125921612
244,2013-09-30,-0.023112705862960325
245,2013-10-01,0.004546166534765916
246,2013-10-02,0.003317793042933559
247,2013-10-03,-0.007255093864267259
248,2013-10-04,-0.005784519228313023
249,2013-10-07,0.0163495564005971
250,2013-10-08,0.01638123759361587
251,2013-10-09,0.02480002555340821
252,2013-10-10,-0.01451434370857907
253,2013-10-11,0.02169333270584639
254,2013-10-14,0.009963418181529349
255,2013-10-15,-0.004256615010913123
256,2013-10-16,0.026669376713604365
257,2013-10-17,-0.006115136923893871
258,2013-10-18,-0.008676216406755088
259,2013-10-21,0.01340302497457202
260,2013-10-22,0.0074632909496643585
261,2013-10-23,-0.015819532359545807
262,2013-10-24,0.0
263,2013-10-25,0.0013970663882938439
264,2013-10-28,0.005571804035117811
265,2013-10-29,0.0027756993425467336
266,2013-10-30,0.005522635358923278
267,2013-10-31,0.010960385195321276
268,2013-11-01,-0.06763098666439626
269,2013-11-04,-0.0014612391589330365
270,2013-11-05,-0.0026307913419691964
271,2013-11-06,-0.01682516622043373
272,2013-11-07,-0.009573509020094129
273,2013-11-08,-0.008147137056701226
274,2013-11-11,0.002116815129634908
275,2013-11-12,-0.010638926763812506
276,2013-11-13,0.0009173665169495138
277,2013-11-14,0.02294065527086042
278,2013-11-18,0.01745329683395136
279,2013-11-19,-0.01775104468440114
280,2013-11-21,-0.0074908131272706235
281,2013-11-22,0.01136356685745632
282,2013-11-25,0.013878290954215444
283,2013-11-26,0.0
284,2013-11-27,-0.01775104468440114
285,2013-11-28,0.0074350866797541215
286,2013-11-29,0.0011846609129206875
287,2013-12-02,0.006195645632788516
288,2013-12-03,-0.04205035121008116
289,2013-12-04,-0.01483200746602531
290,2013-12-05,0.019424058030232505
291,2013-12-06,0.0042645987927816265
292,2013-12-09,0.008174347408339777
293,2013-12-10,-0.012438946201121404
294,2013-12-11,-0.014454455459091964
295,2013-12-12,0.006484464740944773
296,2013-12-13,-0.006484464740944773
297,2013-12-16,0.011703010151276061
298,2013-12-17,-0.0070688223475028344
299,2013-12-18,0.014388136156543663
300,2013-12-19,-0.006095139891923118
301,2013-12-20,0.0030522137800605975
302,2013-12-23,0.006986209174839608
303,2013-12-26,0.0003051309702999383
304,2013-12-27,0.0030208214653089094
305,2013-12-30,0.0015070746891714393
306,2014-01-02,-0.0133441786889823
307,2014-01-03,0.019651426039632547
308,2014-01-06,-0.020873730595718953
309,2014-01-07,-0.006747686162060784
310,2014-01-08,0.0033779401539399956
311,2014-01-09,-0.04229245869314324
312,2014-01-10,0.011136638586882519
313,2014-01-13,-0.014340485940943726
314,2014-01-14,0.0032038473540612067
315,2014-01-15,-0.001600640597845704
316,2014-01-16,-0.0016032067562155028
317,2014-01-17,0.0
318,2014-01-20,-0.004828486923887265
319,2014-01-21,0.009311642219294036
320,2014-01-22,0.013018945402713644
321,2014-01-23,0.0
322,2014-01-24,-0.025560314749442092
323,2014-01-27,-0.001618749645787787
324,2014-01-28,0.016074426539973707
325,2014-01-29,-0.025193205091443627
326,2014-01-30,0.0013077454561045698
327,2014-01-31,-0.003601344160415909
328,2014-02-03,-0.016529646213790272
329,2014-02-04,0.0
330,2014-02-05,0.0016645804828434585
331,2014-02-06,0.010265519038917148
332,2014-02-07,0.012763025264113548
333,2014-02-10,0.03231753326875886
334,2014-02-11,0.03222162811282203
335,2014-02-12,-0.0015249423893624048
336,2014-02-13,-0.04050410636345303
337,2014-02-14,0.01733659622338246
338,2014-02-17,-0.02628063643875489
339,2014-02-18,0.01843730395808052
340,2014-02-19,0.0031434002974664033
341,2014-02-20,0.0
342,2014-02-21,0.01093125638982384
343,2014-02-24,-0.005293294275058091
344,2014-02-25,-0.0059512313028520225
345,2014-02-26,-0.008198688444826185
346,2014-02-27,0.0015813956784018757
347,2014-02-28,-0.014970145538165003
348,2014-03-05,-0.015526228852272617
349,2014-03-06,0.005852276248739852
350,2014-03-07,-0.023276202334752583
351,2014-03-10,-0.0036563910601987715
352,2014-03-11,0.010268805836495254
353,2014-03-12,-0.0016516080960995438
354,2014-03-13,0.004939766790200473
355,2014-03-14,0.01790088774854315
356,2014-03-17,0.0016109602909968324
357,2014-03-18,0.009296790073662464
358,2014-03-19,0.014571185818798238
359,2014-03-20,0.003141792015091127
360,2014-03-21,-0.011667151770109907
361,2014-03-24,0.016667597144865987
362,2014-03-25,-0.004062831714100934
363,2014-03-26,-0.010389368994372816
364,2014-03-27,0.03268777583755478
365,2014-03-28,0.011571246397115154
366,2014-03-31,0.003024974683444537
367,2014-04-01,-0.01919914696727698
368,2014-04-02,0.0012301330877124705
369,2014-04-03,0.011000756133142886
370,2014-04-04,0.015083557538407621
371,2014-04-07,0.03269496940286665
372,2014-04-08,-0.014888094796625229
373,2014-04-09,-0.023510118971962868
374,2014-04-10,0.00839381665803618
375,2014-04-11,0.015116302313926688
376,2014-04-14,0.01343575405547659
377,2014-04-15,-0.020816060601185793
378,2014-04-16,0.023426988415498062
379,2014-04-17,0.008931362256945352
380,2014-04-22,0.0011468420905775822
381,2014-04-23,-0.007768142108172338
382,2014-04-24,0.01348321497754812
383,2014-04-25,-0.018404205031210985
384,2014-04-28,-0.022301129727107405
385,2014-04-29,0.005917983441367181
386,2014-04-30,-0.016357011418774547
387,2014-05-02,0.011924097103328979
388,2014-05-05,0.007380306545709203
389,2014-05-06,0.0005866226104869199
390,2014-05-07,-0.009748005347190336
391,2014-05-08,0.02085583672810465
392,2014-05-09,0.009834879181450873
393,2014-05-12,0.028937273931877616
394,2014-05-13,0.024585886546897306
395,2014-05-14,0.008151747413196908
396,2014-05-15,-0.0013535250477634264
397,2014-05-16,0.0121193662629695
398,2014-05-19,-0.022746734391131174
399,2014-05-20,-0.019078558581573812
400,2014-05-21,0.017434996971122274
401,2014-05-22,0.007924976459131372
402,2014-05-23,-0.029557601059122085
403,2014-05-26,0.004754453076577292
404,2014-05-27,-0.006716879387796748
405,2014-05-28,0.011171818669853284
406,2014-05-29,-0.0030584818184440365
407,2014-05-30,-0.010928046893528887
408,2014-06-02,-0.010761822222557171
409,2014-06-03,0.009352941984591023
410,2014-06-04,0.008147507836613777
411,2014-06-05,0.0055810370702182865
412,2014-06-06,0.014637300256809649
413,2014-06-09,0.014698618037741085
414,2014-06-10,0.0013495071516600454
415,2014-06-11,0.01446629982729375
416,2014-06-13,-0.024226141333606233
417,2014-06-16,0.011647833507477223
418,2014-06-17,0.002420608552120118
419,2014-06-18,0.020741020278681965
420,2014-06-20,-0.005277659732241258
421,2014-06-23,-0.018152599341339837
422,2014-06-24,0.01018477369210391
423,2014-06-25,-0.010453617587605546
424,2014-06-26,-0.0054045720408057996
425,2014-06-27,-0.009253977418326897
426,2014-06-30,-0.003560939843571642
427,2014-07-01,-0.018839536895644216
428,2014-07-02,0.006689946932360691
429,2014-07-03,0.011325185552636174
430,2014-07-04,0.005203273911578599
431,2014-07-07,-0.001366479930323905
432,2014-07-08,0.0038249624382995506
433,2014-07-10,-0.0019106524280578796
434,2014-07-11,0.002997492750051123
435,2014-07-14,0.02181517353622464
436,2014-07-15,-0.0072198675389687494
437,2014-07-16,0.001342913352045283
438,2014-07-17,-0.01675328174669355
439,2014-07-18,0.011916419878858164
440,2014-07-21,0.000271425423277627
441,2014-07-22,0.005366963044012518
442,2014-07-23,0.006671332987457923
443,2014-07-24,-0.0018616011885481676
444,2014-07-25,-0.0021342516970466185
445,2014-07-28,-0.009929414922058122
446,2014-07-29,-0.0010795221368380403
447,2014-07-30,-0.014686470272231134
448,2014-07-31,-0.010465394448070153
449,2014-08-01,0.010738587286203138
450,2014-08-04,-0.0016435616104515383
451,2014-08-05,0.004105227222857888
452,2014-08-06,-0.007403251157286572
453,2014-08-07,-0.002204682991064022
454,2014-08-08,0.011519632575907046
455,2014-08-11,0.003538563681992901
456,2014-08-12,0.006770701867421014
457,2014-08-13,0.009401335882394779
458,2014-08-14,0.0013382490212228149
459,2014-08-15,-0.0005356569868317784
460,2014-08-18,0.013007141475679607
461,2014-08-19,0.013878295296099186
462,2014-08-20,0.014205404799625843
463,2014-08-21,0.006389971812426065
464,2014-08-22,0.009886442649631011
465,2014-08-25,0.0012600528258017718
466,2014-08-26,-0.0015116711397924476
467,2014-08-27,0.01800456900995062
468,2014-08-28,-0.014983402770752718
469,2014-08-29,0.0027644275640503757
470,2014-09-01,0.010234160655438806
471,2014-09-02,-0.01905273335885793
472,2014-09-03,-0.002789027803234312
473,2014-09-04,-0.00406971908430398
474,2014-09-05,-0.007418098053853406
475,2014-09-08,-0.0231143813887682
476,2014-09-09,-0.024198218648184167
477,2014-09-10,0.020776891370416717
478,2014-09-11,0.003159123831141475
479,2014-09-12,-0.03939938087377337
480,2014-09-15,-0.0049321011609841925
481,2014-09-16,0.014183595718249897
482,2014-09-17,-0.005975974187186317
483,2014-09-18,-0.016483020554244554
484,2014-09-19,0.028939278990396833
485,2014-09-22,-0.023416643631473555
486,2014-09-23,-0.0019283348418706048
487,2014-09-24,0.007423601154076032
488,2014-09-25,-0.02778012972564836
489,2014-09-26,0.027233376130120668
490,2014-09-29,-0.0417034369658289
491,2014-09-30,0.01221362399257675
492,2014-10-01,-0.013928523685271976
493,2014-10-02,0.0005710086987025242
494,2014-10-03,0.004283885591271019
495,2014-10-06,0.059182463476661784
496,2014-10-07,0.006956828327334463
497,2014-10-08,0.0
498,2014-10-09,0.019803067609657
499,2014-10-10,-0.03268728136358945
500,2014-10-13,0.03790030503008879
501,2014-10-14,-0.0005190183205199261
502,2014-10-15,-0.03414463003358037
503,2014-10-16,-0.022599128524331658
504,2014-10-17,0.018823399648569605
505,2014-10-20,-0.013605809886211961
506,2014-10-21,-0.04913376020538607
507,2014-10-22,0.012867377582100215
508,2014-10-23,-0.06757420457212904
509,2014-10-24,0.038753172934219204
510,2014-10-27,0.03589840429758118
511,2014-10-28,-0.01649705754600328
512,2014-10-29,-0.01385973815047059
513,2014-10-30,0.011852274234366078
514,2014-10-31,0.026093646050086683
515,2014-11-03,-0.009000111214310547
516,2014-11-04,-0.005666386033339688
517,2014-11-05,-0.027066399312810407
518,2014-11-06,-0.02842155176354444
519,2014-11-07,0.041468625478377596
520,2014-11-10,-0.03250040594596637
521,2014-11-11,0.012129236254343034
522,2014-11-12,0.0014684879828483766
523,2014-11-13,-0.01627941049574133
524,2014-11-14,-0.026000750103773562
525,2014-11-17,0.011571246397115154
526,2014-11-18,0.015622582538749263
527,2014-11-19,0.01596771490220794
528,2014-11-21,0.050058466395748624
529,2014-11-24,-0.011503422218142045
530,2014-11-25,-0.02024332076635682
531,2014-11-26,0.02221515355458248
532,2014-11-27,-0.011330066238429914
533,2014-11-28,-0.011175512257184828
534,2014-12-01,-0.031014011178204903
535,2014-12-02,0.0065158454815614775
536,2014-12-03,0.0008863266368770439
537,2014-12-04,0.008810133019833799
538,2014-12-05,0.017680539659262084
539,2014-12-08,-0.02855566692973044
540,2014-12-09,0.02826901010594174
541,2014-12-10,-0.02679271587779164
542,2014-12-11,-0.02450226340015771
543,2014-12-12,-0.0027256133490767276
544,2014-12-15,-0.03236528450203169
545,2014-12-16,0.010285735776344396
546,2014-12-17,0.012019530009891977
547,2014-12-18,0.023617382465068726
548,2014-12-19,0.06627461128563938
549,2014-12-22,0.016939209940294297
550,2014-12-23,-0.003585379338653105
551,2014-12-26,-0.015313938569636587
552,2014-12-29,0.035013163197337605
553,2014-12-30,-0.038670148447958574
554,2015-01-02,-0.011042709711753584
555,2015-01-05,-0.042461439713489035
556,2015-01-06,0.02000323081632205
557,2015-01-07,0.010427090292755903
558,2015-01-08,-0.017148984689827618
559,2015-01-09,0.003512265298454942
560,2015-01-12,0.003500003021740472
561,2015-01-13,0.0026162548575854316
562,2015-01-14,0.021260197400235548
563,2015-01-15,0.006233338074481676
564,2015-01-16,0.016806395576270727
565,2015-01-19,-0.039376097280444444
566,2015-01-20,0.02538956856847152
567,2015-01-21,0.04435560797796079
568,2015-01-22,0.013914078089344528
569,2015-01-23,-0.042339629865252526
570,2015-01-26,0.02275063448989023
571,2015-01-27,-0.01364306361424239
572,2015-01-28,-0.025318741415834456
573,2015-01-29,0.017043342392653482
574,2015-01-30,-0.03037432153979136
575,2015-02-02,0.004842449503403401
576,2015-02-03,-0.005700416853839929
577,2015-02-04,-0.00601982955004754
578,2015-02-05,0.012573219725394491
579,2015-02-06,-0.0005695822372762116
580,2015-02-09,0.0028357192494659067
581,2015-02-10,-0.04342003775903169
582,2015-02-11,-0.02972871059850757
583,2015-02-12,0.005775701151947477
584,2015-02-13,0.03951003292133626
585,2015-02-18,-0.007309121940604513
586,2015-02-19,0.012248668585751243
587,2015-02-20,-0.004065213484737651
588,2015-02-23,-0.0008743331604090798
589,2015-02-24,0.0008743331604090798
590,2015-02-25,-0.0011650296764122992
591,2015-02-26,0.031832411660204674
592,2015-02-27,-0.012213097133542128
593,2015-03-02,-0.009183134801892479
594,2015-03-03,-0.00868764729173721
595,2015-03-04,-0.015831918132890088
596,2015-03-05,0.004717604823170074
597,2015-03-06,0.0017617651207277873
598,2015-03-09,-0.012407776256196712
599,2015-03-10,-0.022547690717623414
600,2015-03-11,0.026404362104527124
601,2015-03-12,-0.013113412380199474
602,2015-03-13,-0.004511989194559085
603,2015-03-16,0.008702529235914636
604,2015-03-17,0.018647863546346954
605,2015-03-18,0.03260085270228208
606,2015-03-19,-0.006551408757870192
607,2015-03-20,0.0
608,2015-03-23,0.006268259261406506
609,2015-03-24,0.01912255262665985
610,2015-03-25,-0.009799013415472402
611,2015-03-26,-0.01644728510076643
612,2015-03-27,-0.008615288779201258
613,2015-03-30,0.04869333240684215
614,2015-03-31,0.00820762153106358
615,2015-04-01,0.0051622912850515235
616,2015-04-02,0.011590990461642026
617,2015-04-06,0.033721619575051154
618,2015-04-07,-0.03104674687692821
619,2015-04-08,0.02559145165700283
620,2015-04-09,0.01010684116569971
621,2015-04-10,0.0005170148059896462
622,2015-04-13,-0.019519601569814693
623,2015-04-14,0.009677647519759969
624,2015-04-15,-0.0005221296995818747
625,2015-04-16,0.0013006899090863833
626,2015-04-17,-0.04521914259361681
627,2015-04-20,-0.006003671739398531
628,2015-04-22,0.0106187202872432
629,2015-04-23,0.025140627516660352
630,2015-04-24,-0.027851775348528562
631,2015-04-27,-0.020856689798396832
632,2015-04-28,-0.019039819072041553
633,2015-04-29,-0.015953826759985468
634,2015-04-30,0.008578438443784364
635,2015-05-04,0.004545942426596561
636,2015-05-05,-0.01226237730659685
637,2015-05-06,-0.008936910067483872
638,2015-05-07,-0.012819206696138341
639,2015-05-08,0.02462042203647874
640,2015-05-11,-0.026383295583217947
641,2015-05-12,0.006150270198353791
642,2015-05-13,0.014493346734827384
643,2015-05-14,0.00716870055796992
644,2015-05-15,-0.025169217346278305
645,2015-05-18,0.00029228334651332233
646,2015-05-19,-0.02491234005245957
647,2015-05-20,0.0009014265201101601
648,2015-05-21,-0.0009014265201101601
649,2015-05-22,-0.025856171621768453
650,2015-05-25,0.01619888328101382
651,2015-05-26,-0.032980368257705006
652,2015-05-27,0.016163266946141785
653,2015-05-28,-0.01147540230667543
654,2015-05-29,-0.006885041549370641
655,2015-06-01,0.012795494429568954
656,2015-06-02,0.005872520210363774
657,2015-06-03,0.0018496761518016491
658,2015-06-05,-0.0030836708116877
659,2015-06-08,-0.01086016255428035
660,2015-06-09,0.01086016255428035
661,2015-06-10,0.016226910642600956
662,2015-06-11,0.011473438966439709
663,2015-06-12,-0.00844250651352052
664,2015-06-15,-0.0042465527714203866
665,2015-06-16,-0.006405360238326718
666,2015-06-17,-0.00860593008577304
667,2015-06-18,0.009829325014368617
668,2015-06-19,-0.011373110773714945
669,2015-06-22,-0.00869083126446224
670,2015-06-23,-0.0015629913281176577
671,2015-06-24,-0.015418967223615798
672,2015-06-25,-0.005727626661687246
673,2015-06-26,-0.0060772560474067205
674,2015-06-29,-0.00482697118024511
675,2015-06-30,-0.011024475681949308
676,2015-07-01,0.02447760846151059
677,2015-07-02,-0.02447760846151059
678,2015-07-03,-0.010486293299794447
679,2015-07-06,0.005912298831602936
680,2015-07-07,-0.016845475310291125
681,2015-07-08,0.002326771039624642
682,2015-07-10,-0.004662439351155179
683,2015-07-13,-0.015140083258935011
684,2015-07-14,0.017807974582587427
685,2015-07-15,0.00033214763007105574
686,2015-07-16,0.011586058052542203
687,2015-07-17,-0.012918706016196602
688,2015-07-20,-0.01986244344494459
689,2015-07-21,0.0027167403580370397
690,2015-07-22,0.029075802608668155
691,2015-07-23,-0.07771216545019
692,2015-07-24,0.0039060664648875587
693,2015-07-27,-0.004620276114424282
694,2015-07-28,-0.01507564393893146
695,2015-07-29,0.005411918263998672
696,2015-07-30,-0.009033663321646568
697,2015-07-31,0.012622896470814382
698,2015-08-03,-0.02430759222012613
699,2015-08-04,0.017116234814085196
700,2015-08-05,0.0
701,2015-08-06,-0.04845039210962687
702,2015-08-07,-0.002274510739200153
703,2015-08-10,0.018440202401417416
704,2015-08-11,0.002974833132002086
705,2015-08-12,-0.011964731714087407
706,2015-08-13,-0.03405648360370428
707,2015-08-14,-0.031234767638565142
708,2015-08-17,0.01593440882443753
709,2015-08-18,-0.022381692283494736
710,2015-08-19,-0.009749433442829414
711,2015-08-20,-0.030247197256972225
712,2015-08-21,-0.000844110716604618
713,2015-08-24,-0.010153499737756366
714,2015-08-25,-0.02323742921553018
715,2015-08-26,0.016834894692574487
716,2015-08-27,0.03035582020724803
717,2015-08-28,0.0020734333628027457
718,2015-08-31,-0.07394435132503663
719,2015-09-01,-0.043783205014511495
720,2015-09-02,-0.015977337018808768
721,2015-09-03,0.03170331166549678
722,2015-09-04,-0.013398618371346593
723,2015-09-08,0.006488946981115351
724,2015-09-09,0.0009262309061450757
725,2015-09-10,-0.026197433391421665
726,2015-09-11,0.018782255504161238
727,2015-09-14,0.016146377126397216
728,2015-09-15,0.004569184466797438
729,2015-09-16,0.04324223890322365
730,2015-09-17,0.04604075459998169
731,2015-09-18,-0.06988353530448865
732,2015-09-21,0.022531668051215537
733,2015-09-22,0.06388324912425336
734,2015-09-23,0.0016381632891055986
735,2015-09-24,0.024650530615800914
736,2015-09-25,-0.018124368672305824
737,2015-09-28,0.006479564039442387
738,2015-09-29,-0.030755402262879983
739,2015-09-30,0.017749676279942506
740,2015-10-01,-0.030747718188774087
741,2015-10-02,0.035240151350603544
742,2015-10-05,0.03521367958231725
743,2015-10-06,-0.021059207370301092
744,2015-10-07,0.01593440882443753
745,2015-10-08,0.029213993801460614
746,2015-10-09,0.02127192811694023
747,2015-10-13,-0.023192390909186233
748,2015-10-14,-0.023346187437796484
749,2015-10-15,-0.019881752395855656
750,2015-10-16,0.01593440882443753
751,2015-10-19,0.007875049224356445
752,2015-10-20,-0.019803039061212502
753,2015-10-21,-0.024291487650532684
754,2015-10-22,0.00408835176106459
755,2015-10-23,0.04392265664592099
756,2015-10-26,0.005064876082140124
757,2015-10-27,-0.029982115013733157
758,2015-10-28,0.02100075723635264
759,2015-10-29,-0.029043611142728576
760,2015-10-30,0.04846209292758674
761,2015-11-03,0.02956052740842363
762,2015-11-04,0.0459766155767003
763,2015-11-05,0.040192660195904395
764,2015-11-06,-0.006532079254702783
765,2015-11-09,-0.03045652108117025
766,2015-11-10,-0.04063071211321345
767,2015-11-11,0.009579221797274329
768,2015-11-12,0.0003657586012093539
769,2015-11-13,0.022116167871548686
770,2015-11-16,-0.026892595795738217
771,2015-11-17,-0.0036885684704173194
772,2015-11-18,0.013222510878323046
773,2015-11-19,0.029475379587715622
774,2015-11-23,0.020684149259921902
775,2015-11-24,-0.012567898927289711
776,2015-11-25,-0.018442464613799725
777,2015-11-26,0.0021472635399613083
778,2015-11-27,-0.018018846411401057
779,2015-11-30,-0.03440264853514963
780,2015-12-01,-0.04503410695189691
781,2015-12-02,0.0086231381926134
782,2015-12-03,0.014723049245183084
783,2015-12-04,-0.049272068821018866
784,2015-12-07,0.0298535870361607
785,2015-12-08,-0.05232605721289518
786,2015-12-09,0.05232605721289518
787,2015-12-10,-0.019803039061212502
788,2015-12-11,-0.020610405108299368
789,2015-12-14,0.012577174941674762
790,2015-12-15,-0.004442726338072411
791,2015-12-16,0.004849096208223269
792,2015-12-17,0.02350219370474793
793,2015-12-18,-0.029568226233366968
794,2015-12-21,-0.0065102430643753095
795,2015-12-22,0.014588841593373036
796,2015-12-23,0.03323085043455132
797,2015-12-28,-0.019647386488779173
798,2015-12-29,-0.02939448240945408
799,2015-12-30,0.014200469118960335
800,2016-01-04,-0.06105278297923844
801,2016-01-05,0.024536792263770035
802,2016-01-06,0.009150389587166075
803,2016-01-07,-0.006232424752393939
804,2016-01-08,0.0
805,2016-01-11,0.0016655341032003612
806,2016-01-12,-0.0626511127490108
807,2016-01-13,0.005740254185101268
808,2016-01-14,0.017457757052372624
809,2016-01-15,-0.0320959678961521
810,2016-01-18,-0.021223716914757773
811,2016-01-19,-0.0050349626897223665
812,2016-01-20,-0.03168857137213754
813,2016-01-21,-0.014789931353438757
814,2016-01-22,-0.015493594641153852
815,2016-01-26,0.0038972759558162373
816,2016-01-27,0.028278583521048617
817,2016-01-28,-0.02197907763861151
818,2016-01-29,0.057720453526292737
819,2016-02-01,0.02343800969273646
820,2016-02-02,-0.020249525678959657
821,2016-02-03,0.013990796600378719
822,2016-02-04,0.008482483493628568
823,2016-02-05,-0.022473280094007286
824,2016-02-10,-0.02066800993628526
825,2016-02-11,-0.02442388633681114
826,2016-02-12,0.0009481438334590919
827,2016-02-15,-0.00047403440204041303
828,2016-02-16,0.03088829784120506
829,2016-02-17,0.0
830,2016-02-18,0.005053331248434212
831,2016-02-19,-0.01850798345965643
832,2016-02-22,0.08029133329573002
833,2016-02-23,-0.039563651851552084
834,2016-02-24,0.0062568878654167825
835,2016-02-25,0.037182440191372734
836,2016-02-26,-0.024780416814735418
837,2016-02-29,0.01181183063543001
838,2016-03-01,0.03798557235572275
839,2016-03-02,0.033355651448502055
840,2016-03-03,0.0228214670850706
841,2016-03-04,0.07949546215822245
842,2016-03-07,0.027053600797444677
843,2016-03-08,-0.003563638229318933
844,2016-03-09,-0.00358014661649797
845,2016-03-10,-0.007915663444310272
846,2016-03-11,-0.017862123982213873
847,2016-03-14,0.005138309922091189
848,2016-03-15,-0.017349992615001142
849,2016-03-16,0.017714832334259523
850,2016-03-17,0.04330683598562857
851,2016-03-18,0.03543963132497785
852,2016-03-21,0.003713147140565809
853,2016-03-22,-0.01322170901411912
854,2016-03-23,-0.019647182252730655
855,2016-03-24,-0.04375478519405096
856,2016-03-28,0.02477971913858079
857,2016-03-29,0.038622248308200824
858,2016-03-30,0.027268828271484136
859,2016-03-31,-0.013711168723265832
860,2016-04-01,0.019999686607684364
861,2016-04-04,-0.009281568382588645
862,2016-04-05,0.03662709605372383
863,2016-04-06,0.007360585941595499
864,2016-04-07,0.004135204853151109
865,2016-04-08,0.02662570231749628
866,2016-04-11,-0.008379808978915548
867,2016-04-12,0.03732440826657912
868,2016-04-13,-0.019714216829912257
869,2016-04-14,0.003973417387368006
870,2016-04-15,0.011525623646666538
871,2016-04-18,-0.020408936919268594
872,2016-04-19,-0.0003102970149111428
873,2016-04-20,0.017398431162820582
874,2016-04-22,-0.057923055788293265
875,2016-04-25,-0.01485826381878308
876,2016-04-26,0.06975226100202914
877,2016-04-27,0.03401236418044418
878,2016-04-28,0.0002925030996525635
879,2016-04-29,-0.0327892069875837
880,2016-05-02,0.03014683266652529
881,2016-05-03,-0.0002932771378794108
882,2016-05-04,0.014306790541108949
883,2016-05-05,-0.016960040082919736
884,2016-05-06,0.023608121312345798
885,2016-05-09,0.0008615230748447722
886,2016-05-10,0.03949935754894618
887,2016-05-11,-0.0008309917916302645
888,2016-05-12,0.01729143897052765
889,2016-05-13,-0.007372798117985191
890,2016-05-16,-0.03486689729401826
891,2016-05-17,-0.05274310941392901
892,2016-05-18,-0.003597573396165732
893,2016-05-19,0.017856786418611215
894,2016-05-20,0.0
895,2016-05-23,-0.018156380707116337
896,2016-05-24,0.015203226855294183
897,2016-05-25,-0.005935413034377834
898,2016-05-27,-0.027457884777475794
899,2016-05-30,-0.005213852309576605
900,2016-05-31,0.022201489850782075
901,2016-06-01,-0.0018079156041577171
902,2016-06-02,-0.004226035259220051
903,2016-06-03,0.024506438348971038
904,2016-06-06,-0.010981674358322646
905,2016-06-07,-0.03524181117873093
906,2016-06-08,0.027750998051460307
907,2016-06-09,0.008086157551594031
908,2016-06-10,-0.0032882174748536386
909,2016-06-13,-0.0038983457804198096
910,2016-06-14,-0.02679838012077873
911,2016-06-15,0.011660014085772996
912,2016-06-16,0.026195413742716944
913,2016-06-17,0.013285215807639972
914,2016-06-20,0.024049413337776215
915,2016-06-21,0.0510624979541916
916,2016-06-22,-0.057670478252756396
917,2016-06-23,0.01714240717879667
918,2016-06-24,-0.024952483804812076
919,2016-06-27,0.00028961511396863315
920,2016-06-28,0.02068996726050587
921,2016-06-29,-0.00828250270546027
922,2016-06-30,-0.010668063503310954
923,2016-07-01,0.008660599587206441
924,2016-07-04,-0.003454663023586324
925,2016-07-05,-0.045122175032993095
926,2016-07-06,0.007513339825294452
927,2016-07-07,0.00924059550539047
928,2016-07-08,0.028943363599000183
929,2016-07-11,-0.002020340389009778
930,2016-07-12,0.01348321497754812
931,2016-07-13,-0.003998578550389098
932,2016-07-14,0.015328644788819012
933,2016-07-15,0.019527343664041297
934,2016-07-18,0.019153347027901724
935,2016-07-19,0.005674917286017767
936,2016-07-20,-0.0062185887914676385
937,2016-07-21,-0.00298527950056382
938,2016-07-22,0.05373697099634356
939,2016-07-25,-0.011666495035974389
940,2016-07-26,-0.003917415057967055
941,2016-07-27,-0.0013119566542978411
942,2016-07-28,0.022037877707314912
943,2016-07-29,0.03278996264912637
944,2016-08-01,0.004702196787898405
945,2016-08-02,-0.016182317544498392
946,2016-08-03,0.019387546081992113
947,2016-08-04,0.01417816571722108
948,2016-08-05,0.02160846382529158
949,2016-08-08,-0.004046064111337344
950,2016-08-09,0.01936877067932752
951,2016-08-10,-0.003984392627253364
952,2016-08-11,0.02137652323971695
953,2016-08-12,-0.030340864053725713
954,2016-08-15,0.016450037762074654
955,2016-08-16,-0.021201183174553773
956,2016-08-17,0.0045147929671327525
957,2016-08-18,-0.0164912249777327
958,2016-08-19,-0.0016890163534903913
959,2016-08-22,-0.023691255135116496
960,2016-08-23,-0.00396017908294688
961,2016-08-24,0.0029710126419306704
962,2016-08-25,-0.016715012903792736
963,2016-08-26,-0.0025178604984730235
964,2016-08-29,0.020717618170632335
965,2016-08-30,0.00517433461837058
966,2016-08-31,-0.009382656455611205
967,2016-09-01,0.008153616247439377
968,2016-09-02,0.034105123272876625
969,2016-09-05,0.0035618529012602096
970,2016-09-06,0.021566974592876598
971,2016-09-08,0.004858329449823895
972,2016-09-09,-0.055761218485876896
973,2016-09-12,0.005353477491156777
974,2016-09-13,-0.024323600612558227
975,2016-09-14,-0.014527156931114948
976,2016-09-15,-0.001516719413214851
977,2016-09-16,0.008305474108877942
978,2016-09-19,0.009478619823453549
979,2016-09-20,0.026459865542630467
980,2016-09-21,0.00962341592141902
981,2016-09-22,-0.024972663945497242
982,2016-09-23,-0.0113582375789818
983,2016-09-26,-0.00447914981138986
984,2016-09-27,-0.006508655388906881
985,2016-09-28,0.004009555562912048
986,2016-09-29,-0.007529833681509945
987,2016-09-30,-0.0007568736782350705
988,2016-10-03,0.03151958008406197
989,2016-10-04,-0.0007313946995823883
990,2016-10-05,0.008520248007176878
991,2016-10-06,-0.006079221154057457
992,2016-10-07,0.011881242285593174
993,2016-10-10,-0.008958321633332655
994,2016-10-11,-0.00048530870688878736
995,2016-10-13,0.012089749258320293
996,2016-10-14,-0.01941793589934937
997,2016-10-17,-0.009850971711827583
998,2016-10-18,0.014741546407484929
999,2016-10-19,0.017408187138927556
1000,2016-10-20,0.020873783011486235
1001,2016-10-21,-0.04317254484607114
1002,2016-10-24,-0.04460679714811233
1003,2016-10-25,0.03994040674309618
1004,2016-10-26,-0.0151361596852011
1005,2016-10-27,-0.022755912953321022
1006,2016-10-28,0.025254364224564174
1007,2016-10-31,-0.011789336184524934
1008,2016-11-01,-0.04860156370393698
1009,2016-11-03,-0.0034493283541596753
1010,2016-11-04,0.013988218202715341
1011,2016-11-07,0.044348670610501184
1012,2016-11-08,-0.028741777898386722
1013,2016-11-09,-0.024822685431345803
1014,2016-11-10,-0.04573860408521879
1015,2016-11-11,-0.026091652068362947
1016,2016-11-14,-0.006560746890921454
1017,2016-11-16,0.0045680031028561
1018,2016-11-17,-0.04217731320920137
1019,2016-11-18,-0.001782722505534906
1020,2016-11-21,0.038821023913177655
1021,2016-11-22,0.04752007640789335
1022,2016-11-23,0.002453610063056555
1023,2016-11-24,-0.014261382278505152
1024,2016-11-25,-0.011112618987186185
1025,2016-11-28,-0.0011181428972428797
1026,2016-11-29,-0.07097124967288115
1027,2016-11-30,0.03972814918286316
1028,2016-12-01,-0.06434482798021612
1029,2016-12-02,0.008883801049103912
1030,2016-12-05,-0.02438829046954405
1031,2016-12-06,0.07580300143692487
1032,2016-12-07,0.033611472048991065
1033,2016-12-08,-0.008156675415272652
1034,2016-12-09,-0.011646891881349042
1035,2016-12-12,-0.03222687178034489
1036,2016-12-13,0.02333138567486115
1037,2016-12-14,-0.01979633215998655
1038,2016-12-15,-0.023503048526624326
1039,2016-12-16,-0.006643784139900966
1040,2016-12-19,0.005138136094796852
1041,2016-12-20,0.0030090009619043734
1042,2016-12-21,0.020529047998242955
1043,2016-12-22,-0.003540234349468374
1044,2016-12-23,0.019024395364279023
1045,2016-12-26,-0.014603366423095565
1046,2016-12-27,-0.003831633156215819
1047,2016-12-28,-0.02270083677925161
1048,2016-12-29,0.03327801876253211
1049,2017-01-02,0.020821561828583413
1050,2017-01-03,0.041211204816065106
1051,2017-01-04,0.0158046511986929
1052,2017-01-05,-0.015256846205469188
1053,2017-01-06,-0.0002739370611353209
1054,2017-01-09,0.011736899545636614
1055,2017-01-10,-0.00817397349647031
1056,2017-01-11,-0.004387755782645719
1057,2017-01-12,0.06926996917813044
1058,2017-01-13,-0.02046488479420905
1059,2017-01-16,-0.006039028055770945
1060,2017-01-17,-0.006072854705890585
1061,2017-01-18,-0.026847779837372077
1062,2017-01-19,0.006779765363754464
1063,2017-01-20,-0.004063457869526221
1064,2017-01-23,-0.00954235201668574
1065,2017-01-24,0.029691260216722082
1066,2017-01-26,0.022353926899352228
1067,2017-01-27,-0.011770605894679154
1068,2017-01-30,-0.033177173521255376
1069,2017-01-31,0.0024449443165459606
1070,2017-02-01,0.02730563297462041
1071,2017-02-02,0.029914040927847108
1072,2017-02-03,-0.019669139802457103
1073,2017-02-06,-0.040266841594238656
1074,2017-02-07,0.026847779837372077
1075,2017-02-08,0.03922079338757101
1076,2017-02-09,-0.016696265608722616
1077,2017-02-10,0.007483203210385092
1078,2017-02-13,0.0
1079,2017-02-14,0.040307496886027305
1080,2017-02-15,0.005664327866345076
1081,2017-02-16,-0.02410332557657524
1082,2017-02-17,-0.023154158847591866
1083,2017-02-20,0.01049872207013225
1084,2017-02-21,0.006092580617389043
1085,2017-02-22,-0.007878049249360863
1086,2017-02-23,0.007878049249360863
1087,2017-02-24,-0.024863204512699966
1088,2017-03-01,-0.004681907931439522
1089,2017-03-02,-0.01629966072503386
1090,2017-03-03,0.027709089349606142
1091,2017-03-06,0.005399077370477734
1092,2017-03-07,-0.0005143893883192696
1093,2017-03-08,-0.007209919287592292
1094,2017-03-09,-0.012740576118297486
1095,2017-03-10,0.051763362931181334
1096,2017-03-13,0.0007460724697812005
1097,2017-03-14,0.014788754930288306
1098,2017-03-15,0.02512871620391488
1099,2017-03-16,0.03654629851683344
1100,2017-03-17,-0.019980927723206143
1101,2017-03-20,0.021819767332938333
1102,2017-03-21,-0.027942288681352956
1103,2017-03-22,0.0
1104,2017-03-23,-0.008298025954889265
1105,2017-03-24,0.0
1106,2017-03-27,0.0023771722857510724
1107,2017-03-28,-0.0023771722857510724
1108,2017-03-29,-0.0004776140394291417
1109,2017-03-30,-0.005492622408155068
1110,2017-03-31,-0.0019183215706823908
1111,2017-04-03,0.0078885580182666
1112,2017-04-04,0.01535645870166924
1113,2017-04-05,0.017664764765481955
1114,2017-04-06,-0.010653262005205555
1115,2017-04-07,0.010191165397939184
1116,2017-04-10,-0.009028164333519939
1117,2017-04-11,0.006027863987024151
1118,2017-04-12,0.010349174441974807
1119,2017-04-13,-0.0025206982415677537
1120,2017-04-17,0.029380809163068733
1121,2017-04-18,-0.021840158355114436
1122,2017-04-19,-0.0027356742705899606
1123,2017-04-20,0.0020519009063697524
1124,2017-04-24,0.011549970164665968
1125,2017-04-25,-0.009273225596807322
1126,2017-04-26,-0.0004558989463201435
1127,2017-04-27,0.040768441635591124
1128,2017-04-28,0.03200678696678905
1129,2017-05-02,0.006743432484510148
1130,2017-05-03,0.013960884059651235
1131,2017-05-04,-0.02176153526922686
1132,2017-05-05,0.015435830011677254
1133,2017-05-08,0.016923792761658785
1134,2017-05-09,0.0025783856694885365
1135,2017-05-10,0.038931860763465664
1136,2017-05-11,-0.015600940117953765
1137,2017-05-12,0.004184127311865904
1138,2017-05-15,-0.003974547602473066
1139,2017-05-16,0.00146612240035493
1140,2017-05-17,-0.022862934880276242
1141,2017-05-18,-0.07328469889882028
1142,2017-05-19,-0.009491910158671235
1143,2017-05-22,-0.04252929640331082
1144,2017-05-23,0.028238295808863167
1145,2017-05-24,0.03364198362537474
1146,2017-05-25,-0.010550625271701364
1147,2017-05-26,0.011006738418295026
1148,2017-05-29,0.0
1149,2017-05-30,-0.009854554819734851
1150,2017-05-31,0.0013809438645866479
1151,2017-06-01,0.010979044534459081
1152,2017-06-02,0.0049920912045031685
1153,2017-06-05,-0.018043221228496886
1154,2017-06-06,0.004828127719954001
1155,2017-06-07,0.02177951357725183
1156,2017-06-08,-0.015377959864224966
1157,2017-06-09,0.005907719976947057
1158,2017-06-12,-0.013686299399614299
1159,2017-06-13,-0.003912143983925809
1160,2017-06-14,-0.009033043575497501
1161,2017-06-15,0.0
1162,2017-06-16,0.005105627183848327
1163,2017-06-19,0.022657978114881683
1164,2017-06-20,-0.0148184177393067
1165,2017-06-21,-0.025117646050255793
1166,2017-06-22,0.01519257923198536
1167,2017-06-23,0.018614739708416206
1168,2017-06-26,0.0171562225370665
1169,2017-06-27,-0.022177849216160617
1170,2017-06-28,0.006841508933421725
1171,2017-06-29,0.005665737535677451
1172,2017-06-30,0.020134952705843645
1173,2017-07-03,0.012107995622214762
1174,2017-07-04,-0.006145827138051008
1175,2017-07-05,0.006145827138051008
1176,2017-07-06,-0.006365974672137398
1177,2017-07-07,0.004613849826171634
1178,2017-07-10,0.005465091872308037
1179,2017-07-11,0.020071894747740515
1180,2017-07-12,0.017159662654338437
1181,2017-07-13,0.03913178476703294
1182,2017-07-14,-0.006687592189404512
1183,2017-07-17,-0.008781839344190523
1184,2017-07-18,0.009188446379609694
1185,2017-07-19,-0.004073345712839238
1186,2017-07-20,0.006306622405270357
1187,2017-07-21,0.04345488715379364
1188,2017-07-24,0.008699929124823758
1189,2017-07-25,-0.008699929124823758
1190,2017-07-26,0.0032954959222220026
1191,2017-07-27,0.006174127272647656
1192,2017-07-28,-0.002696534761830627
1193,2017-07-31,0.0009639326047583552
1194,2017-08-01,0.004613560618734525
1195,2017-08-02,0.01257878244659949
1196,2017-08-03,-0.023958980708495226
1197,2017-08-04,-0.008571998718495788
1198,2017-08-07,0.00371054033771534
1199,2017-08-08,0.0005846828522337866
1200,2017-08-09,0.03220512173520351
1201,2017-08-10,-0.02328343752643658
1202,2017-08-11,0.004046618836880622
1203,2017-08-14,-0.0015396847063948726
1204,2017-08-15,0.006335856969887921
1205,2017-08-16,0.024949319047948393
1206,2017-08-17,-0.00037343167324754845
1207,2017-08-18,0.029441003744621774
1208,2017-08-21,0.0009061894347484056
1209,2017-08-22,0.03208829643555866
1210,2017-08-23,0.0
1211,2017-08-24,0.025120437192167167
1212,2017-08-25,0.008008852623380136
1213,2017-08-28,0.011474982864158711
1214,2017-08-29,0.0055216739558376915
1215,2017-08-30,-0.010905250351358475
1216,2017-08-31,0.004544314889962209
1217,2017-09-01,0.010191400632886705
1218,2017-09-04,0.016976081490325257
1219,2017-09-05,0.010728305370289348
1220,2017-09-06,0.0020996858574031663
1221,2017-09-07,0.0
1222,2017-09-08,0.02028337524802737
1223,2017-09-11,0.008501326322672753
1224,2017-09-12,-0.0010979531947947763
1225,2017-09-13,-0.03302523868395468
1226,2017-09-14,-0.004715088695290248
1227,2017-09-15,0.005525773762534492
1228,2017-09-18,-0.010590762942100262
1229,2017-09-19,0.01898332336479669
1230,2017-09-20,-0.018328320879818172
1231,2017-09-21,0.010097789466470886
1232,2017-09-22,-0.011736027027520635
1233,2017-09-25,-0.009224278727158364
1234,2017-09-26,-0.013662308365923082
1235,2017-09-27,-0.013511436531769228
1236,2017-09-28,-0.013868914929355824
1237,2017-09-29,-0.005012559151563956
1238,2017-10-02,0.010857513044720157
1239,2017-10-03,0.028056597782525117
1240,2017-10-04,0.007472031381298372
1241,2017-10-05,-0.023770821291339672
1242,2017-10-06,-0.0037338468362841937
1243,2017-10-09,0.006440666332112599
1244,2017-10-10,0.0006755784809859833
1245,2017-10-11,-0.020985159742454407
1246,2017-10-12,0.0
1247,2017-10-13,-0.0032812221539888498
1248,2017-10-16,0.007410649836659289
1249,2017-10-17,-0.023277061947419853
1250,2017-10-18,0.0273894391598537
1251,2017-10-19,0.013587148677212113
1252,2017-10-20,-0.0047345202130157915
1253,2017-10-23,0.0
1254,2017-10-24,0.006756816132912569
1255,2017-10-25,-0.002528480023391566
1256,2017-10-26,-0.023566681709604076
1257,2017-10-27,0.019338345600083073
1258,2017-10-30,-0.01709443335930061
1259,2017-10-31,-0.002243912240782464
1260,,
