,Time,Returns_VIVT4
0,2012-10-02,-0.0024745272348378755
1,2012-10-03,-0.01680998723785354
2,2012-10-04,0.023769565126203762
3,2012-10-05,0.01883805173864861
4,2012-10-08,0.0010972320773441346
5,2012-10-09,-0.009919114758292213
6,2012-10-10,-0.0022176963035409614
7,2012-10-11,0.005535012001248063
8,2012-10-15,-0.013333484755407632
9,2012-10-16,0.01685899994194573
10,2012-10-17,-0.0013200236086152728
11,2012-10-18,-0.007296045829008335
12,2012-10-19,-0.012727981157834467
13,2012-10-22,-0.0026988615636325264
14,2012-10-23,-0.007464358369433377
15,2012-10-24,-0.011643970443696361
16,2012-10-25,0.008005401921221011
17,2012-10-26,-0.0004562913931644985
18,2012-10-29,0.007494872046076129
19,2012-10-30,0.013483297627160606
20,2012-10-31,0.004455078568580628
21,2012-11-01,0.010390169555944961
22,2012-11-05,-0.015069938076905043
23,2012-11-06,0.030996979524137824
24,2012-11-07,0.008406201301463856
25,2012-11-08,0.003427973914149174
26,2012-11-09,0.007246326559156024
27,2012-11-12,0.014756005968154629
28,2012-11-13,0.004174848471573789
29,2012-11-14,0.00020962249016331924
30,2012-11-16,-0.01300124522524504
31,2012-11-19,0.01300124522524504
32,2012-11-21,-0.004176033607054652
33,2012-11-22,0.0029237637600276756
34,2012-11-23,-0.0006256515287517139
35,2012-11-26,-0.03202492869060469
36,2012-11-27,-0.0021578875870504888
37,2012-11-28,0.010743105914400086
38,2012-11-29,0.007663278729770795
39,2012-11-30,-0.016248497057120392
40,2012-12-03,-0.017390173565061673
41,2012-12-04,-0.00881214263124619
42,2012-12-05,0.007714910553902055
43,2012-12-06,-0.001098551331247588
44,2012-12-07,0.0002189268443788528
45,2012-12-10,0.0013168358360551302
46,2012-12-11,0.0006600207281577397
47,2012-12-12,0.0010938021627171501
48,2012-12-13,0.015218043245288193
49,2012-12-14,0.009663546484405927
50,2012-12-17,0.0
51,2012-12-18,0.010626657954510677
52,2012-12-19,0.01469097378452311
53,2012-12-20,0.008298095772170111
54,2012-12-21,0.008846151928741719
55,2012-12-26,0.009172809096590573
56,2012-12-27,-0.013894568287444287
57,2012-12-28,0.008196069076347179
58,2013-01-02,0.012574102768552642
59,2013-01-03,0.010025746419003223
60,2013-01-04,0.0015948152029960916
61,2013-01-07,0.0
62,2013-01-08,0.003976779565422639
63,2013-01-09,-0.007969540822720056
64,2013-01-10,0.003593732419921558
65,2013-01-11,0.011886020997806224
66,2013-01-14,0.014857350527377466
67,2013-01-15,0.0011628586473104718
68,2013-01-16,0.016147466617400408
69,2013-01-17,0.002095062510537815
70,2013-01-18,-0.015339279967401254
71,2013-01-21,-0.024847791873016334
72,2013-01-22,-0.0055626586226389385
73,2013-01-23,0.008726973536724802
74,2013-01-24,-0.0023732930181439293
75,2013-01-28,-0.011947559400780516
76,2013-01-29,0.0020015827573360845
77,2013-01-30,-0.000199185580153749
78,2013-01-31,0.005583813012276728
79,2013-02-01,0.0075265745454244914
80,2013-02-04,0.0011828145162011694
81,2013-02-05,0.00039462182439509164
82,2013-02-06,-0.00296054464187101
83,2013-02-07,-0.003959017985986524
84,2013-02-08,0.0015858790572162995
85,2013-02-13,0.0
86,2013-02-14,-0.013562020499826133
87,2013-02-15,-0.030376026394950184
88,2013-02-18,-0.003526150292645358
89,2013-02-19,0.014640434481037357
90,2013-02-20,-0.014017771480446584
91,2013-02-21,0.0026951241990342822
92,2013-02-22,0.0035145553784130534
93,2013-02-25,0.0320761672557488
94,2013-02-26,0.024668322161676137
95,2013-02-27,0.024455394114111684
96,2013-02-28,-0.00821219508694293
97,2013-03-01,0.003063644322998993
98,2013-03-04,0.0038154449801162116
99,2013-03-05,-0.00879918755089193
100,2013-03-06,0.01827959396091927
101,2013-03-07,0.0056434185172689055
102,2013-03-08,0.006731876454376451
103,2013-03-11,0.008534691407288353
104,2013-03-12,-0.007790606910151432
105,2013-03-13,-0.009354233570955106
106,2013-03-14,-0.011342239527388998
107,2013-03-15,0.0015196011458478154
108,2013-03-18,-0.005902141556962892
109,2013-03-19,0.00533278093004208
110,2013-03-20,-0.0062882039884839536
111,2013-03-21,0.0015297675999996763
112,2013-03-22,0.0113852894991191
113,2013-03-25,-0.0020791947972860214
114,2013-03-26,0.00959730635125755
115,2013-03-27,0.00018652244002437257
116,2013-03-28,
117,2013-04-01,
118,2013-04-02,-0.008673460402967681
119,2013-04-03,-0.002084658296724662
120,2013-04-04,-0.005707873243950168
121,2013-04-05,-0.02708148955287948
122,2013-04-08,0.014791650074337248
123,2013-04-09,0.0007734509304428983
124,2013-04-10,0.008075177734684136
125,2013-04-11,-0.002110284435124843
126,2013-04-12,0.011259368492490207
127,2013-04-15,-0.023422457073387637
128,2013-04-16,0.01254734144825509
129,2013-04-17,-0.001151049882731403
130,2013-04-18,0.000575680598830175
131,2013-04-19,-0.004424670911818307
132,2013-04-22,0.021552572076021015
133,2013-04-23,0.00938935487056014
134,2013-04-24,-0.003745936353291235
135,2013-04-25,0.007663373354850567
136,2013-04-26,
137,2013-04-29,
138,2013-04-30,0.012113424958774655
139,2013-05-02,-0.0016938708855720463
140,2013-05-03,0.019410996861546792
141,2013-05-06,0.0009239242652188118
142,2013-05-07,-0.032851053985090584
143,2013-05-08,0.0113852894991191
144,2013-05-09,-0.003970018199806802
145,2013-05-10,0.007547905336461991
146,2013-05-13,0.00018725876117198226
147,2013-05-14,0.003377931033336168
148,2013-05-15,0.014322687554808144
149,2013-05-16,-0.008346385017189206
150,2013-05-17,0.0018608202843908295
151,2013-05-20,0.0011159457793428196
152,2013-05-21,0.004259652636442901
153,2013-05-22,-0.0003683502745763789
154,2013-05-23,0.012497683757219935
155,2013-05-24,-0.006046276762710967
156,2013-05-27,0.0051324822968359385
157,2013-05-28,0.004196248032088068
158,2013-05-29,-0.013564390595028009
159,2013-05-31,-0.029588976752268348
160,2013-06-03,0.011714384663366939
161,2013-06-04,0.016581383845047704
162,2013-06-05,-0.0024030437320106124
163,2013-06-06,-0.007437636442804152
164,2013-06-07,-0.009185967473652301
165,2013-06-10,0.0164371828673735
166,2013-06-11,-0.03391424985020475
167,2013-06-12,-0.009240663042102693
168,2013-06-13,0.015353984884439953
169,2013-06-14,-0.01149426564972611
170,2013-06-17,0.0019251952477969958
171,2013-06-18,0.010521219104021373
172,2013-06-19,-0.012252582705040371
173,2013-06-20,-0.04049286962267962
174,2013-06-21,-0.025395011602235673
175,2013-06-24,-0.006399211439060082
176,2013-06-25,0.006604153882617592
177,2013-06-26,0.002670845987991388
178,2013-06-27,0.013046307582998296
179,2013-06-28,0.01865700019161398
180,2013-07-01,-0.0057806588641255985
181,2013-07-02,-0.033750637746558176
182,2013-07-03,-0.006014455047007594
183,2013-07-04,0.0027008104121923893
184,2013-07-05,-0.01147621943135091
185,2013-07-08,0.00648495413945982
186,2013-07-10,-0.02064402984082836
187,2013-07-11,0.014579177836033352
188,2013-07-12,-0.01628558262651092
189,2013-07-15,0.014815455027036961
190,2013-07-16,0.015427907073811031
191,2013-07-17,-0.015427907073811031
192,2013-07-18,0.007534979604268965
193,2013-07-19,0.009132717593340889
194,2013-07-22,0.01659689801386488
195,2013-07-23,0.008901762945888958
196,2013-07-24,-0.023639713385141814
197,2013-07-25,-0.0012396284415361336
198,2013-07-26,
199,2013-07-29,
200,2013-07-30,0.003439135796735382
201,2013-07-31,-0.024332689192015255
202,2013-08-01,0.00309851701469821
203,2013-08-02,0.004530768560944143
204,2013-08-05,0.011437002794195017
205,2013-08-06,-0.02134747860393693
206,2013-08-07,0.0010369398954792608
207,2013-08-08,0.02152976676092777
208,2013-08-09,-0.007329413489243208
209,2013-08-12,0.009353976199393266
210,2013-08-13,0.0030323516399843875
211,2013-08-14,-0.0070877351836697855
212,2013-08-15,-0.004073971707186708
213,2013-08-16,-0.0022469325114164995
214,2013-08-19,-0.015876027653885405
215,2013-08-20,-0.015919516528140942
216,2013-08-21,0.008409682623693904
217,2013-08-22,-0.004825583268257105
218,2013-08-23,-0.0025287779842244618
219,2013-08-26,-0.012095927652225225
220,2013-08-27,-0.010731589366976824
221,2013-08-28,-0.010630816763157469
222,2013-08-29,0.009335877374894608
223,2013-08-30,0.0036653706947564757
224,2013-09-02,0.02235265210558346
225,2013-09-03,-0.023429818723433193
226,2013-09-04,0.028680088336781484
227,2013-09-05,0.010831245756007135
228,2013-09-06,0.012966783136129312
229,2013-09-09,0.029222052050008607
230,2013-09-10,0.0029751983416295147
231,2013-09-11,0.005921909442302198
232,2013-09-12,-0.018275596267362637
233,2013-09-13,0.012154381110990098
234,2013-09-16,0.010051219255847954
235,2013-09-17,-0.0025523382234879932
236,2013-09-18,-0.010870489395053529
237,2013-09-19,0.004164506985899763
238,2013-09-20,-0.01676304627953895
239,2013-09-23,0.0006032452144419942
240,2013-09-24,0.035173901030684185
241,2013-09-25,-0.02397481580941374
242,2013-09-26,0.008318315349521654
243,2013-09-27,-0.012702521177773818
244,2013-09-30,-0.02222029832427097
245,2013-10-01,0.024613302672622517
246,2013-10-02,-0.024407769158812265
247,2013-10-03,0.000612133605636167
248,2013-10-04,-0.016253204802522347
249,2013-10-07,-0.020962066583844585
250,2013-10-08,-0.013004347280889839
251,2013-10-09,0.0287664392596807
252,2013-10-10,0.010991665167952913
253,2013-10-11,0.013518579618870152
254,2013-10-14,-0.01599723012045029
255,2013-10-15,-0.018782873209794104
256,2013-10-16,0.008392513381879407
257,2013-10-17,-0.0014640666243419531
258,2013-10-18,0.008332677077774964
259,2013-10-21,0.019518979494931976
260,2013-10-22,0.005275992860855894
261,2013-10-23,-0.00020370298923078067
262,2013-10-24,0.007061278089968592
263,2013-10-25,-0.015190633340840698
264,2013-10-28,-0.001021165723580797
265,2013-10-29,-0.0010221247002899503
266,2013-10-30,0.009565490668603793
267,2013-10-31,-0.0004056546663204763
268,2013-11-01,-0.0371558992263048
269,2013-11-04,0.0010511946360471924
270,2013-11-05,-0.0021034299175104465
271,2013-11-06,-0.01399149404510025
272,2013-11-07,-0.03100551088957859
273,2013-11-08,0.004177012646183975
274,2013-11-11,0.0017526667268170648
275,2013-11-12,-0.02056984130962425
276,2013-11-13,0.0011169299378330777
277,2013-11-14,-0.0013394824523800253
278,2013-11-18,0.007791519031008942
279,2013-11-19,-0.008909970132779943
280,2013-11-21,-0.012157487981519388
281,2013-11-22,0.005647518718018052
282,2013-11-25,-0.0033846683901122
283,2013-11-26,-0.007257230329140274
284,2013-11-27,-0.0006851198833781602
285,2013-11-28,0.007942350212518434
286,2013-11-29,0.014804385725740943
287,2013-12-02,-0.03167035358816683
288,2013-12-03,-0.011789346242238263
289,2013-12-04,0.016834269594542928
290,2013-12-05,-0.005273914784608813
291,2013-12-06,0.019801762578814497
292,2013-12-09,0.007858549363833678
293,2013-12-10,-0.04388344486308915
294,2013-12-11,-0.01649076778009384
295,2013-12-12,-0.001901825854844219
296,2013-12-13,-0.00908301172380499
297,2013-12-16,0.02841080285049058
298,2013-12-17,-0.006087616646096805
299,2013-12-18,-0.010387510052663362
300,2013-12-19,0.020668228092969976
301,2013-12-20,0.021159312975617794
302,2013-12-23,-0.010064478941134158
303,2013-12-26,0.002984101865211475
304,2013-12-27,0.008217790416746862
305,2013-12-30,0.0031766130231178913
306,2014-01-02,0.0018109754239414855
307,2014-01-03,0.030958294418450993
308,2014-01-06,-0.0061598856243465505
309,2014-01-07,0.0061598856243465505
310,2014-01-08,0.009819460986617567
311,2014-01-09,-0.0032631977742281215
312,2014-01-10,0.010619205493149764
313,2014-01-13,-0.0069213127565248556
314,2014-01-14,0.006057689458990989
315,2014-01-15,0.011796121770963008
316,2014-01-16,0.009550763241579663
317,2014-01-17,-0.021776826677472716
318,2014-01-20,-0.0069325127208919035
319,2014-01-21,0.012528855206064726
320,2014-01-22,0.019341746060246745
321,2014-01-23,0.005250269613348291
322,2014-01-24,-0.021805623149433462
323,2014-01-27,-0.01770837554002025
324,2014-01-28,0.0021765802513309396
325,2014-01-29,-0.02866812727971313
326,2014-01-30,0.01773950040740102
327,2014-01-31,0.008098579676460549
328,2014-02-03,-0.02471997085067601
329,2014-02-04,-0.0031325313559209533
330,2014-02-05,0.00870453986233466
331,2014-02-06,-0.014325399007073525
332,2014-02-07,0.005395235504341844
333,2014-02-10,0.013363186947878969
334,2014-02-11,0.01645729944654617
335,2014-02-12,0.0
336,2014-02-13,-0.016234647518880152
337,2014-02-14,0.006393707294988449
338,2014-02-17,-0.015504461236382383
339,2014-02-18,-0.03336195782024598
340,2014-02-19,-0.008809567221325754
341,2014-02-20,-0.008183832947097791
342,2014-02-21,0.004684694565733949
343,2014-02-24,0.0
344,2014-02-25,-0.0136434911844181
345,2014-02-26,0.028716366702264295
346,2014-02-27,0.00710960646581027
347,2014-02-28,-0.017985465598729267
348,2014-03-05,0.01569722345429314
349,2014-03-06,0.012065385578988952
350,2014-03-07,0.013711038004726284
351,2014-03-10,-0.009645767923680104
352,2014-03-11,0.016318721942826464
353,2014-03-12,-0.021288375554816774
354,2014-03-13,-0.014603117534520038
355,2014-03-14,-0.005993603178190643
356,2014-03-17,0.003462796230810472
357,2014-03-18,0.02502925619303964
358,2014-03-19,0.004037006188046366
359,2014-03-20,0.02454072288212039
360,2014-03-21,0.003271022349432773
361,2014-03-24,0.00021673986520553967
362,2014-03-25,-0.005674425867455923
363,2014-03-26,0.010452092418812065
364,2014-03-27,0.016750921738151625
365,2014-03-28,0.01164624718368712
366,2014-03-31,0.011097509416276186
367,2014-04-01,-0.022529491168246096
368,2014-04-02,-0.002344655238190274
369,2014-04-03,-0.018093964276151286
370,2014-04-04,-0.005229463632764109
371,2014-04-07,0.003925229425880694
372,2014-04-08,0.001087686648420405
373,2014-04-09,0.0023880208510749235
374,2014-04-10,-0.01949002409016032
375,2014-04-11,0.01949002409016032
376,2014-04-14,-0.004128485637214574
377,2014-04-15,-0.00523971195076367
378,2014-04-16,0.0113193781999672
379,2014-04-17,0.005395295256127142
380,2014-04-22,-0.017373538020194257
381,2014-04-23,0.005245394588323293
382,2014-04-24,-0.005681862388703163
383,2014-04-25,0.0054625100362124535
384,2014-04-28,0.0010894590181580455
385,2014-04-29,-0.010064299937156296
386,2014-04-30,0.029683494763843132
387,2014-05-02,0.00977355160352733
388,2014-05-05,0.001899969542374258
389,2014-05-06,0.0016865238775567448
390,2014-05-07,-0.00824975855691168
391,2014-05-08,-0.010460538481693149
392,2014-05-09,-0.02587455371091041
393,2014-05-12,0.029302527625059582
394,2014-05-13,-0.004932293742843985
395,2014-05-14,0.01493555684418757
396,2014-05-15,-0.020757856105253047
397,2014-05-16,0.010967644609015892
398,2014-05-19,-0.006220889470908375
399,2014-05-20,-0.024616481016671354
400,2014-05-21,-0.006195319001172539
401,2014-05-22,0.009058421220800028
402,2014-05-23,-0.015292361595528714
403,2014-05-26,0.011325640138639681
404,2014-05-27,-0.0086485410807704
405,2014-05-28,0.020936351171368273
406,2014-05-29,-0.007661875521852046
407,2014-05-30,-0.01662139117421546
408,2014-06-02,0.009120958330644857
409,2014-06-03,0.0030944171915772145
410,2014-06-04,0.006601799060585112
411,2014-06-05,-0.004396307482662287
412,2014-06-06,-0.005964086502498578
413,2014-06-09,0.024944859818241127
414,2014-06-10,0.01416483322926565
415,2014-06-11,-0.017410176522682175
416,2014-06-13,-0.004782859327274291
417,2014-06-16,-0.005462461049672296
418,2014-06-17,-0.0010938021627171501
419,2014-06-18,0.016311845408005343
420,2014-06-20,-0.03736649002496062
421,2014-06-23,-0.018991691970764446
422,2014-06-24,0.009766061205323417
423,2014-06-25,0.002258254418593175
424,2014-06-26,0.013441021956249521
425,2014-06-27,-0.00759433057157155
426,2014-06-30,0.00893016350273168
427,2014-07-01,-0.004232823926554552
428,2014-07-02,0.0008933597557425621
429,2014-07-03,0.0013362001202077423
430,2014-07-04,0.001112883988248381
431,2014-07-07,-0.014111179207633828
432,2014-07-08,-0.004748224199532469
433,2014-07-10,-0.014152825601553065
434,2014-07-11,-0.008077465841415332
435,2014-07-14,0.022230291442968397
436,2014-07-15,-0.0006798392322147073
437,2014-07-16,0.011948376857297216
438,2014-07-17,0.013136921217252961
439,2014-07-18,-0.012465153913375104
440,2014-07-21,0.012465153913375104
441,2014-07-22,-0.0026587173627650174
442,2014-07-23,0.007071195420161214
443,2014-07-24,0.01290985610990436
444,2014-07-25,-0.008296088726405415
445,2014-07-28,0.004592555619842287
446,2014-07-29,-0.016498461664253394
447,2014-07-30,0.024541196233880402
448,2014-07-31,-0.018350884918989063
449,2014-08-01,0.0030830565836130752
450,2014-08-04,0.015916628680316958
451,2014-08-05,-0.06779023941869866
452,2014-08-06,0.000926639057670986
453,2014-08-07,-0.022214240004826635
454,2014-08-08,-0.0068806883953365094
455,2014-08-11,0.024226620212161265
456,2014-08-12,0.0016262306842986796
457,2014-08-13,-0.009325679464882608
458,2014-08-14,-0.015339670935595073
459,2014-08-15,0.01064646745373432
460,2014-08-18,-0.0075597199328765186
461,2014-08-19,0.00990783283898189
462,2014-08-20,0.019067243584295124
463,2014-08-21,0.0073421671527951204
464,2014-08-22,-0.01242320225042004
465,2014-08-25,0.021074444601057785
466,2014-08-26,-0.012315527996717979
467,2014-08-27,0.026940715948107652
468,2014-08-28,-0.01871353461180858
469,2014-08-29,0.08629052625999023
470,2014-09-01,-0.02966381535565521
471,2014-09-02,0.031749608933444584
472,2014-09-03,0.014067119280462226
473,2014-09-04,0.00634810604482805
474,2014-09-05,0.009344535382421082
475,2014-09-08,0.020418831932634607
476,2014-09-09,-0.024065713088477825
477,2014-09-10,0.011904445338775993
478,2014-09-11,0.0
479,2014-09-12,-0.004220568158720184
480,2014-09-15,0.013204827984295342
481,2014-09-16,0.011855467926128682
482,2014-09-17,0.0035296080225606374
483,2014-09-18,0.00410185474272895
484,2014-09-19,-0.007631462765289587
485,2014-09-22,-0.003934841921183541
486,2014-09-23,-0.010307460003556201
487,2014-09-24,-0.0033938248655145387
488,2014-09-25,0.0012002268892787882
489,2014-09-26,-0.003600914940134814
490,2014-09-29,-0.030316331232079552
491,2014-09-30,-0.0043472630984378036
492,2014-10-01,-0.02075335727068195
493,2014-10-02,0.015136701779314699
494,2014-10-03,0.01037742692589294
495,2014-10-06,0.00863470298796587
496,2014-10-07,-0.01173729032044779
497,2014-10-08,0.009483449368842933
498,2014-10-09,-0.0016426268755083129
499,2014-10-10,-0.01950655318885053
500,2014-10-13,0.010007546593472139
501,2014-10-14,0.015440748392104187
502,2014-10-15,0.0028573504667734895
503,2014-10-16,-0.019336222853338025
504,2014-10-17,0.009303969033798154
505,2014-10-20,-0.009717748621782096
506,2014-10-21,-0.008136157286802614
507,2014-10-22,-0.003989378662960341
508,2014-10-23,-0.02039398134171
509,2014-10-24,-0.0036566331675480512
510,2014-10-27,-0.005832655172143042
511,2014-10-28,0.015054397409777653
512,2014-10-29,-0.009221742237634611
513,2014-10-30,0.0081537788317112
514,2014-10-31,0.07351252938321728
515,2014-11-03,-0.00897555454942589
516,2014-11-04,0.008380096291688677
517,2014-11-05,-0.030047321493234413
518,2014-11-06,-0.007395074546429736
519,2014-11-07,0.01046151423962316
520,2014-11-10,-0.004909571739673435
521,2014-11-11,0.004091904620227016
522,2014-11-12,0.010969632429876253
523,2014-11-13,-0.0022242118683135637
524,2014-11-14,0.001213449679189793
525,2014-11-17,-0.003240568026673163
526,2014-11-18,0.009289998246207798
527,2014-11-19,0.033599529820311336
528,2014-11-21,0.014663228773979853
529,2014-11-24,-0.012721192287583616
530,2014-11-25,-0.011902893837906436
531,2014-11-26,0.0167416687046833
532,2014-11-27,0.002120837634242978
533,2014-11-28,0.008440775796353606
534,2014-12-01,-0.05820483450280545
535,2014-12-02,-0.015302214230982436
536,2014-12-03,-0.011164693856864805
537,2014-12-04,0.009518771943374027
538,2014-12-05,0.006977092278486197
539,2014-12-08,-0.019409888983705326
540,2014-12-09,-0.021070391273749323
541,2014-12-10,0.022529491168246096
542,2014-12-11,0.0004168866965357232
543,2014-12-12,-0.02742816825890948
544,2014-12-15,-0.011618677425270896
545,2014-12-16,-0.008258232359969142
546,2014-12-17,0.013006868892420087
547,2014-12-18,-0.007565804892557981
548,2014-12-19,0.01143532562986982
549,2014-12-22,0.011094701764763126
550,2014-12-23,0.011813182554271773
551,2014-12-26,-0.015425573769399126
552,2014-12-29,0.01772897948786545
553,2014-12-30,-0.017516880497836507
554,2015-01-02,-0.015230884578859794
555,2015-01-05,-0.011522333545095798
556,2015-01-06,-0.0006582572896998151
557,2015-01-07,0.01606429940690335
558,2015-01-08,0.006011705232607856
559,2015-01-09,-0.004076607431640067
560,2015-01-12,0.008985713784038118
561,2015-01-13,0.009750680790812094
562,2015-01-14,0.015487117212085177
563,2015-01-15,0.02157400981733204
564,2015-01-16,0.005472065765593559
565,2015-01-19,-0.014662027985803405
566,2015-01-20,0.038234233890210856
567,2015-01-21,0.033014344567734
568,2015-01-22,-0.0140427531006182
569,2015-01-23,-0.0021347586412079345
570,2015-01-26,-0.013879206793026011
571,2015-01-27,-0.003154231482792813
572,2015-01-28,-0.0023732930181439293
573,2015-01-29,0.012784237241777685
574,2015-01-30,-0.025734029990285734
575,2015-02-02,0.03989942834116533
576,2015-02-03,-0.0021213293287547508
577,2015-02-04,0.0023151609755327485
578,2015-02-05,0.017946161411896533
579,2015-02-06,-0.01314283434589214
580,2015-02-09,-0.0017260684160618212
581,2015-02-10,0.012974623113469974
582,2015-02-11,-0.03393519236920328
583,2015-02-12,0.016725399612396163
584,2015-02-13,0.025327471789041933
585,2015-02-18,0.013077192057519671
586,2015-02-19,0.004813962655678239
587,2015-02-20,-0.00853150227474675
588,2015-02-23,-0.010865034090656422
589,2015-02-24,0.0048845823179410885
590,2015-02-25,0.002060822294759568
591,2015-02-26,-0.006191464062973662
592,2015-02-27,-0.0045261917899650506
593,2015-03-02,-0.008544451147884047
594,2015-03-03,0.0003816636248932248
595,2015-03-04,-0.026455863837154592
596,2015-03-05,-0.003922296808281711
597,2015-03-06,-0.014046598752142092
598,2015-03-09,-0.022365060393698677
599,2015-03-10,-0.010651515439861203
600,2015-03-11,0.02280231351271933
601,2015-03-12,0.004419749404469986
602,2015-03-13,0.019841111668512657
603,2015-03-16,-0.007691661084224588
604,2015-03-17,0.04547524719346896
605,2015-03-18,0.011475017912121466
606,2015-03-19,-0.051225526494641294
607,2015-03-20,-0.02592390409963974
608,2015-03-23,-0.004047172769707785
609,2015-03-24,0.03291998113985217
610,2015-03-25,-0.0009819817972291922
611,2015-03-26,-0.05284652189698624
612,2015-03-27,-0.003942540480580625
613,2015-03-30,0.02261564859228038
614,2015-03-31,0.0058800949836443905
615,2015-04-01,-0.00040483589321249625
616,2015-04-02,0.02585467452866297
617,2015-04-06,-0.014619822260950155
618,2015-04-07,-0.028615481679949983
619,2015-04-08,0.013778745045599283
620,2015-04-09,-0.00231849616259705
621,2015-04-10,-0.011246760458186511
622,2015-04-13,0.004046390357591356
623,2015-04-14,-0.014342491389000234
624,2015-04-15,-0.0025907398190061492
625,2015-04-16,0.010108743142938081
626,2015-04-17,0.00852340544121244
627,2015-04-20,0.013697358814856564
628,2015-04-22,0.03131693979626471
629,2015-04-23,-0.02776523858016411
630,2015-04-24,-0.007326102963937764
631,2015-04-27,0.014598820734026408
632,2015-04-28,0.02555070063976883
633,2015-04-29,0.013032806023640209
634,2015-04-30,-0.010815266537981483
635,2015-05-04,-0.00768148114696432
636,2015-05-05,-0.023197119152058576
637,2015-05-06,-0.0037453434206629055
638,2015-05-07,-0.022771424585349198
639,2015-05-08,0.010817859120137108
640,2015-05-11,-0.008474669185064343
641,2015-05-12,-0.01586998814066165
642,2015-05-13,0.009894746354684347
643,2015-05-14,0.015504186206670934
644,2015-05-15,0.0006320236107151267
645,2015-05-18,-0.008035611181941071
646,2015-05-19,0.0067710799014353285
647,2015-05-20,-0.028664978670548624
648,2015-05-21,-0.014646714680553341
649,2015-05-22,-0.003529674963924201
650,2015-05-25,0.01098912157559484
651,2015-05-26,-0.04013914483721592
652,2015-05-27,0.00567216482377253
653,2015-05-28,-0.004307976329305241
654,2015-05-29,0.011297002715257687
655,2015-06-01,0.0031405140213012217
656,2015-06-02,0.005583487176297197
657,2015-06-03,0.004444362871096175
658,2015-06-05,-0.03773175561600306
659,2015-06-08,-0.021646370616359434
660,2015-06-09,-0.0016484167161379126
661,2015-06-10,
662,2015-06-11,
663,2015-06-12,0.0035575039640107775
664,2015-06-15,0.006136389183881263
665,2015-06-16,-0.00684693982703255
666,2015-06-17,0.013880943119926048
667,2015-06-18,0.019206930832262437
668,2015-06-19,-0.022014583621974726
669,2015-06-22,-0.006582017025830389
670,2015-06-23,-0.012578853260118983
671,2015-06-24,0.029881061633063588
672,2015-06-25,0.004856039309781401
673,2015-06-26,0.02618253208174659
674,2015-06-29,-0.038483906010657876
675,2015-06-30,0.012070712946676387
676,2015-07-01,0.02032729577202197
677,2015-07-02,0.007882080940654124
678,2015-07-03,-0.010145526879111966
679,2015-07-06,0.008798680465566644
680,2015-07-07,-0.00382586274758534
681,2015-07-08,-0.012935594406522366
682,2015-07-10,-0.017279545642328475
683,2015-07-13,0.002553094169758907
684,2015-07-14,0.007620450224404607
685,2015-07-15,0.0006898700895670018
686,2015-07-16,0.009153427544573045
687,2015-07-17,-0.014685991346385041
688,2015-07-20,-0.0046338591332002466
689,2015-07-21,-0.006056435936361293
690,2015-07-22,-0.0286783254684444
691,2015-07-23,-0.008936154032439525
692,2015-07-24,0.006528882826781324
693,2015-07-27,-0.004347856933275551
694,2015-07-28,0.00579287161818165
695,2015-07-29,0.05956223986725728
696,2015-07-30,0.0
697,2015-07-31,0.021313224755462823
698,2015-08-03,-0.02381058103128275
699,2015-08-04,-0.030466330496936145
700,2015-08-05,0.04086893412853154
701,2015-08-06,-0.021604046362462714
702,2015-08-07,-0.03034069335599021
703,2015-08-10,0.04833869577491878
704,2015-08-11,-0.002486742521595975
705,2015-08-12,-0.06523291639175532
706,2015-08-13,-0.019517550749409196
707,2015-08-14,0.00024628649579572226
708,2015-08-17,0.0017226533962326762
709,2015-08-18,0.027644898543361496
710,2015-08-19,-0.022005457337685996
711,2015-08-20,-0.022250657834574028
712,2015-08-21,-0.012325700310734433
713,2015-08-24,-0.030320822232289046
714,2015-08-25,-0.003921113273311239
715,2015-08-26,0.05006150015778488
716,2015-08-27,0.023391464439932008
717,2015-08-28,-0.011996765548716315
718,2015-08-31,-0.0051858125298847035
719,2015-09-01,-0.013459849768700405
720,2015-09-02,0.017906522170338945
721,2015-09-03,0.0007391401282461629
722,2015-09-04,-0.0076646933232917824
723,2015-09-08,0.00470470095589981
724,2015-09-09,-0.008185534773240022
725,2015-09-10,0.0012445302946266779
726,2015-09-11,-0.006739099425467021
727,2015-09-14,0.010463424074532046
728,2015-09-15,0.010600395474822388
729,2015-09-16,0.01629616508227194
730,2015-09-17,-0.0021736513286327863
731,2015-09-18,-0.025962810239382073
732,2015-09-21,
733,2015-09-22,
734,2015-09-23,-0.03970935670555731
735,2015-09-24,-0.016551311724797735
736,2015-09-25,-0.016009051061321333
737,2015-09-28,-0.011554516444336027
738,2015-09-29,0.02216541696389962
739,2015-09-30,-0.007606746915073348
740,2015-10-01,
741,2015-10-02,
742,2015-10-05,
743,2015-10-06,
744,2015-10-07,
745,2015-10-08,
746,2015-10-09,
747,2015-10-13,-0.021615539062059597
748,2015-10-14,
749,2015-10-15,
750,2015-10-16,
751,2015-10-19,
752,2015-10-20,-0.0008034820521585218
753,2015-10-21,
754,2015-10-22,
755,2015-10-23,0.004686288191078969
756,2015-10-26,0.04196424891223138
757,2015-10-27,
758,2015-10-28,
759,2015-10-29,-0.00025804619428138054
760,2015-10-30,0.03075598763849774
761,2015-11-03,0.04047142194672082
762,2015-11-04,-0.0021658053065083394
763,2015-11-05,-0.04963364197670872
764,2015-11-06,
765,2015-11-09,
766,2015-11-10,-0.006687216450302458
767,2015-11-11,0.01916991610772012
768,2015-11-12,-0.006094534001197527
769,2015-11-13,-0.03763249355500786
770,2015-11-16,0.0031687113499367925
771,2015-11-17,0.028844431458838304
772,2015-11-18,0.00025606351785434356
773,2015-11-19,0.0240366034364361
774,2015-11-23,-0.0012507568703639116
775,2015-11-24,-0.00753769872135468
776,2015-11-25,-0.03987676888300218
777,2015-11-26,0.01070366625303798
778,2015-11-27,-0.01570296636401025
779,2015-11-30,-0.024297016884018863
780,2015-12-01,0.005121968403805521
781,2015-12-02,-0.004851788689415493
782,2015-12-03,0.008609254144088752
783,2015-12-04,-0.02248508591425713
784,2015-12-07,0.004373981823112771
785,2015-12-08,-0.004922077205428366
786,2015-12-09,0.009820046180975872
787,2015-12-10,0.012409088453011918
788,2015-12-11,-0.008075387195893846
789,2015-12-14,0.0
790,2015-12-15,0.00619697524040097
791,2015-12-16,0.017836276974202647
792,2015-12-17,-0.003171329254496147
793,2015-12-18,-0.00397820442444452
794,2015-12-21,-0.03874248472385311
795,2015-12-22,0.015351096624486527
796,2015-12-23,0.017260514815899963
797,2015-12-28,-0.017532532237575005
798,2015-12-29,-0.00737406045271527
799,2015-12-30,-0.02021389606611379
800,2016-01-04,-0.007017572658646554
801,2016-01-05,0.0033745533060294264
802,2016-01-06,-0.020420363272429576
803,2016-01-07,-0.03143454304453552
804,2016-01-08,-0.019105058708135836
805,2016-01-11,0.0009037205149438066
806,2016-01-12,-0.0030156235157319244
807,2016-01-13,0.004820708268875151
808,2016-01-14,0.013731559043173025
809,2016-01-15,-0.026435965025741748
810,2016-01-18,-0.016884484778958875
811,2016-01-19,0.013530433761483884
812,2016-01-20,-0.0009168220517405956
813,2016-01-21,0.0036619814547886875
814,2016-01-22,0.03354609102639561
815,2016-01-26,-0.01633292359689298
816,2016-01-27,0.03240336417442169
817,2016-01-28,-0.01607044057752871
818,2016-01-29,0.023578359400004523
819,2016-02-01,-0.01041062034090423
820,2016-02-02,-0.025914346905003605
821,2016-02-03,0.020960176928211727
822,2016-02-04,0.036430243939276075
823,2016-02-05,0.002532003040731201
824,2016-02-10,-0.027055644696227787
825,2016-02-11,-0.02751118779396755
826,2016-02-12,0.0335552127858163
827,2016-02-15,-0.002873507806921083
828,2016-02-16,0.052688032079948766
829,2016-02-17,0.005987960270509962
830,2016-02-18,0.019084116602869905
831,2016-02-19,-0.015021768319905426
832,2016-02-22,0.02086192296010747
833,2016-02-23,-0.018162919899299634
834,2016-02-24,-0.03148780372156512
835,2016-02-25,0.014909193274424748
836,2016-02-26,0.010631120545468331
837,2016-02-29,0.03516611598717967
838,2016-03-01,0.02303113801432355
839,2016-03-02,0.0002557360355601723
840,2016-03-03,0.012959221039551494
841,2016-03-04,0.011047011665604067
842,2016-03-07,0.017327191141292442
843,2016-03-08,-0.0004909180265504354
844,2016-03-09,-0.0031969043137189956
845,2016-03-10,0.009804049357705846
846,2016-03-11,0.006079046076381989
847,2016-03-14,-0.009744340434287402
848,2016-03-15,0.0009787375742909
849,2016-03-16,0.043313433733088935
850,2016-03-17,0.029990690264478648
851,2016-03-18,0.008373908934806273
852,2016-03-21,0.019418152603516425
853,2016-03-22,0.007487372239847634
854,2016-03-23,-0.028935982439554753
855,2016-03-24,-0.00861871961766525
856,2016-03-28,0.027854383596876975
857,2016-03-29,0.021911481836350166
858,2016-03-30,0.009920267140705707
859,2016-03-31,0.0015010188944972747
860,2016-04-01,-0.043351776538651965
861,2016-04-04,-0.0387821635383534
862,2016-04-05,-0.010757891277908715
863,2016-04-06,-0.018989391149266233
864,2016-04-07,0.01592811480426093
865,2016-04-08,0.014051706285840293
866,2016-04-11,-0.021865218091132732
867,2016-04-12,0.028586786951482424
868,2016-04-13,-0.019594748239430082
869,2016-04-14,0.02993612465887585
870,2016-04-15,0.016551766036316806
871,2016-04-18,-0.010852446184169029
872,2016-04-19,-0.010512048233962457
873,2016-04-20,-0.009927381885554531
874,2016-04-22,-0.0020903504111586813
875,2016-04-25,-0.026863044147226844
876,2016-04-26,0.014934519782768163
877,2016-04-27,0.011696039763191113
878,2016-04-28,-0.01381593220706323
879,2016-04-29,-0.001179639146116962
880,2016-05-02,0.015925394747347443
881,2016-05-03,-0.0095716848529519
882,2016-05-04,0.003044785149380669
883,2016-05-05,-0.011762074522325694
884,2016-05-06,0.008951791543598375
885,2016-05-09,-0.015123138122062674
886,2016-05-10,0.020969056929962093
887,2016-05-11,-0.0021005959900657345
888,2016-05-12,0.0021005959900657345
889,2016-05-13,-0.00608042097855277
890,2016-05-16,-0.003054178304406463
891,2016-05-17,-0.008269344032922898
892,2016-05-18,-0.01457788937629978
893,2016-05-19,-0.012840951885774832
894,2016-05-20,0.005592817009989481
895,2016-05-23,0.007729482647260699
896,2016-05-24,0.010531427990744469
897,2016-05-25,-0.009569499093075251
898,2016-05-27,-0.0024066919536407383
899,2016-05-30,-0.0024124980962061393
900,2016-05-31,0.01176618194645096
901,2016-06-01,-0.006946991896604082
902,2016-06-02,0.0
903,2016-06-03,0.008616640505581863
904,2016-06-06,0.0011908778777018902
905,2016-06-07,0.012537195705801363
906,2016-06-08,-0.0009407573490070043
907,2016-06-09,-0.007083831191723178
908,2016-06-10,-0.017932339031891953
909,2016-06-13,0.018879781039733867
910,2016-06-14,-0.03517594612200581
911,2016-06-15,-0.005655984723975216
912,2016-06-16,-0.004696535638093913
913,2016-06-17,-0.0027292163978427375
914,2016-06-20,0.02381359585780851
915,2016-06-21,0.01373350066661283
916,2016-06-22,-0.010342846010870321
917,2016-06-23,0.020816614567728653
918,2016-06-24,-0.022268393191940294
919,2016-06-27,-0.006558993672227675
920,2016-06-28,0.03024719304896495
921,2016-06-29,0.03279744985419031
922,2016-06-30,0.006841508933421725
923,2016-07-01,-0.0022752682790496692
924,2016-07-04,0.0022752682790496692
925,2016-07-05,0.007697570269904475
926,2016-07-06,-0.007016007132290891
927,2016-07-07,0.027331473090060676
928,2016-07-08,0.018610236472718533
929,2016-07-11,0.023157167360875253
930,2016-07-12,-0.012584148150823538
931,2016-07-13,0.011523836324841774
932,2016-07-14,0.0014841516244028519
933,2016-07-15,-0.010221553853869025
934,2016-07-18,0.0027786060709149574
935,2016-07-19,-0.01072971713307913
936,2016-07-20,0.0010782534737399097
937,2016-07-21,0.012848099374401567
938,2016-07-22,0.01268511751050827
939,2016-07-25,-0.00949866772328578
940,2016-07-26,-0.007664525247068177
941,2016-07-27,0.02448929593429172
942,2016-07-28,0.021661475926121998
943,2016-07-29,0.0046828956594828774
944,2016-08-01,0.0034472709095965115
945,2016-08-02,-0.01570981970057339
946,2016-08-03,-0.007016124385460731
947,2016-08-04,-0.008526619018352388
948,2016-08-05,-0.023028375325106598
949,2016-08-08,-0.009016849412510908
950,2016-08-09,-0.007793956139136693
951,2016-08-10,-0.0067604009165682655
952,2016-08-11,0.006543076707098194
953,2016-08-12,-0.0023941898735930778
954,2016-08-15,0.02517619793318282
955,2016-08-16,-0.0006377298547519672
956,2016-08-17,0.007203421131320109
957,2016-08-18,0.023574702118184465
958,2016-08-19,-0.001031438966827558
959,2016-08-22,-0.01917128939003554
960,2016-08-23,0.01254463450550558
961,2016-08-24,-0.003955495945249243
962,2016-08-25,0.01367328160735326
963,2016-08-26,0.0016447783651423187
964,2016-08-29,0.0014369293245297676
965,2016-08-30,-0.0030817076896720863
966,2016-08-31,0.0018501599023270643
967,2016-09-01,0.006346648454115478
968,2016-09-02,0.014184655112680744
969,2016-09-05,0.0010055103812947053
970,2016-09-06,0.00980109836425802
971,2016-09-08,-0.012417603858369208
972,2016-09-09,-0.052758102697439746
973,2016-09-12,0.005085855367185754
974,2016-09-13,-0.015121212567092535
975,2016-09-14,-0.009703493927339046
976,2016-09-15,0.027147034175156293
977,2016-09-16,-0.024982574502527388
978,2016-09-19,0.017149380818969107
979,2016-09-20,0.008465701353348898
980,2016-09-21,-0.0048589932959179905
981,2016-09-22,0.01867252366222738
982,2016-09-23,-0.006882955528657586
983,2016-09-26,-0.012213207190453712
984,2016-09-27,0.013886189596552079
985,2016-09-28,0.0029209075333889167
986,2016-09-29,-0.012578740012768375
987,2016-09-30,-0.00953904394159677
988,2016-10-03,-0.0042689712188299644
989,2016-10-04,-0.002784643577106838
990,2016-10-05,0.00811798955246923
991,2016-10-06,-0.002769811111053233
992,2016-10-07,-0.0006402518694885728
993,2016-10-10,-0.07168043424608861
994,2016-10-11,0.00662937643248096
995,2016-10-13,0.002503153002352043
996,2016-10-14,-0.012578759191900435
997,2016-10-17,0.002987500682723354
998,2016-10-18,0.02089081376311075
999,2016-10-19,-0.0020245198681840826
1000,2016-10-20,-0.010184562516542872
1001,2016-10-21,-0.004788493983844511
1002,2016-10-24,-0.008032125614315877
1003,2016-10-25,-0.002999932952513884
1004,2016-10-26,0.034748562862717325
1005,2016-10-27,0.008888991862568307
1006,2016-10-28,0.0033130234976321837
1007,2016-10-31,0.018136671466638
1008,2016-11-01,-0.024773842069560903
1009,2016-11-03,-0.006681517135923798
1010,2016-11-04,0.0020091534830948277
1011,2016-11-07,0.03031202827793056
1012,2016-11-08,-0.0019491072342940896
1013,2016-11-09,-0.01199445155116452
1014,2016-11-10,-0.0386943944882745
1015,2016-11-11,-0.03127059727778558
1016,2016-11-14,0.011463501100264839
1017,2016-11-16,0.03676623715233207
1018,2016-11-17,-0.01764348001564775
1019,2016-11-18,-0.008709681561898552
1020,2016-11-21,0.00962211318413786
1021,2016-11-22,-0.00022809258140288335
1022,2016-11-23,-0.0036554531333452545
1023,2016-11-24,-0.004128469308668503
1024,2016-11-25,0.004814935415021537
1025,2016-11-28,0.01137151186233698
1026,2016-11-29,-0.005897091256033882
1027,2016-11-30,0.02693163249399344
1028,2016-12-01,-0.0689770073840128
1029,2016-12-02,0.0002371723356584532
1030,2016-12-05,0.0009483405055412675
1031,2016-12-06,0.03286626004654725
1032,2016-12-07,0.012985693206775561
1033,2016-12-08,-0.004082564073709882
1034,2016-12-09,-0.011198883152117922
1035,2016-12-12,-0.014585210682701355
1036,2016-12-13,-0.01645936503281309
1037,2016-12-14,-0.005944613867957305
1038,2016-12-15,0.02053651804059342
1039,2016-12-16,0.004662036470297615
1040,2016-12-19,-0.009345909366595517
1041,2016-12-20,0.010508001317969029
1042,2016-12-21,0.012924297140259444
1043,2016-12-22,-0.014086389091632956
1044,2016-12-23,-0.006064819007990163
1045,2016-12-26,0.005832280345063889
1046,2016-12-27,0.0002325386629262738
1047,2016-12-28,0.008106541396885714
1048,2016-12-29,0.016699553126260813
1049,2017-01-02,0.0
1050,2017-01-03,0.010156886660130926
1051,2017-01-04,-0.004050433217081206
1052,2017-01-05,-0.017055559176330615
1053,2017-01-06,0.0025197815137349977
1054,2017-01-09,0.0018286176524076048
1055,2017-01-10,0.019448848465769775
1056,2017-01-11,0.00803029075492967
1057,2017-01-12,0.012145517657789373
1058,2017-01-13,-0.007711881340546345
1059,2017-01-16,0.00022120977641915118
1060,2017-01-17,0.018622489983893598
1061,2017-01-18,-0.015751846488114563
1062,2017-01-19,0.0008816619773783785
1063,2017-01-20,-0.0024263826269681488
1064,2017-01-23,0.01968139211622777
1065,2017-01-24,0.0034587150778810916
1066,2017-01-26,-0.007364122515135296
1067,2017-01-27,0.007364122515135296
1068,2017-01-30,-0.006712182900042496
1069,2017-01-31,0.013808181003453601
1070,2017-02-01,0.01952113802537747
1071,2017-02-02,-0.005689616022833022
1072,2017-02-03,0.005269271334004344
1073,2017-02-06,0.0
1074,2017-02-07,-0.003580039549067493
1075,2017-02-08,0.012578740012768375
1076,2017-02-09,-0.005221943981152055
1077,2017-02-10,-0.003146347706172392
1078,2017-02-13,-0.002103008179971333
1079,2017-02-14,-0.011646484087069364
1080,2017-02-15,0.007004124993724048
1081,2017-02-16,-0.01234316585912243
1082,2017-02-17,-0.0021436878749834243
1083,2017-02-20,0.004282683342935467
1084,2017-02-21,-0.011821717597645609
1085,2017-02-22,0.017786860914524638
1086,2017-02-23,-0.01239601227964826
1087,2017-02-24,-0.012769354332179628
1088,2017-03-01,-0.0015258858546465248
1089,2017-03-02,-0.009644923306319608
1090,2017-03-03,0.017251153692641186
1091,2017-03-06,-0.0015166290745152189
1092,2017-03-07,-0.008273441398252146
1093,2017-03-08,-0.01231872128018141
1094,2017-03-09,0.005297981604088786
1095,2017-03-10,-0.007070290481212105
1096,2017-03-13,0.006629946937430908
1097,2017-03-14,-0.0013225040207816008
1098,2017-03-15,0.010312784648562445
1099,2017-03-16,0.017312702111327294
1100,2017-03-17,-0.019060594169308942
1101,2017-03-20,0.01476041558312069
1102,2017-03-21,-0.004102326771194598
1103,2017-03-22,-0.001082433281165418
1104,2017-03-23,0.0017312707577095132
1105,2017-03-24,0.005390848634876377
1106,2017-03-27,-0.0036625699961811975
1107,2017-03-28,0.001078610791273693
1108,2017-03-29,
1109,2017-03-30,
1110,2017-03-31,-0.0023501986851157675
1111,2017-04-03,-0.0012842681697131653
1112,2017-04-04,-0.019464239057149335
1113,2017-04-05,0.0028349599494696953
1114,2017-04-06,-0.00392747613726474
1115,2017-04-07,-0.005260906363133699
1116,2017-04-10,-0.001759833312958925
1117,2017-04-11,0.007239299077584249
1118,2017-04-12,0.0024015075137229225
1119,2017-04-13,-0.015602975075470926
1120,2017-04-17,0.02233986904094243
1121,2017-04-18,0.009270305012419655
1122,2017-04-19,0.005350467781851886
1123,2017-04-20,0.00765474738124583
1124,2017-04-24,-0.012361581110591047
1125,2017-04-25,0.029789885762118384
1126,2017-04-26,0.002494782972796372
1127,2017-04-27,-0.029500707168298668
1128,2017-04-28,0.011270783969636877
1129,2017-05-02,0.017398992523194323
1130,2017-05-03,-0.023975891094331292
1131,2017-05-04,-0.019994238244978035
1132,2017-05-05,0.018716240173739074
1133,2017-05-08,0.0017036205505305269
1134,2017-05-09,0.0021253568494676855
1135,2017-05-10,0.021217117937535335
1136,2017-05-11,-0.011708308536156675
1137,2017-05-12,0.01936957380015425
1138,2017-05-15,-0.014962914552760331
1139,2017-05-16,0.0075094431167994635
1140,2017-05-17,-0.020363818827817237
1141,2017-05-18,-0.04778326833271063
1142,2017-05-19,0.02156771517313194
1143,2017-05-22,-0.011166005693756365
1144,2017-05-23,0.0024189347392038485
1145,2017-05-24,-0.0050644169692168894
1146,2017-05-25,0.012068144668038627
1147,2017-05-26,0.015151827158827125
1148,2017-05-29,0.0
1149,2017-05-30,-0.00021480287976016754
1150,2017-05-31,0.0055710021950412525
1151,2017-06-01,0.005327663221323498
1152,2017-06-02,0.0033948685988387517
1153,2017-06-05,-0.007227922777236717
1154,2017-06-06,-0.004919269997591957
1155,2017-06-07,0.0076890811086451905
1156,2017-06-08,-0.002983147290246624
1157,2017-06-09,-0.02178929933784035
1158,2017-06-12,0.0028313642530641836
1159,2017-06-13,0.006719457311081367
1160,2017-06-14,-0.0008645126876829501
1161,2017-06-15,0.0
1162,2017-06-16,-0.005420067469338985
1163,2017-06-19,0.0021715101295587402
1164,2017-06-20,-0.009152341270898923
1165,2017-06-21,-0.007470920268371817
1166,2017-06-22,0.0004410363859688182
1167,2017-06-23,0.003301356616812079
1168,2017-06-26,0.004166281699832908
1169,2017-06-27,-0.01588037325082725
1170,2017-06-28,0.0033292894659493477
1171,2017-06-29,-0.004886748897472426
1172,2017-06-30,-0.00022264780800895778
1173,2017-07-03,0.008869171122295239
1174,2017-07-04,0.0011031220457784485
1175,2017-07-05,0.0013222126501482023
1176,2017-07-06,-0.02452193733019259
1177,2017-07-07,-0.0036174354295854805
1178,2017-07-10,0.019069517420238213
1179,2017-07-11,-0.00022220246291659862
1180,2017-07-12,0.0026636862809352735
1181,2017-07-13,0.009487109005972716
1182,2017-07-14,-0.0032992881572213584
1183,2017-07-17,0.002420531519815139
1184,2017-07-18,0.006571743329172985
1185,2017-07-19,-0.013186960323998687
1186,2017-07-20,0.001326487054181591
1187,2017-07-21,0.0068260092595306965
1188,2017-07-24,0.004597687405029305
1189,2017-07-25,0.009132527051893824
1190,2017-07-26,-0.002166913114060698
1191,2017-07-27,0.011002225220619
1192,2017-07-28,0.009395712938130352
1193,2017-07-31,-0.007252591672078701
1194,2017-08-01,0.0055508682237643825
1195,2017-08-02,0.0038249301681920755
1196,2017-08-03,0.003176222858956912
1197,2017-08-04,0.004008930318921244
1198,2017-08-07,0.008596341495362925
1199,2017-08-08,0.0025020446225854087
1200,2017-08-09,0.0008326603225392581
1201,2017-08-10,-0.0041701477411444365
1202,2017-08-11,0.0
1203,2017-08-14,0.001670104772328429
1204,2017-08-15,-0.0002085949752905769
1205,2017-08-16,-0.004810194312883986
1206,2017-08-17,-0.007787032684003492
1207,2017-08-18,-0.0021151022666270336
1208,2017-08-21,0.011787149606920622
1209,2017-08-22,0.010200942001874047
1210,2017-08-23,-0.0018658656157723996
1211,2017-08-24,0.007648657443275475
1212,2017-08-25,0.003699921886794577
1213,2017-08-28,0.00715525883884327
1214,2017-08-29,0.002847845700148177
1215,2017-08-30,-0.00020312849025527768
1216,2017-08-31,-0.00775041603735005
1217,2017-09-01,0.0
1218,2017-09-04,0.004698200859308166
1219,2017-09-05,-0.001427551991185716
1220,2017-09-06,-0.004910034514783668
1221,2017-09-07,0.0
1222,2017-09-08,0.006948730471433517
1223,2017-09-11,0.019163491713932945
1224,2017-09-12,0.009544713732383858
1225,2017-09-13,0.014148418504924543
1226,2017-09-14,-0.006263477122004257
1227,2017-09-15,0.018866687810974447
1228,2017-09-18,0.00038520516754481093
1229,2017-09-19,0.012631823463978176
1230,2017-09-20,-0.002666217512924618
1231,2017-09-21,-0.008425921244658685
1232,2017-09-22,-0.013552985897881342
1233,2017-09-25,-0.0033193040336492174
1234,2017-09-26,-0.0015659036278612426
1235,2017-09-27,-0.016989741279481496
1236,2017-09-28,0.0011947631966306993
1237,2017-09-29,0.004368573226736672
1238,2017-10-02,-0.005164930035658877
1239,2017-10-03,0.021866349617173153
1240,2017-10-04,-0.0015600236868968942
1241,2017-10-05,-0.000585710113516491
1242,2017-10-06,-0.005286356026650285
1243,2017-10-09,0.004700380811270666
1244,2017-10-10,0.013006065371086617
1245,2017-10-11,-0.004833262374903224
1246,2017-10-12,0.0
1247,2017-10-13,-0.011696001003500545
1248,2017-10-16,0.0
1249,2017-10-17,-0.0013734918278123232
1250,2017-10-18,0.005482665050509095
1251,2017-10-19,-0.005090026651203505
1252,2017-10-20,0.012289259932098062
1253,2017-10-23,-0.014844061335899106
1254,2017-10-24,0.004123697587545827
1255,2017-10-25,-0.005896223900965225
1256,2017-10-26,0.018553407895747664
1257,2017-10-27,-0.004266072053317416
1258,2017-10-30,-0.01823758790743568
1259,2017-10-31,-0.0005938632322788351
1260,,
